-- Church Facility Manager DB Snapshot
-- Generated: 2026-04-04 00:36:07
-- Source: DESKTOP-57SPTNP

SET FOREIGN_KEY_CHECKS = 0;

DROP TABLE IF EXISTS `buildings`;
CREATE TABLE `buildings` (
  `id` int(11) NOT NULL AUTO_INCREMENT,
  `name` varchar(100) NOT NULL,
  `description` text DEFAULT NULL,
  `created_at` timestamp NOT NULL DEFAULT current_timestamp(),
  PRIMARY KEY (`id`)
) ENGINE=InnoDB AUTO_INCREMENT=6 DEFAULT CHARSET=utf8mb4 COLLATE=utf8mb4_unicode_ci;

INSERT INTO `buildings` (`id`, `name`, `description`, `created_at`) VALUES ('1', 'North Building', '', '2026-03-25 20:32:22');
INSERT INTO `buildings` (`id`, `name`, `description`, `created_at`) VALUES ('5', 'South Building', NULL, '2026-03-31 11:28:47');

DROP TABLE IF EXISTS `cleaning_schedule_rooms`;
CREATE TABLE `cleaning_schedule_rooms` (
  `id` int(11) NOT NULL AUTO_INCREMENT,
  `schedule_id` int(11) NOT NULL,
  `room_id` int(11) NOT NULL,
  PRIMARY KEY (`id`),
  UNIQUE KEY `uq_schedule_room` (`schedule_id`,`room_id`),
  KEY `room_id` (`room_id`),
  CONSTRAINT `cleaning_schedule_rooms_ibfk_1` FOREIGN KEY (`schedule_id`) REFERENCES `cleaning_schedules` (`id`) ON DELETE CASCADE,
  CONSTRAINT `cleaning_schedule_rooms_ibfk_2` FOREIGN KEY (`room_id`) REFERENCES `rooms` (`id`) ON DELETE CASCADE
) ENGINE=InnoDB AUTO_INCREMENT=11 DEFAULT CHARSET=utf8mb4 COLLATE=utf8mb4_general_ci;

INSERT INTO `cleaning_schedule_rooms` (`id`, `schedule_id`, `room_id`) VALUES ('10', '1', '59');
INSERT INTO `cleaning_schedule_rooms` (`id`, `schedule_id`, `room_id`) VALUES ('2', '2', '60');
INSERT INTO `cleaning_schedule_rooms` (`id`, `schedule_id`, `room_id`) VALUES ('3', '3', '71');
INSERT INTO `cleaning_schedule_rooms` (`id`, `schedule_id`, `room_id`) VALUES ('4', '4', '72');
INSERT INTO `cleaning_schedule_rooms` (`id`, `schedule_id`, `room_id`) VALUES ('5', '5', '128');
INSERT INTO `cleaning_schedule_rooms` (`id`, `schedule_id`, `room_id`) VALUES ('6', '6', '135');

DROP TABLE IF EXISTS `cleaning_schedule_task_groups`;
CREATE TABLE `cleaning_schedule_task_groups` (
  `id` int(11) NOT NULL AUTO_INCREMENT,
  `schedule_id` int(11) NOT NULL,
  `task_group_id` int(11) NOT NULL,
  PRIMARY KEY (`id`),
  UNIQUE KEY `uq_schedule_tg` (`schedule_id`,`task_group_id`),
  KEY `task_group_id` (`task_group_id`),
  CONSTRAINT `cleaning_schedule_task_groups_ibfk_1` FOREIGN KEY (`schedule_id`) REFERENCES `cleaning_schedules` (`id`) ON DELETE CASCADE,
  CONSTRAINT `cleaning_schedule_task_groups_ibfk_2` FOREIGN KEY (`task_group_id`) REFERENCES `task_groups` (`id`) ON DELETE CASCADE
) ENGINE=InnoDB AUTO_INCREMENT=11 DEFAULT CHARSET=utf8mb4 COLLATE=utf8mb4_general_ci;

INSERT INTO `cleaning_schedule_task_groups` (`id`, `schedule_id`, `task_group_id`) VALUES ('10', '1', '1');
INSERT INTO `cleaning_schedule_task_groups` (`id`, `schedule_id`, `task_group_id`) VALUES ('2', '2', '1');
INSERT INTO `cleaning_schedule_task_groups` (`id`, `schedule_id`, `task_group_id`) VALUES ('3', '3', '1');
INSERT INTO `cleaning_schedule_task_groups` (`id`, `schedule_id`, `task_group_id`) VALUES ('4', '4', '1');
INSERT INTO `cleaning_schedule_task_groups` (`id`, `schedule_id`, `task_group_id`) VALUES ('5', '5', '1');
INSERT INTO `cleaning_schedule_task_groups` (`id`, `schedule_id`, `task_group_id`) VALUES ('6', '6', '1');

DROP TABLE IF EXISTS `cleaning_schedule_tasks`;
CREATE TABLE `cleaning_schedule_tasks` (
  `id` int(11) NOT NULL AUTO_INCREMENT,
  `schedule_id` int(11) NOT NULL,
  `task_id` int(11) NOT NULL,
  PRIMARY KEY (`id`),
  UNIQUE KEY `uniq_sched_task` (`schedule_id`,`task_id`),
  KEY `task_id` (`task_id`),
  CONSTRAINT `cleaning_schedule_tasks_ibfk_1` FOREIGN KEY (`schedule_id`) REFERENCES `cleaning_schedules` (`id`) ON DELETE CASCADE,
  CONSTRAINT `cleaning_schedule_tasks_ibfk_2` FOREIGN KEY (`task_id`) REFERENCES `tasks` (`id`) ON DELETE CASCADE
) ENGINE=InnoDB DEFAULT CHARSET=utf8mb4 COLLATE=utf8mb4_general_ci;

DROP TABLE IF EXISTS `cleaning_schedules`;
CREATE TABLE `cleaning_schedules` (
  `id` int(11) NOT NULL AUTO_INCREMENT,
  `name` varchar(255) NOT NULL,
  `frequency` enum('daily','weekdays','specific_days','weekly','biweekly','monthly','yearly') NOT NULL DEFAULT 'weekly',
  `frequency_config` longtext CHARACTER SET utf8mb4 COLLATE utf8mb4_bin DEFAULT NULL COMMENT 'e.g. {"days":[1,3,5]} for specific weekdays, {"day_of_month":15}, {"month":3,"day":1}' CHECK (json_valid(`frequency_config`)),
  `assign_to_type` enum('user','role') NOT NULL DEFAULT 'user',
  `assign_to_user_id` int(11) DEFAULT NULL,
  `assign_to_role` varchar(50) DEFAULT NULL COMMENT 'e.g. custodial',
  `deadline_time` time DEFAULT NULL COMMENT 'optional deadline time of day',
  `is_active` tinyint(1) NOT NULL DEFAULT 1,
  `created_by` int(11) DEFAULT NULL,
  `created_at` timestamp NOT NULL DEFAULT current_timestamp(),
  `updated_at` timestamp NOT NULL DEFAULT current_timestamp() ON UPDATE current_timestamp(),
  PRIMARY KEY (`id`),
  KEY `assign_to_user_id` (`assign_to_user_id`),
  KEY `created_by` (`created_by`),
  CONSTRAINT `cleaning_schedules_ibfk_1` FOREIGN KEY (`assign_to_user_id`) REFERENCES `users` (`id`) ON DELETE SET NULL,
  CONSTRAINT `cleaning_schedules_ibfk_2` FOREIGN KEY (`created_by`) REFERENCES `users` (`id`) ON DELETE SET NULL
) ENGINE=InnoDB AUTO_INCREMENT=7 DEFAULT CHARSET=utf8mb4 COLLATE=utf8mb4_general_ci;

INSERT INTO `cleaning_schedules` (`id`, `name`, `frequency`, `frequency_config`, `assign_to_type`, `assign_to_user_id`, `assign_to_role`, `deadline_time`, `is_active`, `created_by`, `created_at`, `updated_at`) VALUES ('1', 'Restroom Deep Clean', 'specific_days', '{\"days\":[1,5]}', 'user', '16', NULL, NULL, '1', '16', '2026-04-03 15:09:54', '2026-04-03 15:12:44');
INSERT INTO `cleaning_schedules` (`id`, `name`, `frequency`, `frequency_config`, `assign_to_type`, `assign_to_user_id`, `assign_to_role`, `deadline_time`, `is_active`, `created_by`, `created_at`, `updated_at`) VALUES ('2', 'Restroom Deep Clean', 'specific_days', '{\"days\":[1,5]}', 'role', NULL, 'custodial', NULL, '1', '16', '2026-04-03 15:09:54', '2026-04-03 15:09:54');
INSERT INTO `cleaning_schedules` (`id`, `name`, `frequency`, `frequency_config`, `assign_to_type`, `assign_to_user_id`, `assign_to_role`, `deadline_time`, `is_active`, `created_by`, `created_at`, `updated_at`) VALUES ('3', 'Restroom Deep Clean', 'specific_days', '{\"days\":[1,5]}', 'role', NULL, 'custodial', NULL, '1', '16', '2026-04-03 15:09:54', '2026-04-03 15:09:54');
INSERT INTO `cleaning_schedules` (`id`, `name`, `frequency`, `frequency_config`, `assign_to_type`, `assign_to_user_id`, `assign_to_role`, `deadline_time`, `is_active`, `created_by`, `created_at`, `updated_at`) VALUES ('4', 'Restroom Deep Clean', 'specific_days', '{\"days\":[1,5]}', 'role', NULL, 'custodial', NULL, '1', '16', '2026-04-03 15:09:54', '2026-04-03 15:09:54');
INSERT INTO `cleaning_schedules` (`id`, `name`, `frequency`, `frequency_config`, `assign_to_type`, `assign_to_user_id`, `assign_to_role`, `deadline_time`, `is_active`, `created_by`, `created_at`, `updated_at`) VALUES ('5', 'Restroom Deep Clean', 'specific_days', '{\"days\":[1,5]}', 'role', NULL, 'custodial', NULL, '1', '16', '2026-04-03 15:09:54', '2026-04-03 15:09:54');
INSERT INTO `cleaning_schedules` (`id`, `name`, `frequency`, `frequency_config`, `assign_to_type`, `assign_to_user_id`, `assign_to_role`, `deadline_time`, `is_active`, `created_by`, `created_at`, `updated_at`) VALUES ('6', 'Restroom Deep Clean', 'specific_days', '{\"days\":[1,5]}', 'role', NULL, 'custodial', NULL, '1', '16', '2026-04-03 15:09:54', '2026-04-03 15:09:54');

DROP TABLE IF EXISTS `equipment`;
CREATE TABLE `equipment` (
  `id` int(11) NOT NULL AUTO_INCREMENT,
  `name` varchar(255) NOT NULL,
  `created_at` timestamp NOT NULL DEFAULT current_timestamp(),
  PRIMARY KEY (`id`),
  UNIQUE KEY `unique_name` (`name`)
) ENGINE=InnoDB DEFAULT CHARSET=utf8mb4 COLLATE=utf8mb4_unicode_ci;

DROP TABLE IF EXISTS `equipment_catalog`;
CREATE TABLE `equipment_catalog` (
  `id` int(11) NOT NULL AUTO_INCREMENT,
  `name` varchar(100) NOT NULL,
  `description` varchar(255) DEFAULT NULL,
  `category` enum('furniture','av_tech','kitchen','other') NOT NULL DEFAULT 'other',
  `created_at` timestamp NOT NULL DEFAULT current_timestamp(),
  `total_quantity` int(11) NOT NULL DEFAULT 0,
  PRIMARY KEY (`id`)
) ENGINE=InnoDB DEFAULT CHARSET=utf8mb4 COLLATE=utf8mb4_unicode_ci;

DROP TABLE IF EXISTS `floors`;
CREATE TABLE `floors` (
  `id` int(11) NOT NULL AUTO_INCREMENT,
  `building_id` int(11) NOT NULL,
  `name` varchar(50) NOT NULL,
  `floor_order` int(11) NOT NULL DEFAULT 1,
  `created_at` timestamp NOT NULL DEFAULT current_timestamp(),
  PRIMARY KEY (`id`),
  KEY `building_id` (`building_id`),
  CONSTRAINT `floors_ibfk_1` FOREIGN KEY (`building_id`) REFERENCES `buildings` (`id`) ON DELETE CASCADE
) ENGINE=InnoDB AUTO_INCREMENT=9 DEFAULT CHARSET=utf8mb4 COLLATE=utf8mb4_unicode_ci;

INSERT INTO `floors` (`id`, `building_id`, `name`, `floor_order`, `created_at`) VALUES ('1', '1', 'First Floor', '1', '2026-03-25 20:32:45');
INSERT INTO `floors` (`id`, `building_id`, `name`, `floor_order`, `created_at`) VALUES ('2', '1', 'Second Floor', '2', '2026-03-25 20:33:01');
INSERT INTO `floors` (`id`, `building_id`, `name`, `floor_order`, `created_at`) VALUES ('7', '5', 'First Floor', '1', '2026-03-31 11:29:08');
INSERT INTO `floors` (`id`, `building_id`, `name`, `floor_order`, `created_at`) VALUES ('8', '5', 'Second Floor', '2', '2026-03-31 12:21:45');

DROP TABLE IF EXISTS `janitor_task_assignments`;
CREATE TABLE `janitor_task_assignments` (
  `id` int(11) NOT NULL AUTO_INCREMENT,
  `task_group_id` int(11) DEFAULT NULL,
  `task_id` int(11) DEFAULT NULL,
  `room_id` int(11) NOT NULL,
  `assigned_date` date NOT NULL,
  `deadline` datetime DEFAULT NULL,
  `reservation_id` int(11) DEFAULT NULL COMMENT 'if auto-triggered from a reservation',
  `assigned_to` int(11) DEFAULT NULL COMMENT 'user id of janitor',
  `status` enum('pending','in_progress','completed') NOT NULL DEFAULT 'pending',
  `completed_at` datetime DEFAULT NULL,
  `created_at` timestamp NOT NULL DEFAULT current_timestamp(),
  `schedule_id` int(11) DEFAULT NULL,
  PRIMARY KEY (`id`),
  KEY `idx_date` (`assigned_date`),
  KEY `idx_assignee` (`assigned_to`,`assigned_date`),
  KEY `task_group_id` (`task_group_id`),
  KEY `room_id` (`room_id`),
  KEY `reservation_id` (`reservation_id`),
  KEY `fk_assignment_schedule` (`schedule_id`),
  KEY `fk_jta_task` (`task_id`),
  CONSTRAINT `fk_assignment_schedule` FOREIGN KEY (`schedule_id`) REFERENCES `cleaning_schedules` (`id`) ON DELETE SET NULL,
  CONSTRAINT `fk_jta_task` FOREIGN KEY (`task_id`) REFERENCES `tasks` (`id`) ON DELETE SET NULL,
  CONSTRAINT `janitor_task_assignments_ibfk_1` FOREIGN KEY (`task_group_id`) REFERENCES `task_groups` (`id`) ON DELETE CASCADE,
  CONSTRAINT `janitor_task_assignments_ibfk_2` FOREIGN KEY (`room_id`) REFERENCES `rooms` (`id`) ON DELETE CASCADE,
  CONSTRAINT `janitor_task_assignments_ibfk_3` FOREIGN KEY (`reservation_id`) REFERENCES `reservations` (`id`) ON DELETE SET NULL,
  CONSTRAINT `janitor_task_assignments_ibfk_4` FOREIGN KEY (`assigned_to`) REFERENCES `users` (`id`) ON DELETE SET NULL
) ENGINE=InnoDB AUTO_INCREMENT=53 DEFAULT CHARSET=utf8mb4 COLLATE=utf8mb4_unicode_ci;

INSERT INTO `janitor_task_assignments` (`id`, `task_group_id`, `task_id`, `room_id`, `assigned_date`, `deadline`, `reservation_id`, `assigned_to`, `status`, `completed_at`, `created_at`, `schedule_id`) VALUES ('1', '1', NULL, '59', '2026-04-06', '2026-04-06 16:00:00', NULL, '18', 'pending', NULL, '2026-04-03 15:11:12', '1');
INSERT INTO `janitor_task_assignments` (`id`, `task_group_id`, `task_id`, `room_id`, `assigned_date`, `deadline`, `reservation_id`, `assigned_to`, `status`, `completed_at`, `created_at`, `schedule_id`) VALUES ('2', '1', NULL, '59', '2026-04-06', '2026-04-06 16:00:00', NULL, '19', 'pending', NULL, '2026-04-03 15:11:13', '1');
INSERT INTO `janitor_task_assignments` (`id`, `task_group_id`, `task_id`, `room_id`, `assigned_date`, `deadline`, `reservation_id`, `assigned_to`, `status`, `completed_at`, `created_at`, `schedule_id`) VALUES ('3', '1', NULL, '59', '2026-04-10', '2026-04-10 16:00:00', NULL, '18', 'pending', NULL, '2026-04-03 15:11:13', '1');
INSERT INTO `janitor_task_assignments` (`id`, `task_group_id`, `task_id`, `room_id`, `assigned_date`, `deadline`, `reservation_id`, `assigned_to`, `status`, `completed_at`, `created_at`, `schedule_id`) VALUES ('4', '1', NULL, '59', '2026-04-10', '2026-04-10 16:00:00', NULL, '19', 'pending', NULL, '2026-04-03 15:11:13', '1');
INSERT INTO `janitor_task_assignments` (`id`, `task_group_id`, `task_id`, `room_id`, `assigned_date`, `deadline`, `reservation_id`, `assigned_to`, `status`, `completed_at`, `created_at`, `schedule_id`) VALUES ('5', '1', NULL, '59', '2026-04-13', '2026-04-13 16:00:00', NULL, '18', 'pending', NULL, '2026-04-03 15:11:13', '1');
INSERT INTO `janitor_task_assignments` (`id`, `task_group_id`, `task_id`, `room_id`, `assigned_date`, `deadline`, `reservation_id`, `assigned_to`, `status`, `completed_at`, `created_at`, `schedule_id`) VALUES ('6', '1', NULL, '59', '2026-04-13', '2026-04-13 16:00:00', NULL, '19', 'pending', NULL, '2026-04-03 15:11:13', '1');
INSERT INTO `janitor_task_assignments` (`id`, `task_group_id`, `task_id`, `room_id`, `assigned_date`, `deadline`, `reservation_id`, `assigned_to`, `status`, `completed_at`, `created_at`, `schedule_id`) VALUES ('7', '1', NULL, '59', '2026-04-17', '2026-04-17 16:00:00', NULL, '18', 'pending', NULL, '2026-04-03 15:11:14', '1');
INSERT INTO `janitor_task_assignments` (`id`, `task_group_id`, `task_id`, `room_id`, `assigned_date`, `deadline`, `reservation_id`, `assigned_to`, `status`, `completed_at`, `created_at`, `schedule_id`) VALUES ('8', '1', NULL, '59', '2026-04-17', '2026-04-17 16:00:00', NULL, '19', 'pending', NULL, '2026-04-03 15:11:14', '1');
INSERT INTO `janitor_task_assignments` (`id`, `task_group_id`, `task_id`, `room_id`, `assigned_date`, `deadline`, `reservation_id`, `assigned_to`, `status`, `completed_at`, `created_at`, `schedule_id`) VALUES ('9', '1', NULL, '60', '2026-04-06', '2026-04-06 16:00:00', NULL, '18', 'pending', NULL, '2026-04-03 15:11:14', '2');
INSERT INTO `janitor_task_assignments` (`id`, `task_group_id`, `task_id`, `room_id`, `assigned_date`, `deadline`, `reservation_id`, `assigned_to`, `status`, `completed_at`, `created_at`, `schedule_id`) VALUES ('10', '1', NULL, '60', '2026-04-06', '2026-04-06 16:00:00', NULL, '19', 'pending', NULL, '2026-04-03 15:11:14', '2');
INSERT INTO `janitor_task_assignments` (`id`, `task_group_id`, `task_id`, `room_id`, `assigned_date`, `deadline`, `reservation_id`, `assigned_to`, `status`, `completed_at`, `created_at`, `schedule_id`) VALUES ('11', '1', NULL, '60', '2026-04-10', '2026-04-10 16:00:00', NULL, '18', 'pending', NULL, '2026-04-03 15:11:15', '2');
INSERT INTO `janitor_task_assignments` (`id`, `task_group_id`, `task_id`, `room_id`, `assigned_date`, `deadline`, `reservation_id`, `assigned_to`, `status`, `completed_at`, `created_at`, `schedule_id`) VALUES ('12', '1', NULL, '60', '2026-04-10', '2026-04-10 16:00:00', NULL, '19', 'pending', NULL, '2026-04-03 15:11:15', '2');
INSERT INTO `janitor_task_assignments` (`id`, `task_group_id`, `task_id`, `room_id`, `assigned_date`, `deadline`, `reservation_id`, `assigned_to`, `status`, `completed_at`, `created_at`, `schedule_id`) VALUES ('13', '1', NULL, '60', '2026-04-13', '2026-04-13 16:00:00', NULL, '18', 'pending', NULL, '2026-04-03 15:11:15', '2');
INSERT INTO `janitor_task_assignments` (`id`, `task_group_id`, `task_id`, `room_id`, `assigned_date`, `deadline`, `reservation_id`, `assigned_to`, `status`, `completed_at`, `created_at`, `schedule_id`) VALUES ('14', '1', NULL, '60', '2026-04-13', '2026-04-13 16:00:00', NULL, '19', 'pending', NULL, '2026-04-03 15:11:15', '2');
INSERT INTO `janitor_task_assignments` (`id`, `task_group_id`, `task_id`, `room_id`, `assigned_date`, `deadline`, `reservation_id`, `assigned_to`, `status`, `completed_at`, `created_at`, `schedule_id`) VALUES ('15', '1', NULL, '60', '2026-04-17', '2026-04-17 16:00:00', NULL, '18', 'pending', NULL, '2026-04-03 15:11:16', '2');
INSERT INTO `janitor_task_assignments` (`id`, `task_group_id`, `task_id`, `room_id`, `assigned_date`, `deadline`, `reservation_id`, `assigned_to`, `status`, `completed_at`, `created_at`, `schedule_id`) VALUES ('16', '1', NULL, '60', '2026-04-17', '2026-04-17 16:00:00', NULL, '19', 'pending', NULL, '2026-04-03 15:11:16', '2');
INSERT INTO `janitor_task_assignments` (`id`, `task_group_id`, `task_id`, `room_id`, `assigned_date`, `deadline`, `reservation_id`, `assigned_to`, `status`, `completed_at`, `created_at`, `schedule_id`) VALUES ('17', '1', NULL, '71', '2026-04-06', '2026-04-06 16:00:00', NULL, '18', 'pending', NULL, '2026-04-03 15:11:16', '3');
INSERT INTO `janitor_task_assignments` (`id`, `task_group_id`, `task_id`, `room_id`, `assigned_date`, `deadline`, `reservation_id`, `assigned_to`, `status`, `completed_at`, `created_at`, `schedule_id`) VALUES ('18', '1', NULL, '71', '2026-04-06', '2026-04-06 16:00:00', NULL, '19', 'pending', NULL, '2026-04-03 15:11:16', '3');
INSERT INTO `janitor_task_assignments` (`id`, `task_group_id`, `task_id`, `room_id`, `assigned_date`, `deadline`, `reservation_id`, `assigned_to`, `status`, `completed_at`, `created_at`, `schedule_id`) VALUES ('19', '1', NULL, '71', '2026-04-10', '2026-04-10 16:00:00', NULL, '18', 'pending', NULL, '2026-04-03 15:11:17', '3');
INSERT INTO `janitor_task_assignments` (`id`, `task_group_id`, `task_id`, `room_id`, `assigned_date`, `deadline`, `reservation_id`, `assigned_to`, `status`, `completed_at`, `created_at`, `schedule_id`) VALUES ('20', '1', NULL, '71', '2026-04-10', '2026-04-10 16:00:00', NULL, '19', 'pending', NULL, '2026-04-03 15:11:17', '3');
INSERT INTO `janitor_task_assignments` (`id`, `task_group_id`, `task_id`, `room_id`, `assigned_date`, `deadline`, `reservation_id`, `assigned_to`, `status`, `completed_at`, `created_at`, `schedule_id`) VALUES ('21', '1', NULL, '71', '2026-04-13', '2026-04-13 16:00:00', NULL, '18', 'pending', NULL, '2026-04-03 15:11:17', '3');
INSERT INTO `janitor_task_assignments` (`id`, `task_group_id`, `task_id`, `room_id`, `assigned_date`, `deadline`, `reservation_id`, `assigned_to`, `status`, `completed_at`, `created_at`, `schedule_id`) VALUES ('22', '1', NULL, '71', '2026-04-13', '2026-04-13 16:00:00', NULL, '19', 'pending', NULL, '2026-04-03 15:11:17', '3');
INSERT INTO `janitor_task_assignments` (`id`, `task_group_id`, `task_id`, `room_id`, `assigned_date`, `deadline`, `reservation_id`, `assigned_to`, `status`, `completed_at`, `created_at`, `schedule_id`) VALUES ('23', '1', NULL, '71', '2026-04-17', '2026-04-17 16:00:00', NULL, '18', 'pending', NULL, '2026-04-03 15:11:17', '3');
INSERT INTO `janitor_task_assignments` (`id`, `task_group_id`, `task_id`, `room_id`, `assigned_date`, `deadline`, `reservation_id`, `assigned_to`, `status`, `completed_at`, `created_at`, `schedule_id`) VALUES ('24', '1', NULL, '71', '2026-04-17', '2026-04-17 16:00:00', NULL, '19', 'pending', NULL, '2026-04-03 15:11:18', '3');
INSERT INTO `janitor_task_assignments` (`id`, `task_group_id`, `task_id`, `room_id`, `assigned_date`, `deadline`, `reservation_id`, `assigned_to`, `status`, `completed_at`, `created_at`, `schedule_id`) VALUES ('25', '1', NULL, '72', '2026-04-06', '2026-04-06 16:00:00', NULL, '18', 'pending', NULL, '2026-04-03 15:11:18', '4');
INSERT INTO `janitor_task_assignments` (`id`, `task_group_id`, `task_id`, `room_id`, `assigned_date`, `deadline`, `reservation_id`, `assigned_to`, `status`, `completed_at`, `created_at`, `schedule_id`) VALUES ('26', '1', NULL, '72', '2026-04-06', '2026-04-06 16:00:00', NULL, '19', 'pending', NULL, '2026-04-03 15:11:18', '4');
INSERT INTO `janitor_task_assignments` (`id`, `task_group_id`, `task_id`, `room_id`, `assigned_date`, `deadline`, `reservation_id`, `assigned_to`, `status`, `completed_at`, `created_at`, `schedule_id`) VALUES ('27', '1', NULL, '72', '2026-04-10', '2026-04-10 16:00:00', NULL, '18', 'pending', NULL, '2026-04-03 15:11:18', '4');
INSERT INTO `janitor_task_assignments` (`id`, `task_group_id`, `task_id`, `room_id`, `assigned_date`, `deadline`, `reservation_id`, `assigned_to`, `status`, `completed_at`, `created_at`, `schedule_id`) VALUES ('28', '1', NULL, '72', '2026-04-10', '2026-04-10 16:00:00', NULL, '19', 'pending', NULL, '2026-04-03 15:11:19', '4');
INSERT INTO `janitor_task_assignments` (`id`, `task_group_id`, `task_id`, `room_id`, `assigned_date`, `deadline`, `reservation_id`, `assigned_to`, `status`, `completed_at`, `created_at`, `schedule_id`) VALUES ('29', '1', NULL, '72', '2026-04-13', '2026-04-13 16:00:00', NULL, '18', 'pending', NULL, '2026-04-03 15:11:19', '4');
INSERT INTO `janitor_task_assignments` (`id`, `task_group_id`, `task_id`, `room_id`, `assigned_date`, `deadline`, `reservation_id`, `assigned_to`, `status`, `completed_at`, `created_at`, `schedule_id`) VALUES ('30', '1', NULL, '72', '2026-04-13', '2026-04-13 16:00:00', NULL, '19', 'pending', NULL, '2026-04-03 15:11:19', '4');
INSERT INTO `janitor_task_assignments` (`id`, `task_group_id`, `task_id`, `room_id`, `assigned_date`, `deadline`, `reservation_id`, `assigned_to`, `status`, `completed_at`, `created_at`, `schedule_id`) VALUES ('31', '1', NULL, '72', '2026-04-17', '2026-04-17 16:00:00', NULL, '18', 'pending', NULL, '2026-04-03 15:11:19', '4');
INSERT INTO `janitor_task_assignments` (`id`, `task_group_id`, `task_id`, `room_id`, `assigned_date`, `deadline`, `reservation_id`, `assigned_to`, `status`, `completed_at`, `created_at`, `schedule_id`) VALUES ('32', '1', NULL, '72', '2026-04-17', '2026-04-17 16:00:00', NULL, '19', 'pending', NULL, '2026-04-03 15:11:20', '4');
INSERT INTO `janitor_task_assignments` (`id`, `task_group_id`, `task_id`, `room_id`, `assigned_date`, `deadline`, `reservation_id`, `assigned_to`, `status`, `completed_at`, `created_at`, `schedule_id`) VALUES ('33', '1', NULL, '128', '2026-04-06', '2026-04-06 16:00:00', NULL, '18', 'in_progress', NULL, '2026-04-03 15:11:20', '5');
INSERT INTO `janitor_task_assignments` (`id`, `task_group_id`, `task_id`, `room_id`, `assigned_date`, `deadline`, `reservation_id`, `assigned_to`, `status`, `completed_at`, `created_at`, `schedule_id`) VALUES ('34', '1', NULL, '128', '2026-04-06', '2026-04-06 16:00:00', NULL, '19', 'pending', NULL, '2026-04-03 15:11:20', '5');
INSERT INTO `janitor_task_assignments` (`id`, `task_group_id`, `task_id`, `room_id`, `assigned_date`, `deadline`, `reservation_id`, `assigned_to`, `status`, `completed_at`, `created_at`, `schedule_id`) VALUES ('35', '1', NULL, '128', '2026-04-10', '2026-04-10 16:00:00', NULL, '18', 'pending', NULL, '2026-04-03 15:11:20', '5');
INSERT INTO `janitor_task_assignments` (`id`, `task_group_id`, `task_id`, `room_id`, `assigned_date`, `deadline`, `reservation_id`, `assigned_to`, `status`, `completed_at`, `created_at`, `schedule_id`) VALUES ('36', '1', NULL, '128', '2026-04-10', '2026-04-10 16:00:00', NULL, '19', 'pending', NULL, '2026-04-03 15:11:20', '5');
INSERT INTO `janitor_task_assignments` (`id`, `task_group_id`, `task_id`, `room_id`, `assigned_date`, `deadline`, `reservation_id`, `assigned_to`, `status`, `completed_at`, `created_at`, `schedule_id`) VALUES ('37', '1', NULL, '128', '2026-04-13', '2026-04-13 16:00:00', NULL, '18', 'pending', NULL, '2026-04-03 15:11:21', '5');
INSERT INTO `janitor_task_assignments` (`id`, `task_group_id`, `task_id`, `room_id`, `assigned_date`, `deadline`, `reservation_id`, `assigned_to`, `status`, `completed_at`, `created_at`, `schedule_id`) VALUES ('38', '1', NULL, '128', '2026-04-13', '2026-04-13 16:00:00', NULL, '19', 'pending', NULL, '2026-04-03 15:11:21', '5');
INSERT INTO `janitor_task_assignments` (`id`, `task_group_id`, `task_id`, `room_id`, `assigned_date`, `deadline`, `reservation_id`, `assigned_to`, `status`, `completed_at`, `created_at`, `schedule_id`) VALUES ('39', '1', NULL, '128', '2026-04-17', '2026-04-17 16:00:00', NULL, '18', 'pending', NULL, '2026-04-03 15:11:21', '5');
INSERT INTO `janitor_task_assignments` (`id`, `task_group_id`, `task_id`, `room_id`, `assigned_date`, `deadline`, `reservation_id`, `assigned_to`, `status`, `completed_at`, `created_at`, `schedule_id`) VALUES ('40', '1', NULL, '128', '2026-04-17', '2026-04-17 16:00:00', NULL, '19', 'pending', NULL, '2026-04-03 15:11:21', '5');
INSERT INTO `janitor_task_assignments` (`id`, `task_group_id`, `task_id`, `room_id`, `assigned_date`, `deadline`, `reservation_id`, `assigned_to`, `status`, `completed_at`, `created_at`, `schedule_id`) VALUES ('41', '1', NULL, '135', '2026-04-06', '2026-04-06 16:00:00', NULL, '18', 'pending', NULL, '2026-04-03 15:11:22', '6');
INSERT INTO `janitor_task_assignments` (`id`, `task_group_id`, `task_id`, `room_id`, `assigned_date`, `deadline`, `reservation_id`, `assigned_to`, `status`, `completed_at`, `created_at`, `schedule_id`) VALUES ('42', '1', NULL, '135', '2026-04-06', '2026-04-06 16:00:00', NULL, '19', 'pending', NULL, '2026-04-03 15:11:22', '6');
INSERT INTO `janitor_task_assignments` (`id`, `task_group_id`, `task_id`, `room_id`, `assigned_date`, `deadline`, `reservation_id`, `assigned_to`, `status`, `completed_at`, `created_at`, `schedule_id`) VALUES ('43', '1', NULL, '135', '2026-04-10', '2026-04-10 16:00:00', NULL, '18', 'pending', NULL, '2026-04-03 15:11:22', '6');
INSERT INTO `janitor_task_assignments` (`id`, `task_group_id`, `task_id`, `room_id`, `assigned_date`, `deadline`, `reservation_id`, `assigned_to`, `status`, `completed_at`, `created_at`, `schedule_id`) VALUES ('44', '1', NULL, '135', '2026-04-10', '2026-04-10 16:00:00', NULL, '19', 'pending', NULL, '2026-04-03 15:11:22', '6');
INSERT INTO `janitor_task_assignments` (`id`, `task_group_id`, `task_id`, `room_id`, `assigned_date`, `deadline`, `reservation_id`, `assigned_to`, `status`, `completed_at`, `created_at`, `schedule_id`) VALUES ('45', '1', NULL, '135', '2026-04-13', '2026-04-13 16:00:00', NULL, '18', 'pending', NULL, '2026-04-03 15:11:22', '6');
INSERT INTO `janitor_task_assignments` (`id`, `task_group_id`, `task_id`, `room_id`, `assigned_date`, `deadline`, `reservation_id`, `assigned_to`, `status`, `completed_at`, `created_at`, `schedule_id`) VALUES ('46', '1', NULL, '135', '2026-04-13', '2026-04-13 16:00:00', NULL, '19', 'pending', NULL, '2026-04-03 15:11:23', '6');
INSERT INTO `janitor_task_assignments` (`id`, `task_group_id`, `task_id`, `room_id`, `assigned_date`, `deadline`, `reservation_id`, `assigned_to`, `status`, `completed_at`, `created_at`, `schedule_id`) VALUES ('47', '1', NULL, '135', '2026-04-17', '2026-04-17 16:00:00', NULL, '18', 'pending', NULL, '2026-04-03 15:11:23', '6');
INSERT INTO `janitor_task_assignments` (`id`, `task_group_id`, `task_id`, `room_id`, `assigned_date`, `deadline`, `reservation_id`, `assigned_to`, `status`, `completed_at`, `created_at`, `schedule_id`) VALUES ('48', '1', NULL, '135', '2026-04-17', '2026-04-17 16:00:00', NULL, '19', 'pending', NULL, '2026-04-03 15:11:23', '6');
INSERT INTO `janitor_task_assignments` (`id`, `task_group_id`, `task_id`, `room_id`, `assigned_date`, `deadline`, `reservation_id`, `assigned_to`, `status`, `completed_at`, `created_at`, `schedule_id`) VALUES ('49', '1', NULL, '59', '2026-04-06', '2026-04-06 16:00:00', NULL, '16', 'pending', NULL, '2026-04-03 15:12:47', '1');
INSERT INTO `janitor_task_assignments` (`id`, `task_group_id`, `task_id`, `room_id`, `assigned_date`, `deadline`, `reservation_id`, `assigned_to`, `status`, `completed_at`, `created_at`, `schedule_id`) VALUES ('50', '1', NULL, '59', '2026-04-10', '2026-04-10 16:00:00', NULL, '16', 'pending', NULL, '2026-04-03 15:12:47', '1');
INSERT INTO `janitor_task_assignments` (`id`, `task_group_id`, `task_id`, `room_id`, `assigned_date`, `deadline`, `reservation_id`, `assigned_to`, `status`, `completed_at`, `created_at`, `schedule_id`) VALUES ('51', '1', NULL, '59', '2026-04-13', '2026-04-13 16:00:00', NULL, '16', 'pending', NULL, '2026-04-03 15:12:47', '1');
INSERT INTO `janitor_task_assignments` (`id`, `task_group_id`, `task_id`, `room_id`, `assigned_date`, `deadline`, `reservation_id`, `assigned_to`, `status`, `completed_at`, `created_at`, `schedule_id`) VALUES ('52', '1', NULL, '59', '2026-04-17', '2026-04-17 16:00:00', NULL, '16', 'pending', NULL, '2026-04-03 15:12:47', '1');

DROP TABLE IF EXISTS `janitor_task_checklist`;
CREATE TABLE `janitor_task_checklist` (
  `assignment_id` int(11) NOT NULL,
  `task_id` int(11) NOT NULL,
  `completed` tinyint(1) NOT NULL DEFAULT 0,
  `completed_at` datetime DEFAULT NULL,
  PRIMARY KEY (`assignment_id`,`task_id`),
  KEY `task_id` (`task_id`),
  CONSTRAINT `janitor_task_checklist_ibfk_1` FOREIGN KEY (`assignment_id`) REFERENCES `janitor_task_assignments` (`id`) ON DELETE CASCADE,
  CONSTRAINT `janitor_task_checklist_ibfk_2` FOREIGN KEY (`task_id`) REFERENCES `tasks` (`id`) ON DELETE CASCADE
) ENGINE=InnoDB DEFAULT CHARSET=utf8mb4 COLLATE=utf8mb4_unicode_ci;

INSERT INTO `janitor_task_checklist` (`assignment_id`, `task_id`, `completed`, `completed_at`) VALUES ('1', '34', '0', NULL);
INSERT INTO `janitor_task_checklist` (`assignment_id`, `task_id`, `completed`, `completed_at`) VALUES ('1', '35', '0', NULL);
INSERT INTO `janitor_task_checklist` (`assignment_id`, `task_id`, `completed`, `completed_at`) VALUES ('1', '36', '0', NULL);
INSERT INTO `janitor_task_checklist` (`assignment_id`, `task_id`, `completed`, `completed_at`) VALUES ('1', '37', '0', NULL);
INSERT INTO `janitor_task_checklist` (`assignment_id`, `task_id`, `completed`, `completed_at`) VALUES ('1', '38', '0', NULL);
INSERT INTO `janitor_task_checklist` (`assignment_id`, `task_id`, `completed`, `completed_at`) VALUES ('1', '39', '0', NULL);
INSERT INTO `janitor_task_checklist` (`assignment_id`, `task_id`, `completed`, `completed_at`) VALUES ('1', '40', '0', NULL);
INSERT INTO `janitor_task_checklist` (`assignment_id`, `task_id`, `completed`, `completed_at`) VALUES ('1', '41', '0', NULL);
INSERT INTO `janitor_task_checklist` (`assignment_id`, `task_id`, `completed`, `completed_at`) VALUES ('1', '42', '0', NULL);
INSERT INTO `janitor_task_checklist` (`assignment_id`, `task_id`, `completed`, `completed_at`) VALUES ('1', '43', '0', NULL);
INSERT INTO `janitor_task_checklist` (`assignment_id`, `task_id`, `completed`, `completed_at`) VALUES ('1', '44', '0', NULL);
INSERT INTO `janitor_task_checklist` (`assignment_id`, `task_id`, `completed`, `completed_at`) VALUES ('1', '45', '0', NULL);
INSERT INTO `janitor_task_checklist` (`assignment_id`, `task_id`, `completed`, `completed_at`) VALUES ('1', '46', '0', NULL);
INSERT INTO `janitor_task_checklist` (`assignment_id`, `task_id`, `completed`, `completed_at`) VALUES ('1', '47', '0', NULL);
INSERT INTO `janitor_task_checklist` (`assignment_id`, `task_id`, `completed`, `completed_at`) VALUES ('1', '48', '0', NULL);
INSERT INTO `janitor_task_checklist` (`assignment_id`, `task_id`, `completed`, `completed_at`) VALUES ('1', '49', '0', NULL);
INSERT INTO `janitor_task_checklist` (`assignment_id`, `task_id`, `completed`, `completed_at`) VALUES ('1', '50', '0', NULL);
INSERT INTO `janitor_task_checklist` (`assignment_id`, `task_id`, `completed`, `completed_at`) VALUES ('1', '51', '0', NULL);
INSERT INTO `janitor_task_checklist` (`assignment_id`, `task_id`, `completed`, `completed_at`) VALUES ('1', '52', '0', NULL);
INSERT INTO `janitor_task_checklist` (`assignment_id`, `task_id`, `completed`, `completed_at`) VALUES ('1', '53', '0', NULL);
INSERT INTO `janitor_task_checklist` (`assignment_id`, `task_id`, `completed`, `completed_at`) VALUES ('1', '54', '0', NULL);
INSERT INTO `janitor_task_checklist` (`assignment_id`, `task_id`, `completed`, `completed_at`) VALUES ('1', '55', '0', NULL);
INSERT INTO `janitor_task_checklist` (`assignment_id`, `task_id`, `completed`, `completed_at`) VALUES ('1', '56', '0', NULL);
INSERT INTO `janitor_task_checklist` (`assignment_id`, `task_id`, `completed`, `completed_at`) VALUES ('1', '57', '0', NULL);
INSERT INTO `janitor_task_checklist` (`assignment_id`, `task_id`, `completed`, `completed_at`) VALUES ('1', '58', '0', NULL);
INSERT INTO `janitor_task_checklist` (`assignment_id`, `task_id`, `completed`, `completed_at`) VALUES ('1', '59', '0', NULL);
INSERT INTO `janitor_task_checklist` (`assignment_id`, `task_id`, `completed`, `completed_at`) VALUES ('1', '60', '0', NULL);
INSERT INTO `janitor_task_checklist` (`assignment_id`, `task_id`, `completed`, `completed_at`) VALUES ('1', '61', '0', NULL);
INSERT INTO `janitor_task_checklist` (`assignment_id`, `task_id`, `completed`, `completed_at`) VALUES ('1', '62', '0', NULL);
INSERT INTO `janitor_task_checklist` (`assignment_id`, `task_id`, `completed`, `completed_at`) VALUES ('1', '63', '0', NULL);
INSERT INTO `janitor_task_checklist` (`assignment_id`, `task_id`, `completed`, `completed_at`) VALUES ('1', '64', '0', NULL);
INSERT INTO `janitor_task_checklist` (`assignment_id`, `task_id`, `completed`, `completed_at`) VALUES ('1', '65', '0', NULL);
INSERT INTO `janitor_task_checklist` (`assignment_id`, `task_id`, `completed`, `completed_at`) VALUES ('1', '66', '0', NULL);
INSERT INTO `janitor_task_checklist` (`assignment_id`, `task_id`, `completed`, `completed_at`) VALUES ('1', '67', '0', NULL);
INSERT INTO `janitor_task_checklist` (`assignment_id`, `task_id`, `completed`, `completed_at`) VALUES ('1', '68', '0', NULL);
INSERT INTO `janitor_task_checklist` (`assignment_id`, `task_id`, `completed`, `completed_at`) VALUES ('1', '69', '0', NULL);
INSERT INTO `janitor_task_checklist` (`assignment_id`, `task_id`, `completed`, `completed_at`) VALUES ('1', '70', '0', NULL);
INSERT INTO `janitor_task_checklist` (`assignment_id`, `task_id`, `completed`, `completed_at`) VALUES ('1', '71', '0', NULL);
INSERT INTO `janitor_task_checklist` (`assignment_id`, `task_id`, `completed`, `completed_at`) VALUES ('1', '72', '0', NULL);
INSERT INTO `janitor_task_checklist` (`assignment_id`, `task_id`, `completed`, `completed_at`) VALUES ('1', '73', '0', NULL);
INSERT INTO `janitor_task_checklist` (`assignment_id`, `task_id`, `completed`, `completed_at`) VALUES ('1', '74', '0', NULL);
INSERT INTO `janitor_task_checklist` (`assignment_id`, `task_id`, `completed`, `completed_at`) VALUES ('1', '75', '0', NULL);
INSERT INTO `janitor_task_checklist` (`assignment_id`, `task_id`, `completed`, `completed_at`) VALUES ('1', '76', '0', NULL);
INSERT INTO `janitor_task_checklist` (`assignment_id`, `task_id`, `completed`, `completed_at`) VALUES ('1', '77', '0', NULL);
INSERT INTO `janitor_task_checklist` (`assignment_id`, `task_id`, `completed`, `completed_at`) VALUES ('1', '78', '0', NULL);
INSERT INTO `janitor_task_checklist` (`assignment_id`, `task_id`, `completed`, `completed_at`) VALUES ('1', '79', '0', NULL);
INSERT INTO `janitor_task_checklist` (`assignment_id`, `task_id`, `completed`, `completed_at`) VALUES ('1', '80', '0', NULL);
INSERT INTO `janitor_task_checklist` (`assignment_id`, `task_id`, `completed`, `completed_at`) VALUES ('1', '81', '0', NULL);
INSERT INTO `janitor_task_checklist` (`assignment_id`, `task_id`, `completed`, `completed_at`) VALUES ('1', '82', '0', NULL);
INSERT INTO `janitor_task_checklist` (`assignment_id`, `task_id`, `completed`, `completed_at`) VALUES ('1', '83', '0', NULL);
INSERT INTO `janitor_task_checklist` (`assignment_id`, `task_id`, `completed`, `completed_at`) VALUES ('1', '84', '0', NULL);
INSERT INTO `janitor_task_checklist` (`assignment_id`, `task_id`, `completed`, `completed_at`) VALUES ('1', '85', '0', NULL);
INSERT INTO `janitor_task_checklist` (`assignment_id`, `task_id`, `completed`, `completed_at`) VALUES ('1', '86', '0', NULL);
INSERT INTO `janitor_task_checklist` (`assignment_id`, `task_id`, `completed`, `completed_at`) VALUES ('1', '87', '0', NULL);
INSERT INTO `janitor_task_checklist` (`assignment_id`, `task_id`, `completed`, `completed_at`) VALUES ('1', '88', '0', NULL);
INSERT INTO `janitor_task_checklist` (`assignment_id`, `task_id`, `completed`, `completed_at`) VALUES ('1', '89', '0', NULL);
INSERT INTO `janitor_task_checklist` (`assignment_id`, `task_id`, `completed`, `completed_at`) VALUES ('1', '90', '0', NULL);
INSERT INTO `janitor_task_checklist` (`assignment_id`, `task_id`, `completed`, `completed_at`) VALUES ('1', '91', '0', NULL);
INSERT INTO `janitor_task_checklist` (`assignment_id`, `task_id`, `completed`, `completed_at`) VALUES ('1', '92', '0', NULL);
INSERT INTO `janitor_task_checklist` (`assignment_id`, `task_id`, `completed`, `completed_at`) VALUES ('1', '93', '0', NULL);
INSERT INTO `janitor_task_checklist` (`assignment_id`, `task_id`, `completed`, `completed_at`) VALUES ('1', '94', '0', NULL);
INSERT INTO `janitor_task_checklist` (`assignment_id`, `task_id`, `completed`, `completed_at`) VALUES ('1', '95', '0', NULL);
INSERT INTO `janitor_task_checklist` (`assignment_id`, `task_id`, `completed`, `completed_at`) VALUES ('1', '96', '0', NULL);
INSERT INTO `janitor_task_checklist` (`assignment_id`, `task_id`, `completed`, `completed_at`) VALUES ('1', '97', '0', NULL);
INSERT INTO `janitor_task_checklist` (`assignment_id`, `task_id`, `completed`, `completed_at`) VALUES ('1', '98', '0', NULL);
INSERT INTO `janitor_task_checklist` (`assignment_id`, `task_id`, `completed`, `completed_at`) VALUES ('1', '99', '0', NULL);
INSERT INTO `janitor_task_checklist` (`assignment_id`, `task_id`, `completed`, `completed_at`) VALUES ('1', '100', '0', NULL);
INSERT INTO `janitor_task_checklist` (`assignment_id`, `task_id`, `completed`, `completed_at`) VALUES ('1', '101', '0', NULL);
INSERT INTO `janitor_task_checklist` (`assignment_id`, `task_id`, `completed`, `completed_at`) VALUES ('1', '102', '0', NULL);
INSERT INTO `janitor_task_checklist` (`assignment_id`, `task_id`, `completed`, `completed_at`) VALUES ('1', '103', '0', NULL);
INSERT INTO `janitor_task_checklist` (`assignment_id`, `task_id`, `completed`, `completed_at`) VALUES ('1', '104', '0', NULL);
INSERT INTO `janitor_task_checklist` (`assignment_id`, `task_id`, `completed`, `completed_at`) VALUES ('1', '105', '0', NULL);
INSERT INTO `janitor_task_checklist` (`assignment_id`, `task_id`, `completed`, `completed_at`) VALUES ('1', '106', '0', NULL);
INSERT INTO `janitor_task_checklist` (`assignment_id`, `task_id`, `completed`, `completed_at`) VALUES ('2', '34', '0', NULL);
INSERT INTO `janitor_task_checklist` (`assignment_id`, `task_id`, `completed`, `completed_at`) VALUES ('2', '35', '0', NULL);
INSERT INTO `janitor_task_checklist` (`assignment_id`, `task_id`, `completed`, `completed_at`) VALUES ('2', '36', '0', NULL);
INSERT INTO `janitor_task_checklist` (`assignment_id`, `task_id`, `completed`, `completed_at`) VALUES ('2', '37', '0', NULL);
INSERT INTO `janitor_task_checklist` (`assignment_id`, `task_id`, `completed`, `completed_at`) VALUES ('2', '38', '0', NULL);
INSERT INTO `janitor_task_checklist` (`assignment_id`, `task_id`, `completed`, `completed_at`) VALUES ('2', '39', '0', NULL);
INSERT INTO `janitor_task_checklist` (`assignment_id`, `task_id`, `completed`, `completed_at`) VALUES ('2', '40', '0', NULL);
INSERT INTO `janitor_task_checklist` (`assignment_id`, `task_id`, `completed`, `completed_at`) VALUES ('2', '41', '0', NULL);
INSERT INTO `janitor_task_checklist` (`assignment_id`, `task_id`, `completed`, `completed_at`) VALUES ('2', '42', '0', NULL);
INSERT INTO `janitor_task_checklist` (`assignment_id`, `task_id`, `completed`, `completed_at`) VALUES ('2', '43', '0', NULL);
INSERT INTO `janitor_task_checklist` (`assignment_id`, `task_id`, `completed`, `completed_at`) VALUES ('2', '44', '0', NULL);
INSERT INTO `janitor_task_checklist` (`assignment_id`, `task_id`, `completed`, `completed_at`) VALUES ('2', '45', '0', NULL);
INSERT INTO `janitor_task_checklist` (`assignment_id`, `task_id`, `completed`, `completed_at`) VALUES ('2', '46', '0', NULL);
INSERT INTO `janitor_task_checklist` (`assignment_id`, `task_id`, `completed`, `completed_at`) VALUES ('2', '47', '0', NULL);
INSERT INTO `janitor_task_checklist` (`assignment_id`, `task_id`, `completed`, `completed_at`) VALUES ('2', '48', '0', NULL);
INSERT INTO `janitor_task_checklist` (`assignment_id`, `task_id`, `completed`, `completed_at`) VALUES ('2', '49', '0', NULL);
INSERT INTO `janitor_task_checklist` (`assignment_id`, `task_id`, `completed`, `completed_at`) VALUES ('2', '50', '0', NULL);
INSERT INTO `janitor_task_checklist` (`assignment_id`, `task_id`, `completed`, `completed_at`) VALUES ('2', '51', '0', NULL);
INSERT INTO `janitor_task_checklist` (`assignment_id`, `task_id`, `completed`, `completed_at`) VALUES ('2', '52', '0', NULL);
INSERT INTO `janitor_task_checklist` (`assignment_id`, `task_id`, `completed`, `completed_at`) VALUES ('2', '53', '0', NULL);
INSERT INTO `janitor_task_checklist` (`assignment_id`, `task_id`, `completed`, `completed_at`) VALUES ('2', '54', '0', NULL);
INSERT INTO `janitor_task_checklist` (`assignment_id`, `task_id`, `completed`, `completed_at`) VALUES ('2', '55', '0', NULL);
INSERT INTO `janitor_task_checklist` (`assignment_id`, `task_id`, `completed`, `completed_at`) VALUES ('2', '56', '0', NULL);
INSERT INTO `janitor_task_checklist` (`assignment_id`, `task_id`, `completed`, `completed_at`) VALUES ('2', '57', '0', NULL);
INSERT INTO `janitor_task_checklist` (`assignment_id`, `task_id`, `completed`, `completed_at`) VALUES ('2', '58', '0', NULL);
INSERT INTO `janitor_task_checklist` (`assignment_id`, `task_id`, `completed`, `completed_at`) VALUES ('2', '59', '0', NULL);
INSERT INTO `janitor_task_checklist` (`assignment_id`, `task_id`, `completed`, `completed_at`) VALUES ('2', '60', '0', NULL);
INSERT INTO `janitor_task_checklist` (`assignment_id`, `task_id`, `completed`, `completed_at`) VALUES ('2', '61', '0', NULL);
INSERT INTO `janitor_task_checklist` (`assignment_id`, `task_id`, `completed`, `completed_at`) VALUES ('2', '62', '0', NULL);
INSERT INTO `janitor_task_checklist` (`assignment_id`, `task_id`, `completed`, `completed_at`) VALUES ('2', '63', '0', NULL);
INSERT INTO `janitor_task_checklist` (`assignment_id`, `task_id`, `completed`, `completed_at`) VALUES ('2', '64', '0', NULL);
INSERT INTO `janitor_task_checklist` (`assignment_id`, `task_id`, `completed`, `completed_at`) VALUES ('2', '65', '0', NULL);
INSERT INTO `janitor_task_checklist` (`assignment_id`, `task_id`, `completed`, `completed_at`) VALUES ('2', '66', '0', NULL);
INSERT INTO `janitor_task_checklist` (`assignment_id`, `task_id`, `completed`, `completed_at`) VALUES ('2', '67', '0', NULL);
INSERT INTO `janitor_task_checklist` (`assignment_id`, `task_id`, `completed`, `completed_at`) VALUES ('2', '68', '0', NULL);
INSERT INTO `janitor_task_checklist` (`assignment_id`, `task_id`, `completed`, `completed_at`) VALUES ('2', '69', '0', NULL);
INSERT INTO `janitor_task_checklist` (`assignment_id`, `task_id`, `completed`, `completed_at`) VALUES ('2', '70', '0', NULL);
INSERT INTO `janitor_task_checklist` (`assignment_id`, `task_id`, `completed`, `completed_at`) VALUES ('2', '71', '0', NULL);
INSERT INTO `janitor_task_checklist` (`assignment_id`, `task_id`, `completed`, `completed_at`) VALUES ('2', '72', '0', NULL);
INSERT INTO `janitor_task_checklist` (`assignment_id`, `task_id`, `completed`, `completed_at`) VALUES ('2', '73', '0', NULL);
INSERT INTO `janitor_task_checklist` (`assignment_id`, `task_id`, `completed`, `completed_at`) VALUES ('2', '74', '0', NULL);
INSERT INTO `janitor_task_checklist` (`assignment_id`, `task_id`, `completed`, `completed_at`) VALUES ('2', '75', '0', NULL);
INSERT INTO `janitor_task_checklist` (`assignment_id`, `task_id`, `completed`, `completed_at`) VALUES ('2', '76', '0', NULL);
INSERT INTO `janitor_task_checklist` (`assignment_id`, `task_id`, `completed`, `completed_at`) VALUES ('2', '77', '0', NULL);
INSERT INTO `janitor_task_checklist` (`assignment_id`, `task_id`, `completed`, `completed_at`) VALUES ('2', '78', '0', NULL);
INSERT INTO `janitor_task_checklist` (`assignment_id`, `task_id`, `completed`, `completed_at`) VALUES ('2', '79', '0', NULL);
INSERT INTO `janitor_task_checklist` (`assignment_id`, `task_id`, `completed`, `completed_at`) VALUES ('2', '80', '0', NULL);
INSERT INTO `janitor_task_checklist` (`assignment_id`, `task_id`, `completed`, `completed_at`) VALUES ('2', '81', '0', NULL);
INSERT INTO `janitor_task_checklist` (`assignment_id`, `task_id`, `completed`, `completed_at`) VALUES ('2', '82', '0', NULL);
INSERT INTO `janitor_task_checklist` (`assignment_id`, `task_id`, `completed`, `completed_at`) VALUES ('2', '83', '0', NULL);
INSERT INTO `janitor_task_checklist` (`assignment_id`, `task_id`, `completed`, `completed_at`) VALUES ('2', '84', '0', NULL);
INSERT INTO `janitor_task_checklist` (`assignment_id`, `task_id`, `completed`, `completed_at`) VALUES ('2', '85', '0', NULL);
INSERT INTO `janitor_task_checklist` (`assignment_id`, `task_id`, `completed`, `completed_at`) VALUES ('2', '86', '0', NULL);
INSERT INTO `janitor_task_checklist` (`assignment_id`, `task_id`, `completed`, `completed_at`) VALUES ('2', '87', '0', NULL);
INSERT INTO `janitor_task_checklist` (`assignment_id`, `task_id`, `completed`, `completed_at`) VALUES ('2', '88', '0', NULL);
INSERT INTO `janitor_task_checklist` (`assignment_id`, `task_id`, `completed`, `completed_at`) VALUES ('2', '89', '0', NULL);
INSERT INTO `janitor_task_checklist` (`assignment_id`, `task_id`, `completed`, `completed_at`) VALUES ('2', '90', '0', NULL);
INSERT INTO `janitor_task_checklist` (`assignment_id`, `task_id`, `completed`, `completed_at`) VALUES ('2', '91', '0', NULL);
INSERT INTO `janitor_task_checklist` (`assignment_id`, `task_id`, `completed`, `completed_at`) VALUES ('2', '92', '0', NULL);
INSERT INTO `janitor_task_checklist` (`assignment_id`, `task_id`, `completed`, `completed_at`) VALUES ('2', '93', '0', NULL);
INSERT INTO `janitor_task_checklist` (`assignment_id`, `task_id`, `completed`, `completed_at`) VALUES ('2', '94', '0', NULL);
INSERT INTO `janitor_task_checklist` (`assignment_id`, `task_id`, `completed`, `completed_at`) VALUES ('2', '95', '0', NULL);
INSERT INTO `janitor_task_checklist` (`assignment_id`, `task_id`, `completed`, `completed_at`) VALUES ('2', '96', '0', NULL);
INSERT INTO `janitor_task_checklist` (`assignment_id`, `task_id`, `completed`, `completed_at`) VALUES ('2', '97', '0', NULL);
INSERT INTO `janitor_task_checklist` (`assignment_id`, `task_id`, `completed`, `completed_at`) VALUES ('2', '98', '0', NULL);
INSERT INTO `janitor_task_checklist` (`assignment_id`, `task_id`, `completed`, `completed_at`) VALUES ('2', '99', '0', NULL);
INSERT INTO `janitor_task_checklist` (`assignment_id`, `task_id`, `completed`, `completed_at`) VALUES ('2', '100', '0', NULL);
INSERT INTO `janitor_task_checklist` (`assignment_id`, `task_id`, `completed`, `completed_at`) VALUES ('2', '101', '0', NULL);
INSERT INTO `janitor_task_checklist` (`assignment_id`, `task_id`, `completed`, `completed_at`) VALUES ('2', '102', '0', NULL);
INSERT INTO `janitor_task_checklist` (`assignment_id`, `task_id`, `completed`, `completed_at`) VALUES ('2', '103', '0', NULL);
INSERT INTO `janitor_task_checklist` (`assignment_id`, `task_id`, `completed`, `completed_at`) VALUES ('2', '104', '0', NULL);
INSERT INTO `janitor_task_checklist` (`assignment_id`, `task_id`, `completed`, `completed_at`) VALUES ('2', '105', '0', NULL);
INSERT INTO `janitor_task_checklist` (`assignment_id`, `task_id`, `completed`, `completed_at`) VALUES ('2', '106', '0', NULL);
INSERT INTO `janitor_task_checklist` (`assignment_id`, `task_id`, `completed`, `completed_at`) VALUES ('3', '34', '0', NULL);
INSERT INTO `janitor_task_checklist` (`assignment_id`, `task_id`, `completed`, `completed_at`) VALUES ('3', '35', '0', NULL);
INSERT INTO `janitor_task_checklist` (`assignment_id`, `task_id`, `completed`, `completed_at`) VALUES ('3', '36', '0', NULL);
INSERT INTO `janitor_task_checklist` (`assignment_id`, `task_id`, `completed`, `completed_at`) VALUES ('3', '37', '0', NULL);
INSERT INTO `janitor_task_checklist` (`assignment_id`, `task_id`, `completed`, `completed_at`) VALUES ('3', '38', '0', NULL);
INSERT INTO `janitor_task_checklist` (`assignment_id`, `task_id`, `completed`, `completed_at`) VALUES ('3', '39', '0', NULL);
INSERT INTO `janitor_task_checklist` (`assignment_id`, `task_id`, `completed`, `completed_at`) VALUES ('3', '40', '0', NULL);
INSERT INTO `janitor_task_checklist` (`assignment_id`, `task_id`, `completed`, `completed_at`) VALUES ('3', '41', '0', NULL);
INSERT INTO `janitor_task_checklist` (`assignment_id`, `task_id`, `completed`, `completed_at`) VALUES ('3', '42', '0', NULL);
INSERT INTO `janitor_task_checklist` (`assignment_id`, `task_id`, `completed`, `completed_at`) VALUES ('3', '43', '0', NULL);
INSERT INTO `janitor_task_checklist` (`assignment_id`, `task_id`, `completed`, `completed_at`) VALUES ('3', '44', '0', NULL);
INSERT INTO `janitor_task_checklist` (`assignment_id`, `task_id`, `completed`, `completed_at`) VALUES ('3', '45', '0', NULL);
INSERT INTO `janitor_task_checklist` (`assignment_id`, `task_id`, `completed`, `completed_at`) VALUES ('3', '46', '0', NULL);
INSERT INTO `janitor_task_checklist` (`assignment_id`, `task_id`, `completed`, `completed_at`) VALUES ('3', '47', '0', NULL);
INSERT INTO `janitor_task_checklist` (`assignment_id`, `task_id`, `completed`, `completed_at`) VALUES ('3', '48', '0', NULL);
INSERT INTO `janitor_task_checklist` (`assignment_id`, `task_id`, `completed`, `completed_at`) VALUES ('3', '49', '0', NULL);
INSERT INTO `janitor_task_checklist` (`assignment_id`, `task_id`, `completed`, `completed_at`) VALUES ('3', '50', '0', NULL);
INSERT INTO `janitor_task_checklist` (`assignment_id`, `task_id`, `completed`, `completed_at`) VALUES ('3', '51', '0', NULL);
INSERT INTO `janitor_task_checklist` (`assignment_id`, `task_id`, `completed`, `completed_at`) VALUES ('3', '52', '0', NULL);
INSERT INTO `janitor_task_checklist` (`assignment_id`, `task_id`, `completed`, `completed_at`) VALUES ('3', '53', '0', NULL);
INSERT INTO `janitor_task_checklist` (`assignment_id`, `task_id`, `completed`, `completed_at`) VALUES ('3', '54', '0', NULL);
INSERT INTO `janitor_task_checklist` (`assignment_id`, `task_id`, `completed`, `completed_at`) VALUES ('3', '55', '0', NULL);
INSERT INTO `janitor_task_checklist` (`assignment_id`, `task_id`, `completed`, `completed_at`) VALUES ('3', '56', '0', NULL);
INSERT INTO `janitor_task_checklist` (`assignment_id`, `task_id`, `completed`, `completed_at`) VALUES ('3', '57', '0', NULL);
INSERT INTO `janitor_task_checklist` (`assignment_id`, `task_id`, `completed`, `completed_at`) VALUES ('3', '58', '0', NULL);
INSERT INTO `janitor_task_checklist` (`assignment_id`, `task_id`, `completed`, `completed_at`) VALUES ('3', '59', '0', NULL);
INSERT INTO `janitor_task_checklist` (`assignment_id`, `task_id`, `completed`, `completed_at`) VALUES ('3', '60', '0', NULL);
INSERT INTO `janitor_task_checklist` (`assignment_id`, `task_id`, `completed`, `completed_at`) VALUES ('3', '61', '0', NULL);
INSERT INTO `janitor_task_checklist` (`assignment_id`, `task_id`, `completed`, `completed_at`) VALUES ('3', '62', '0', NULL);
INSERT INTO `janitor_task_checklist` (`assignment_id`, `task_id`, `completed`, `completed_at`) VALUES ('3', '63', '0', NULL);
INSERT INTO `janitor_task_checklist` (`assignment_id`, `task_id`, `completed`, `completed_at`) VALUES ('3', '64', '0', NULL);
INSERT INTO `janitor_task_checklist` (`assignment_id`, `task_id`, `completed`, `completed_at`) VALUES ('3', '65', '0', NULL);
INSERT INTO `janitor_task_checklist` (`assignment_id`, `task_id`, `completed`, `completed_at`) VALUES ('3', '66', '0', NULL);
INSERT INTO `janitor_task_checklist` (`assignment_id`, `task_id`, `completed`, `completed_at`) VALUES ('3', '67', '0', NULL);
INSERT INTO `janitor_task_checklist` (`assignment_id`, `task_id`, `completed`, `completed_at`) VALUES ('3', '68', '0', NULL);
INSERT INTO `janitor_task_checklist` (`assignment_id`, `task_id`, `completed`, `completed_at`) VALUES ('3', '69', '0', NULL);
INSERT INTO `janitor_task_checklist` (`assignment_id`, `task_id`, `completed`, `completed_at`) VALUES ('3', '70', '0', NULL);
INSERT INTO `janitor_task_checklist` (`assignment_id`, `task_id`, `completed`, `completed_at`) VALUES ('3', '71', '0', NULL);
INSERT INTO `janitor_task_checklist` (`assignment_id`, `task_id`, `completed`, `completed_at`) VALUES ('3', '72', '0', NULL);
INSERT INTO `janitor_task_checklist` (`assignment_id`, `task_id`, `completed`, `completed_at`) VALUES ('3', '73', '0', NULL);
INSERT INTO `janitor_task_checklist` (`assignment_id`, `task_id`, `completed`, `completed_at`) VALUES ('3', '74', '0', NULL);
INSERT INTO `janitor_task_checklist` (`assignment_id`, `task_id`, `completed`, `completed_at`) VALUES ('3', '75', '0', NULL);
INSERT INTO `janitor_task_checklist` (`assignment_id`, `task_id`, `completed`, `completed_at`) VALUES ('3', '76', '0', NULL);
INSERT INTO `janitor_task_checklist` (`assignment_id`, `task_id`, `completed`, `completed_at`) VALUES ('3', '77', '0', NULL);
INSERT INTO `janitor_task_checklist` (`assignment_id`, `task_id`, `completed`, `completed_at`) VALUES ('3', '78', '0', NULL);
INSERT INTO `janitor_task_checklist` (`assignment_id`, `task_id`, `completed`, `completed_at`) VALUES ('3', '79', '0', NULL);
INSERT INTO `janitor_task_checklist` (`assignment_id`, `task_id`, `completed`, `completed_at`) VALUES ('3', '80', '0', NULL);
INSERT INTO `janitor_task_checklist` (`assignment_id`, `task_id`, `completed`, `completed_at`) VALUES ('3', '81', '0', NULL);
INSERT INTO `janitor_task_checklist` (`assignment_id`, `task_id`, `completed`, `completed_at`) VALUES ('3', '82', '0', NULL);
INSERT INTO `janitor_task_checklist` (`assignment_id`, `task_id`, `completed`, `completed_at`) VALUES ('3', '83', '0', NULL);
INSERT INTO `janitor_task_checklist` (`assignment_id`, `task_id`, `completed`, `completed_at`) VALUES ('3', '84', '0', NULL);
INSERT INTO `janitor_task_checklist` (`assignment_id`, `task_id`, `completed`, `completed_at`) VALUES ('3', '85', '0', NULL);
INSERT INTO `janitor_task_checklist` (`assignment_id`, `task_id`, `completed`, `completed_at`) VALUES ('3', '86', '0', NULL);
INSERT INTO `janitor_task_checklist` (`assignment_id`, `task_id`, `completed`, `completed_at`) VALUES ('3', '87', '0', NULL);
INSERT INTO `janitor_task_checklist` (`assignment_id`, `task_id`, `completed`, `completed_at`) VALUES ('3', '88', '0', NULL);
INSERT INTO `janitor_task_checklist` (`assignment_id`, `task_id`, `completed`, `completed_at`) VALUES ('3', '89', '0', NULL);
INSERT INTO `janitor_task_checklist` (`assignment_id`, `task_id`, `completed`, `completed_at`) VALUES ('3', '90', '0', NULL);
INSERT INTO `janitor_task_checklist` (`assignment_id`, `task_id`, `completed`, `completed_at`) VALUES ('3', '91', '0', NULL);
INSERT INTO `janitor_task_checklist` (`assignment_id`, `task_id`, `completed`, `completed_at`) VALUES ('3', '92', '0', NULL);
INSERT INTO `janitor_task_checklist` (`assignment_id`, `task_id`, `completed`, `completed_at`) VALUES ('3', '93', '0', NULL);
INSERT INTO `janitor_task_checklist` (`assignment_id`, `task_id`, `completed`, `completed_at`) VALUES ('3', '94', '0', NULL);
INSERT INTO `janitor_task_checklist` (`assignment_id`, `task_id`, `completed`, `completed_at`) VALUES ('3', '95', '0', NULL);
INSERT INTO `janitor_task_checklist` (`assignment_id`, `task_id`, `completed`, `completed_at`) VALUES ('3', '96', '0', NULL);
INSERT INTO `janitor_task_checklist` (`assignment_id`, `task_id`, `completed`, `completed_at`) VALUES ('3', '97', '0', NULL);
INSERT INTO `janitor_task_checklist` (`assignment_id`, `task_id`, `completed`, `completed_at`) VALUES ('3', '98', '0', NULL);
INSERT INTO `janitor_task_checklist` (`assignment_id`, `task_id`, `completed`, `completed_at`) VALUES ('3', '99', '0', NULL);
INSERT INTO `janitor_task_checklist` (`assignment_id`, `task_id`, `completed`, `completed_at`) VALUES ('3', '100', '0', NULL);
INSERT INTO `janitor_task_checklist` (`assignment_id`, `task_id`, `completed`, `completed_at`) VALUES ('3', '101', '0', NULL);
INSERT INTO `janitor_task_checklist` (`assignment_id`, `task_id`, `completed`, `completed_at`) VALUES ('3', '102', '0', NULL);
INSERT INTO `janitor_task_checklist` (`assignment_id`, `task_id`, `completed`, `completed_at`) VALUES ('3', '103', '0', NULL);
INSERT INTO `janitor_task_checklist` (`assignment_id`, `task_id`, `completed`, `completed_at`) VALUES ('3', '104', '0', NULL);
INSERT INTO `janitor_task_checklist` (`assignment_id`, `task_id`, `completed`, `completed_at`) VALUES ('3', '105', '0', NULL);
INSERT INTO `janitor_task_checklist` (`assignment_id`, `task_id`, `completed`, `completed_at`) VALUES ('3', '106', '0', NULL);
INSERT INTO `janitor_task_checklist` (`assignment_id`, `task_id`, `completed`, `completed_at`) VALUES ('4', '34', '0', NULL);
INSERT INTO `janitor_task_checklist` (`assignment_id`, `task_id`, `completed`, `completed_at`) VALUES ('4', '35', '0', NULL);
INSERT INTO `janitor_task_checklist` (`assignment_id`, `task_id`, `completed`, `completed_at`) VALUES ('4', '36', '0', NULL);
INSERT INTO `janitor_task_checklist` (`assignment_id`, `task_id`, `completed`, `completed_at`) VALUES ('4', '37', '0', NULL);
INSERT INTO `janitor_task_checklist` (`assignment_id`, `task_id`, `completed`, `completed_at`) VALUES ('4', '38', '0', NULL);
INSERT INTO `janitor_task_checklist` (`assignment_id`, `task_id`, `completed`, `completed_at`) VALUES ('4', '39', '0', NULL);
INSERT INTO `janitor_task_checklist` (`assignment_id`, `task_id`, `completed`, `completed_at`) VALUES ('4', '40', '0', NULL);
INSERT INTO `janitor_task_checklist` (`assignment_id`, `task_id`, `completed`, `completed_at`) VALUES ('4', '41', '0', NULL);
INSERT INTO `janitor_task_checklist` (`assignment_id`, `task_id`, `completed`, `completed_at`) VALUES ('4', '42', '0', NULL);
INSERT INTO `janitor_task_checklist` (`assignment_id`, `task_id`, `completed`, `completed_at`) VALUES ('4', '43', '0', NULL);
INSERT INTO `janitor_task_checklist` (`assignment_id`, `task_id`, `completed`, `completed_at`) VALUES ('4', '44', '0', NULL);
INSERT INTO `janitor_task_checklist` (`assignment_id`, `task_id`, `completed`, `completed_at`) VALUES ('4', '45', '0', NULL);
INSERT INTO `janitor_task_checklist` (`assignment_id`, `task_id`, `completed`, `completed_at`) VALUES ('4', '46', '0', NULL);
INSERT INTO `janitor_task_checklist` (`assignment_id`, `task_id`, `completed`, `completed_at`) VALUES ('4', '47', '0', NULL);
INSERT INTO `janitor_task_checklist` (`assignment_id`, `task_id`, `completed`, `completed_at`) VALUES ('4', '48', '0', NULL);
INSERT INTO `janitor_task_checklist` (`assignment_id`, `task_id`, `completed`, `completed_at`) VALUES ('4', '49', '0', NULL);
INSERT INTO `janitor_task_checklist` (`assignment_id`, `task_id`, `completed`, `completed_at`) VALUES ('4', '50', '0', NULL);
INSERT INTO `janitor_task_checklist` (`assignment_id`, `task_id`, `completed`, `completed_at`) VALUES ('4', '51', '0', NULL);
INSERT INTO `janitor_task_checklist` (`assignment_id`, `task_id`, `completed`, `completed_at`) VALUES ('4', '52', '0', NULL);
INSERT INTO `janitor_task_checklist` (`assignment_id`, `task_id`, `completed`, `completed_at`) VALUES ('4', '53', '0', NULL);
INSERT INTO `janitor_task_checklist` (`assignment_id`, `task_id`, `completed`, `completed_at`) VALUES ('4', '54', '0', NULL);
INSERT INTO `janitor_task_checklist` (`assignment_id`, `task_id`, `completed`, `completed_at`) VALUES ('4', '55', '0', NULL);
INSERT INTO `janitor_task_checklist` (`assignment_id`, `task_id`, `completed`, `completed_at`) VALUES ('4', '56', '0', NULL);
INSERT INTO `janitor_task_checklist` (`assignment_id`, `task_id`, `completed`, `completed_at`) VALUES ('4', '57', '0', NULL);
INSERT INTO `janitor_task_checklist` (`assignment_id`, `task_id`, `completed`, `completed_at`) VALUES ('4', '58', '0', NULL);
INSERT INTO `janitor_task_checklist` (`assignment_id`, `task_id`, `completed`, `completed_at`) VALUES ('4', '59', '0', NULL);
INSERT INTO `janitor_task_checklist` (`assignment_id`, `task_id`, `completed`, `completed_at`) VALUES ('4', '60', '0', NULL);
INSERT INTO `janitor_task_checklist` (`assignment_id`, `task_id`, `completed`, `completed_at`) VALUES ('4', '61', '0', NULL);
INSERT INTO `janitor_task_checklist` (`assignment_id`, `task_id`, `completed`, `completed_at`) VALUES ('4', '62', '0', NULL);
INSERT INTO `janitor_task_checklist` (`assignment_id`, `task_id`, `completed`, `completed_at`) VALUES ('4', '63', '0', NULL);
INSERT INTO `janitor_task_checklist` (`assignment_id`, `task_id`, `completed`, `completed_at`) VALUES ('4', '64', '0', NULL);
INSERT INTO `janitor_task_checklist` (`assignment_id`, `task_id`, `completed`, `completed_at`) VALUES ('4', '65', '0', NULL);
INSERT INTO `janitor_task_checklist` (`assignment_id`, `task_id`, `completed`, `completed_at`) VALUES ('4', '66', '0', NULL);
INSERT INTO `janitor_task_checklist` (`assignment_id`, `task_id`, `completed`, `completed_at`) VALUES ('4', '67', '0', NULL);
INSERT INTO `janitor_task_checklist` (`assignment_id`, `task_id`, `completed`, `completed_at`) VALUES ('4', '68', '0', NULL);
INSERT INTO `janitor_task_checklist` (`assignment_id`, `task_id`, `completed`, `completed_at`) VALUES ('4', '69', '0', NULL);
INSERT INTO `janitor_task_checklist` (`assignment_id`, `task_id`, `completed`, `completed_at`) VALUES ('4', '70', '0', NULL);
INSERT INTO `janitor_task_checklist` (`assignment_id`, `task_id`, `completed`, `completed_at`) VALUES ('4', '71', '0', NULL);
INSERT INTO `janitor_task_checklist` (`assignment_id`, `task_id`, `completed`, `completed_at`) VALUES ('4', '72', '0', NULL);
INSERT INTO `janitor_task_checklist` (`assignment_id`, `task_id`, `completed`, `completed_at`) VALUES ('4', '73', '0', NULL);
INSERT INTO `janitor_task_checklist` (`assignment_id`, `task_id`, `completed`, `completed_at`) VALUES ('4', '74', '0', NULL);
INSERT INTO `janitor_task_checklist` (`assignment_id`, `task_id`, `completed`, `completed_at`) VALUES ('4', '75', '0', NULL);
INSERT INTO `janitor_task_checklist` (`assignment_id`, `task_id`, `completed`, `completed_at`) VALUES ('4', '76', '0', NULL);
INSERT INTO `janitor_task_checklist` (`assignment_id`, `task_id`, `completed`, `completed_at`) VALUES ('4', '77', '0', NULL);
INSERT INTO `janitor_task_checklist` (`assignment_id`, `task_id`, `completed`, `completed_at`) VALUES ('4', '78', '0', NULL);
INSERT INTO `janitor_task_checklist` (`assignment_id`, `task_id`, `completed`, `completed_at`) VALUES ('4', '79', '0', NULL);
INSERT INTO `janitor_task_checklist` (`assignment_id`, `task_id`, `completed`, `completed_at`) VALUES ('4', '80', '0', NULL);
INSERT INTO `janitor_task_checklist` (`assignment_id`, `task_id`, `completed`, `completed_at`) VALUES ('4', '81', '0', NULL);
INSERT INTO `janitor_task_checklist` (`assignment_id`, `task_id`, `completed`, `completed_at`) VALUES ('4', '82', '0', NULL);
INSERT INTO `janitor_task_checklist` (`assignment_id`, `task_id`, `completed`, `completed_at`) VALUES ('4', '83', '0', NULL);
INSERT INTO `janitor_task_checklist` (`assignment_id`, `task_id`, `completed`, `completed_at`) VALUES ('4', '84', '0', NULL);
INSERT INTO `janitor_task_checklist` (`assignment_id`, `task_id`, `completed`, `completed_at`) VALUES ('4', '85', '0', NULL);
INSERT INTO `janitor_task_checklist` (`assignment_id`, `task_id`, `completed`, `completed_at`) VALUES ('4', '86', '0', NULL);
INSERT INTO `janitor_task_checklist` (`assignment_id`, `task_id`, `completed`, `completed_at`) VALUES ('4', '87', '0', NULL);
INSERT INTO `janitor_task_checklist` (`assignment_id`, `task_id`, `completed`, `completed_at`) VALUES ('4', '88', '0', NULL);
INSERT INTO `janitor_task_checklist` (`assignment_id`, `task_id`, `completed`, `completed_at`) VALUES ('4', '89', '0', NULL);
INSERT INTO `janitor_task_checklist` (`assignment_id`, `task_id`, `completed`, `completed_at`) VALUES ('4', '90', '0', NULL);
INSERT INTO `janitor_task_checklist` (`assignment_id`, `task_id`, `completed`, `completed_at`) VALUES ('4', '91', '0', NULL);
INSERT INTO `janitor_task_checklist` (`assignment_id`, `task_id`, `completed`, `completed_at`) VALUES ('4', '92', '0', NULL);
INSERT INTO `janitor_task_checklist` (`assignment_id`, `task_id`, `completed`, `completed_at`) VALUES ('4', '93', '0', NULL);
INSERT INTO `janitor_task_checklist` (`assignment_id`, `task_id`, `completed`, `completed_at`) VALUES ('4', '94', '0', NULL);
INSERT INTO `janitor_task_checklist` (`assignment_id`, `task_id`, `completed`, `completed_at`) VALUES ('4', '95', '0', NULL);
INSERT INTO `janitor_task_checklist` (`assignment_id`, `task_id`, `completed`, `completed_at`) VALUES ('4', '96', '0', NULL);
INSERT INTO `janitor_task_checklist` (`assignment_id`, `task_id`, `completed`, `completed_at`) VALUES ('4', '97', '0', NULL);
INSERT INTO `janitor_task_checklist` (`assignment_id`, `task_id`, `completed`, `completed_at`) VALUES ('4', '98', '0', NULL);
INSERT INTO `janitor_task_checklist` (`assignment_id`, `task_id`, `completed`, `completed_at`) VALUES ('4', '99', '0', NULL);
INSERT INTO `janitor_task_checklist` (`assignment_id`, `task_id`, `completed`, `completed_at`) VALUES ('4', '100', '0', NULL);
INSERT INTO `janitor_task_checklist` (`assignment_id`, `task_id`, `completed`, `completed_at`) VALUES ('4', '101', '0', NULL);
INSERT INTO `janitor_task_checklist` (`assignment_id`, `task_id`, `completed`, `completed_at`) VALUES ('4', '102', '0', NULL);
INSERT INTO `janitor_task_checklist` (`assignment_id`, `task_id`, `completed`, `completed_at`) VALUES ('4', '103', '0', NULL);
INSERT INTO `janitor_task_checklist` (`assignment_id`, `task_id`, `completed`, `completed_at`) VALUES ('4', '104', '0', NULL);
INSERT INTO `janitor_task_checklist` (`assignment_id`, `task_id`, `completed`, `completed_at`) VALUES ('4', '105', '0', NULL);
INSERT INTO `janitor_task_checklist` (`assignment_id`, `task_id`, `completed`, `completed_at`) VALUES ('4', '106', '0', NULL);
INSERT INTO `janitor_task_checklist` (`assignment_id`, `task_id`, `completed`, `completed_at`) VALUES ('5', '34', '0', NULL);
INSERT INTO `janitor_task_checklist` (`assignment_id`, `task_id`, `completed`, `completed_at`) VALUES ('5', '35', '0', NULL);
INSERT INTO `janitor_task_checklist` (`assignment_id`, `task_id`, `completed`, `completed_at`) VALUES ('5', '36', '0', NULL);
INSERT INTO `janitor_task_checklist` (`assignment_id`, `task_id`, `completed`, `completed_at`) VALUES ('5', '37', '0', NULL);
INSERT INTO `janitor_task_checklist` (`assignment_id`, `task_id`, `completed`, `completed_at`) VALUES ('5', '38', '0', NULL);
INSERT INTO `janitor_task_checklist` (`assignment_id`, `task_id`, `completed`, `completed_at`) VALUES ('5', '39', '0', NULL);
INSERT INTO `janitor_task_checklist` (`assignment_id`, `task_id`, `completed`, `completed_at`) VALUES ('5', '40', '0', NULL);
INSERT INTO `janitor_task_checklist` (`assignment_id`, `task_id`, `completed`, `completed_at`) VALUES ('5', '41', '0', NULL);
INSERT INTO `janitor_task_checklist` (`assignment_id`, `task_id`, `completed`, `completed_at`) VALUES ('5', '42', '0', NULL);
INSERT INTO `janitor_task_checklist` (`assignment_id`, `task_id`, `completed`, `completed_at`) VALUES ('5', '43', '0', NULL);
INSERT INTO `janitor_task_checklist` (`assignment_id`, `task_id`, `completed`, `completed_at`) VALUES ('5', '44', '0', NULL);
INSERT INTO `janitor_task_checklist` (`assignment_id`, `task_id`, `completed`, `completed_at`) VALUES ('5', '45', '0', NULL);
INSERT INTO `janitor_task_checklist` (`assignment_id`, `task_id`, `completed`, `completed_at`) VALUES ('5', '46', '0', NULL);
INSERT INTO `janitor_task_checklist` (`assignment_id`, `task_id`, `completed`, `completed_at`) VALUES ('5', '47', '0', NULL);
INSERT INTO `janitor_task_checklist` (`assignment_id`, `task_id`, `completed`, `completed_at`) VALUES ('5', '48', '0', NULL);
INSERT INTO `janitor_task_checklist` (`assignment_id`, `task_id`, `completed`, `completed_at`) VALUES ('5', '49', '0', NULL);
INSERT INTO `janitor_task_checklist` (`assignment_id`, `task_id`, `completed`, `completed_at`) VALUES ('5', '50', '0', NULL);
INSERT INTO `janitor_task_checklist` (`assignment_id`, `task_id`, `completed`, `completed_at`) VALUES ('5', '51', '0', NULL);
INSERT INTO `janitor_task_checklist` (`assignment_id`, `task_id`, `completed`, `completed_at`) VALUES ('5', '52', '0', NULL);
INSERT INTO `janitor_task_checklist` (`assignment_id`, `task_id`, `completed`, `completed_at`) VALUES ('5', '53', '0', NULL);
INSERT INTO `janitor_task_checklist` (`assignment_id`, `task_id`, `completed`, `completed_at`) VALUES ('5', '54', '0', NULL);
INSERT INTO `janitor_task_checklist` (`assignment_id`, `task_id`, `completed`, `completed_at`) VALUES ('5', '55', '0', NULL);
INSERT INTO `janitor_task_checklist` (`assignment_id`, `task_id`, `completed`, `completed_at`) VALUES ('5', '56', '0', NULL);
INSERT INTO `janitor_task_checklist` (`assignment_id`, `task_id`, `completed`, `completed_at`) VALUES ('5', '57', '0', NULL);
INSERT INTO `janitor_task_checklist` (`assignment_id`, `task_id`, `completed`, `completed_at`) VALUES ('5', '58', '0', NULL);
INSERT INTO `janitor_task_checklist` (`assignment_id`, `task_id`, `completed`, `completed_at`) VALUES ('5', '59', '0', NULL);
INSERT INTO `janitor_task_checklist` (`assignment_id`, `task_id`, `completed`, `completed_at`) VALUES ('5', '60', '0', NULL);
INSERT INTO `janitor_task_checklist` (`assignment_id`, `task_id`, `completed`, `completed_at`) VALUES ('5', '61', '0', NULL);
INSERT INTO `janitor_task_checklist` (`assignment_id`, `task_id`, `completed`, `completed_at`) VALUES ('5', '62', '0', NULL);
INSERT INTO `janitor_task_checklist` (`assignment_id`, `task_id`, `completed`, `completed_at`) VALUES ('5', '63', '0', NULL);
INSERT INTO `janitor_task_checklist` (`assignment_id`, `task_id`, `completed`, `completed_at`) VALUES ('5', '64', '0', NULL);
INSERT INTO `janitor_task_checklist` (`assignment_id`, `task_id`, `completed`, `completed_at`) VALUES ('5', '65', '0', NULL);
INSERT INTO `janitor_task_checklist` (`assignment_id`, `task_id`, `completed`, `completed_at`) VALUES ('5', '66', '0', NULL);
INSERT INTO `janitor_task_checklist` (`assignment_id`, `task_id`, `completed`, `completed_at`) VALUES ('5', '67', '0', NULL);
INSERT INTO `janitor_task_checklist` (`assignment_id`, `task_id`, `completed`, `completed_at`) VALUES ('5', '68', '0', NULL);
INSERT INTO `janitor_task_checklist` (`assignment_id`, `task_id`, `completed`, `completed_at`) VALUES ('5', '69', '0', NULL);
INSERT INTO `janitor_task_checklist` (`assignment_id`, `task_id`, `completed`, `completed_at`) VALUES ('5', '70', '0', NULL);
INSERT INTO `janitor_task_checklist` (`assignment_id`, `task_id`, `completed`, `completed_at`) VALUES ('5', '71', '0', NULL);
INSERT INTO `janitor_task_checklist` (`assignment_id`, `task_id`, `completed`, `completed_at`) VALUES ('5', '72', '0', NULL);
INSERT INTO `janitor_task_checklist` (`assignment_id`, `task_id`, `completed`, `completed_at`) VALUES ('5', '73', '0', NULL);
INSERT INTO `janitor_task_checklist` (`assignment_id`, `task_id`, `completed`, `completed_at`) VALUES ('5', '74', '0', NULL);
INSERT INTO `janitor_task_checklist` (`assignment_id`, `task_id`, `completed`, `completed_at`) VALUES ('5', '75', '0', NULL);
INSERT INTO `janitor_task_checklist` (`assignment_id`, `task_id`, `completed`, `completed_at`) VALUES ('5', '76', '0', NULL);
INSERT INTO `janitor_task_checklist` (`assignment_id`, `task_id`, `completed`, `completed_at`) VALUES ('5', '77', '0', NULL);
INSERT INTO `janitor_task_checklist` (`assignment_id`, `task_id`, `completed`, `completed_at`) VALUES ('5', '78', '0', NULL);
INSERT INTO `janitor_task_checklist` (`assignment_id`, `task_id`, `completed`, `completed_at`) VALUES ('5', '79', '0', NULL);
INSERT INTO `janitor_task_checklist` (`assignment_id`, `task_id`, `completed`, `completed_at`) VALUES ('5', '80', '0', NULL);
INSERT INTO `janitor_task_checklist` (`assignment_id`, `task_id`, `completed`, `completed_at`) VALUES ('5', '81', '0', NULL);
INSERT INTO `janitor_task_checklist` (`assignment_id`, `task_id`, `completed`, `completed_at`) VALUES ('5', '82', '0', NULL);
INSERT INTO `janitor_task_checklist` (`assignment_id`, `task_id`, `completed`, `completed_at`) VALUES ('5', '83', '0', NULL);
INSERT INTO `janitor_task_checklist` (`assignment_id`, `task_id`, `completed`, `completed_at`) VALUES ('5', '84', '0', NULL);
INSERT INTO `janitor_task_checklist` (`assignment_id`, `task_id`, `completed`, `completed_at`) VALUES ('5', '85', '0', NULL);
INSERT INTO `janitor_task_checklist` (`assignment_id`, `task_id`, `completed`, `completed_at`) VALUES ('5', '86', '0', NULL);
INSERT INTO `janitor_task_checklist` (`assignment_id`, `task_id`, `completed`, `completed_at`) VALUES ('5', '87', '0', NULL);
INSERT INTO `janitor_task_checklist` (`assignment_id`, `task_id`, `completed`, `completed_at`) VALUES ('5', '88', '0', NULL);
INSERT INTO `janitor_task_checklist` (`assignment_id`, `task_id`, `completed`, `completed_at`) VALUES ('5', '89', '0', NULL);
INSERT INTO `janitor_task_checklist` (`assignment_id`, `task_id`, `completed`, `completed_at`) VALUES ('5', '90', '0', NULL);
INSERT INTO `janitor_task_checklist` (`assignment_id`, `task_id`, `completed`, `completed_at`) VALUES ('5', '91', '0', NULL);
INSERT INTO `janitor_task_checklist` (`assignment_id`, `task_id`, `completed`, `completed_at`) VALUES ('5', '92', '0', NULL);
INSERT INTO `janitor_task_checklist` (`assignment_id`, `task_id`, `completed`, `completed_at`) VALUES ('5', '93', '0', NULL);
INSERT INTO `janitor_task_checklist` (`assignment_id`, `task_id`, `completed`, `completed_at`) VALUES ('5', '94', '0', NULL);
INSERT INTO `janitor_task_checklist` (`assignment_id`, `task_id`, `completed`, `completed_at`) VALUES ('5', '95', '0', NULL);
INSERT INTO `janitor_task_checklist` (`assignment_id`, `task_id`, `completed`, `completed_at`) VALUES ('5', '96', '0', NULL);
INSERT INTO `janitor_task_checklist` (`assignment_id`, `task_id`, `completed`, `completed_at`) VALUES ('5', '97', '0', NULL);
INSERT INTO `janitor_task_checklist` (`assignment_id`, `task_id`, `completed`, `completed_at`) VALUES ('5', '98', '0', NULL);
INSERT INTO `janitor_task_checklist` (`assignment_id`, `task_id`, `completed`, `completed_at`) VALUES ('5', '99', '0', NULL);
INSERT INTO `janitor_task_checklist` (`assignment_id`, `task_id`, `completed`, `completed_at`) VALUES ('5', '100', '0', NULL);
INSERT INTO `janitor_task_checklist` (`assignment_id`, `task_id`, `completed`, `completed_at`) VALUES ('5', '101', '0', NULL);
INSERT INTO `janitor_task_checklist` (`assignment_id`, `task_id`, `completed`, `completed_at`) VALUES ('5', '102', '0', NULL);
INSERT INTO `janitor_task_checklist` (`assignment_id`, `task_id`, `completed`, `completed_at`) VALUES ('5', '103', '0', NULL);
INSERT INTO `janitor_task_checklist` (`assignment_id`, `task_id`, `completed`, `completed_at`) VALUES ('5', '104', '0', NULL);
INSERT INTO `janitor_task_checklist` (`assignment_id`, `task_id`, `completed`, `completed_at`) VALUES ('5', '105', '0', NULL);
INSERT INTO `janitor_task_checklist` (`assignment_id`, `task_id`, `completed`, `completed_at`) VALUES ('5', '106', '0', NULL);
INSERT INTO `janitor_task_checklist` (`assignment_id`, `task_id`, `completed`, `completed_at`) VALUES ('6', '34', '0', NULL);
INSERT INTO `janitor_task_checklist` (`assignment_id`, `task_id`, `completed`, `completed_at`) VALUES ('6', '35', '0', NULL);
INSERT INTO `janitor_task_checklist` (`assignment_id`, `task_id`, `completed`, `completed_at`) VALUES ('6', '36', '0', NULL);
INSERT INTO `janitor_task_checklist` (`assignment_id`, `task_id`, `completed`, `completed_at`) VALUES ('6', '37', '0', NULL);
INSERT INTO `janitor_task_checklist` (`assignment_id`, `task_id`, `completed`, `completed_at`) VALUES ('6', '38', '0', NULL);
INSERT INTO `janitor_task_checklist` (`assignment_id`, `task_id`, `completed`, `completed_at`) VALUES ('6', '39', '0', NULL);
INSERT INTO `janitor_task_checklist` (`assignment_id`, `task_id`, `completed`, `completed_at`) VALUES ('6', '40', '0', NULL);
INSERT INTO `janitor_task_checklist` (`assignment_id`, `task_id`, `completed`, `completed_at`) VALUES ('6', '41', '0', NULL);
INSERT INTO `janitor_task_checklist` (`assignment_id`, `task_id`, `completed`, `completed_at`) VALUES ('6', '42', '0', NULL);
INSERT INTO `janitor_task_checklist` (`assignment_id`, `task_id`, `completed`, `completed_at`) VALUES ('6', '43', '0', NULL);
INSERT INTO `janitor_task_checklist` (`assignment_id`, `task_id`, `completed`, `completed_at`) VALUES ('6', '44', '0', NULL);
INSERT INTO `janitor_task_checklist` (`assignment_id`, `task_id`, `completed`, `completed_at`) VALUES ('6', '45', '0', NULL);
INSERT INTO `janitor_task_checklist` (`assignment_id`, `task_id`, `completed`, `completed_at`) VALUES ('6', '46', '0', NULL);
INSERT INTO `janitor_task_checklist` (`assignment_id`, `task_id`, `completed`, `completed_at`) VALUES ('6', '47', '0', NULL);
INSERT INTO `janitor_task_checklist` (`assignment_id`, `task_id`, `completed`, `completed_at`) VALUES ('6', '48', '0', NULL);
INSERT INTO `janitor_task_checklist` (`assignment_id`, `task_id`, `completed`, `completed_at`) VALUES ('6', '49', '0', NULL);
INSERT INTO `janitor_task_checklist` (`assignment_id`, `task_id`, `completed`, `completed_at`) VALUES ('6', '50', '0', NULL);
INSERT INTO `janitor_task_checklist` (`assignment_id`, `task_id`, `completed`, `completed_at`) VALUES ('6', '51', '0', NULL);
INSERT INTO `janitor_task_checklist` (`assignment_id`, `task_id`, `completed`, `completed_at`) VALUES ('6', '52', '0', NULL);
INSERT INTO `janitor_task_checklist` (`assignment_id`, `task_id`, `completed`, `completed_at`) VALUES ('6', '53', '0', NULL);
INSERT INTO `janitor_task_checklist` (`assignment_id`, `task_id`, `completed`, `completed_at`) VALUES ('6', '54', '0', NULL);
INSERT INTO `janitor_task_checklist` (`assignment_id`, `task_id`, `completed`, `completed_at`) VALUES ('6', '55', '0', NULL);
INSERT INTO `janitor_task_checklist` (`assignment_id`, `task_id`, `completed`, `completed_at`) VALUES ('6', '56', '0', NULL);
INSERT INTO `janitor_task_checklist` (`assignment_id`, `task_id`, `completed`, `completed_at`) VALUES ('6', '57', '0', NULL);
INSERT INTO `janitor_task_checklist` (`assignment_id`, `task_id`, `completed`, `completed_at`) VALUES ('6', '58', '0', NULL);
INSERT INTO `janitor_task_checklist` (`assignment_id`, `task_id`, `completed`, `completed_at`) VALUES ('6', '59', '0', NULL);
INSERT INTO `janitor_task_checklist` (`assignment_id`, `task_id`, `completed`, `completed_at`) VALUES ('6', '60', '0', NULL);
INSERT INTO `janitor_task_checklist` (`assignment_id`, `task_id`, `completed`, `completed_at`) VALUES ('6', '61', '0', NULL);
INSERT INTO `janitor_task_checklist` (`assignment_id`, `task_id`, `completed`, `completed_at`) VALUES ('6', '62', '0', NULL);
INSERT INTO `janitor_task_checklist` (`assignment_id`, `task_id`, `completed`, `completed_at`) VALUES ('6', '63', '0', NULL);
INSERT INTO `janitor_task_checklist` (`assignment_id`, `task_id`, `completed`, `completed_at`) VALUES ('6', '64', '0', NULL);
INSERT INTO `janitor_task_checklist` (`assignment_id`, `task_id`, `completed`, `completed_at`) VALUES ('6', '65', '0', NULL);
INSERT INTO `janitor_task_checklist` (`assignment_id`, `task_id`, `completed`, `completed_at`) VALUES ('6', '66', '0', NULL);
INSERT INTO `janitor_task_checklist` (`assignment_id`, `task_id`, `completed`, `completed_at`) VALUES ('6', '67', '0', NULL);
INSERT INTO `janitor_task_checklist` (`assignment_id`, `task_id`, `completed`, `completed_at`) VALUES ('6', '68', '0', NULL);
INSERT INTO `janitor_task_checklist` (`assignment_id`, `task_id`, `completed`, `completed_at`) VALUES ('6', '69', '0', NULL);
INSERT INTO `janitor_task_checklist` (`assignment_id`, `task_id`, `completed`, `completed_at`) VALUES ('6', '70', '0', NULL);
INSERT INTO `janitor_task_checklist` (`assignment_id`, `task_id`, `completed`, `completed_at`) VALUES ('6', '71', '0', NULL);
INSERT INTO `janitor_task_checklist` (`assignment_id`, `task_id`, `completed`, `completed_at`) VALUES ('6', '72', '0', NULL);
INSERT INTO `janitor_task_checklist` (`assignment_id`, `task_id`, `completed`, `completed_at`) VALUES ('6', '73', '0', NULL);
INSERT INTO `janitor_task_checklist` (`assignment_id`, `task_id`, `completed`, `completed_at`) VALUES ('6', '74', '0', NULL);
INSERT INTO `janitor_task_checklist` (`assignment_id`, `task_id`, `completed`, `completed_at`) VALUES ('6', '75', '0', NULL);
INSERT INTO `janitor_task_checklist` (`assignment_id`, `task_id`, `completed`, `completed_at`) VALUES ('6', '76', '0', NULL);
INSERT INTO `janitor_task_checklist` (`assignment_id`, `task_id`, `completed`, `completed_at`) VALUES ('6', '77', '0', NULL);
INSERT INTO `janitor_task_checklist` (`assignment_id`, `task_id`, `completed`, `completed_at`) VALUES ('6', '78', '0', NULL);
INSERT INTO `janitor_task_checklist` (`assignment_id`, `task_id`, `completed`, `completed_at`) VALUES ('6', '79', '0', NULL);
INSERT INTO `janitor_task_checklist` (`assignment_id`, `task_id`, `completed`, `completed_at`) VALUES ('6', '80', '0', NULL);
INSERT INTO `janitor_task_checklist` (`assignment_id`, `task_id`, `completed`, `completed_at`) VALUES ('6', '81', '0', NULL);
INSERT INTO `janitor_task_checklist` (`assignment_id`, `task_id`, `completed`, `completed_at`) VALUES ('6', '82', '0', NULL);
INSERT INTO `janitor_task_checklist` (`assignment_id`, `task_id`, `completed`, `completed_at`) VALUES ('6', '83', '0', NULL);
INSERT INTO `janitor_task_checklist` (`assignment_id`, `task_id`, `completed`, `completed_at`) VALUES ('6', '84', '0', NULL);
INSERT INTO `janitor_task_checklist` (`assignment_id`, `task_id`, `completed`, `completed_at`) VALUES ('6', '85', '0', NULL);
INSERT INTO `janitor_task_checklist` (`assignment_id`, `task_id`, `completed`, `completed_at`) VALUES ('6', '86', '0', NULL);
INSERT INTO `janitor_task_checklist` (`assignment_id`, `task_id`, `completed`, `completed_at`) VALUES ('6', '87', '0', NULL);
INSERT INTO `janitor_task_checklist` (`assignment_id`, `task_id`, `completed`, `completed_at`) VALUES ('6', '88', '0', NULL);
INSERT INTO `janitor_task_checklist` (`assignment_id`, `task_id`, `completed`, `completed_at`) VALUES ('6', '89', '0', NULL);
INSERT INTO `janitor_task_checklist` (`assignment_id`, `task_id`, `completed`, `completed_at`) VALUES ('6', '90', '0', NULL);
INSERT INTO `janitor_task_checklist` (`assignment_id`, `task_id`, `completed`, `completed_at`) VALUES ('6', '91', '0', NULL);
INSERT INTO `janitor_task_checklist` (`assignment_id`, `task_id`, `completed`, `completed_at`) VALUES ('6', '92', '0', NULL);
INSERT INTO `janitor_task_checklist` (`assignment_id`, `task_id`, `completed`, `completed_at`) VALUES ('6', '93', '0', NULL);
INSERT INTO `janitor_task_checklist` (`assignment_id`, `task_id`, `completed`, `completed_at`) VALUES ('6', '94', '0', NULL);
INSERT INTO `janitor_task_checklist` (`assignment_id`, `task_id`, `completed`, `completed_at`) VALUES ('6', '95', '0', NULL);
INSERT INTO `janitor_task_checklist` (`assignment_id`, `task_id`, `completed`, `completed_at`) VALUES ('6', '96', '0', NULL);
INSERT INTO `janitor_task_checklist` (`assignment_id`, `task_id`, `completed`, `completed_at`) VALUES ('6', '97', '0', NULL);
INSERT INTO `janitor_task_checklist` (`assignment_id`, `task_id`, `completed`, `completed_at`) VALUES ('6', '98', '0', NULL);
INSERT INTO `janitor_task_checklist` (`assignment_id`, `task_id`, `completed`, `completed_at`) VALUES ('6', '99', '0', NULL);
INSERT INTO `janitor_task_checklist` (`assignment_id`, `task_id`, `completed`, `completed_at`) VALUES ('6', '100', '0', NULL);
INSERT INTO `janitor_task_checklist` (`assignment_id`, `task_id`, `completed`, `completed_at`) VALUES ('6', '101', '0', NULL);
INSERT INTO `janitor_task_checklist` (`assignment_id`, `task_id`, `completed`, `completed_at`) VALUES ('6', '102', '0', NULL);
INSERT INTO `janitor_task_checklist` (`assignment_id`, `task_id`, `completed`, `completed_at`) VALUES ('6', '103', '0', NULL);
INSERT INTO `janitor_task_checklist` (`assignment_id`, `task_id`, `completed`, `completed_at`) VALUES ('6', '104', '0', NULL);
INSERT INTO `janitor_task_checklist` (`assignment_id`, `task_id`, `completed`, `completed_at`) VALUES ('6', '105', '0', NULL);
INSERT INTO `janitor_task_checklist` (`assignment_id`, `task_id`, `completed`, `completed_at`) VALUES ('6', '106', '0', NULL);
INSERT INTO `janitor_task_checklist` (`assignment_id`, `task_id`, `completed`, `completed_at`) VALUES ('7', '34', '0', NULL);
INSERT INTO `janitor_task_checklist` (`assignment_id`, `task_id`, `completed`, `completed_at`) VALUES ('7', '35', '0', NULL);
INSERT INTO `janitor_task_checklist` (`assignment_id`, `task_id`, `completed`, `completed_at`) VALUES ('7', '36', '0', NULL);
INSERT INTO `janitor_task_checklist` (`assignment_id`, `task_id`, `completed`, `completed_at`) VALUES ('7', '37', '0', NULL);
INSERT INTO `janitor_task_checklist` (`assignment_id`, `task_id`, `completed`, `completed_at`) VALUES ('7', '38', '0', NULL);
INSERT INTO `janitor_task_checklist` (`assignment_id`, `task_id`, `completed`, `completed_at`) VALUES ('7', '39', '0', NULL);
INSERT INTO `janitor_task_checklist` (`assignment_id`, `task_id`, `completed`, `completed_at`) VALUES ('7', '40', '0', NULL);
INSERT INTO `janitor_task_checklist` (`assignment_id`, `task_id`, `completed`, `completed_at`) VALUES ('7', '41', '0', NULL);
INSERT INTO `janitor_task_checklist` (`assignment_id`, `task_id`, `completed`, `completed_at`) VALUES ('7', '42', '0', NULL);
INSERT INTO `janitor_task_checklist` (`assignment_id`, `task_id`, `completed`, `completed_at`) VALUES ('7', '43', '0', NULL);
INSERT INTO `janitor_task_checklist` (`assignment_id`, `task_id`, `completed`, `completed_at`) VALUES ('7', '44', '0', NULL);
INSERT INTO `janitor_task_checklist` (`assignment_id`, `task_id`, `completed`, `completed_at`) VALUES ('7', '45', '0', NULL);
INSERT INTO `janitor_task_checklist` (`assignment_id`, `task_id`, `completed`, `completed_at`) VALUES ('7', '46', '0', NULL);
INSERT INTO `janitor_task_checklist` (`assignment_id`, `task_id`, `completed`, `completed_at`) VALUES ('7', '47', '0', NULL);
INSERT INTO `janitor_task_checklist` (`assignment_id`, `task_id`, `completed`, `completed_at`) VALUES ('7', '48', '0', NULL);
INSERT INTO `janitor_task_checklist` (`assignment_id`, `task_id`, `completed`, `completed_at`) VALUES ('7', '49', '0', NULL);
INSERT INTO `janitor_task_checklist` (`assignment_id`, `task_id`, `completed`, `completed_at`) VALUES ('7', '50', '0', NULL);
INSERT INTO `janitor_task_checklist` (`assignment_id`, `task_id`, `completed`, `completed_at`) VALUES ('7', '51', '0', NULL);
INSERT INTO `janitor_task_checklist` (`assignment_id`, `task_id`, `completed`, `completed_at`) VALUES ('7', '52', '0', NULL);
INSERT INTO `janitor_task_checklist` (`assignment_id`, `task_id`, `completed`, `completed_at`) VALUES ('7', '53', '0', NULL);
INSERT INTO `janitor_task_checklist` (`assignment_id`, `task_id`, `completed`, `completed_at`) VALUES ('7', '54', '0', NULL);
INSERT INTO `janitor_task_checklist` (`assignment_id`, `task_id`, `completed`, `completed_at`) VALUES ('7', '55', '0', NULL);
INSERT INTO `janitor_task_checklist` (`assignment_id`, `task_id`, `completed`, `completed_at`) VALUES ('7', '56', '0', NULL);
INSERT INTO `janitor_task_checklist` (`assignment_id`, `task_id`, `completed`, `completed_at`) VALUES ('7', '57', '0', NULL);
INSERT INTO `janitor_task_checklist` (`assignment_id`, `task_id`, `completed`, `completed_at`) VALUES ('7', '58', '0', NULL);
INSERT INTO `janitor_task_checklist` (`assignment_id`, `task_id`, `completed`, `completed_at`) VALUES ('7', '59', '0', NULL);
INSERT INTO `janitor_task_checklist` (`assignment_id`, `task_id`, `completed`, `completed_at`) VALUES ('7', '60', '0', NULL);
INSERT INTO `janitor_task_checklist` (`assignment_id`, `task_id`, `completed`, `completed_at`) VALUES ('7', '61', '0', NULL);
INSERT INTO `janitor_task_checklist` (`assignment_id`, `task_id`, `completed`, `completed_at`) VALUES ('7', '62', '0', NULL);
INSERT INTO `janitor_task_checklist` (`assignment_id`, `task_id`, `completed`, `completed_at`) VALUES ('7', '63', '0', NULL);
INSERT INTO `janitor_task_checklist` (`assignment_id`, `task_id`, `completed`, `completed_at`) VALUES ('7', '64', '0', NULL);
INSERT INTO `janitor_task_checklist` (`assignment_id`, `task_id`, `completed`, `completed_at`) VALUES ('7', '65', '0', NULL);
INSERT INTO `janitor_task_checklist` (`assignment_id`, `task_id`, `completed`, `completed_at`) VALUES ('7', '66', '0', NULL);
INSERT INTO `janitor_task_checklist` (`assignment_id`, `task_id`, `completed`, `completed_at`) VALUES ('7', '67', '0', NULL);
INSERT INTO `janitor_task_checklist` (`assignment_id`, `task_id`, `completed`, `completed_at`) VALUES ('7', '68', '0', NULL);
INSERT INTO `janitor_task_checklist` (`assignment_id`, `task_id`, `completed`, `completed_at`) VALUES ('7', '69', '0', NULL);
INSERT INTO `janitor_task_checklist` (`assignment_id`, `task_id`, `completed`, `completed_at`) VALUES ('7', '70', '0', NULL);
INSERT INTO `janitor_task_checklist` (`assignment_id`, `task_id`, `completed`, `completed_at`) VALUES ('7', '71', '0', NULL);
INSERT INTO `janitor_task_checklist` (`assignment_id`, `task_id`, `completed`, `completed_at`) VALUES ('7', '72', '0', NULL);
INSERT INTO `janitor_task_checklist` (`assignment_id`, `task_id`, `completed`, `completed_at`) VALUES ('7', '73', '0', NULL);
INSERT INTO `janitor_task_checklist` (`assignment_id`, `task_id`, `completed`, `completed_at`) VALUES ('7', '74', '0', NULL);
INSERT INTO `janitor_task_checklist` (`assignment_id`, `task_id`, `completed`, `completed_at`) VALUES ('7', '75', '0', NULL);
INSERT INTO `janitor_task_checklist` (`assignment_id`, `task_id`, `completed`, `completed_at`) VALUES ('7', '76', '0', NULL);
INSERT INTO `janitor_task_checklist` (`assignment_id`, `task_id`, `completed`, `completed_at`) VALUES ('7', '77', '0', NULL);
INSERT INTO `janitor_task_checklist` (`assignment_id`, `task_id`, `completed`, `completed_at`) VALUES ('7', '78', '0', NULL);
INSERT INTO `janitor_task_checklist` (`assignment_id`, `task_id`, `completed`, `completed_at`) VALUES ('7', '79', '0', NULL);
INSERT INTO `janitor_task_checklist` (`assignment_id`, `task_id`, `completed`, `completed_at`) VALUES ('7', '80', '0', NULL);
INSERT INTO `janitor_task_checklist` (`assignment_id`, `task_id`, `completed`, `completed_at`) VALUES ('7', '81', '0', NULL);
INSERT INTO `janitor_task_checklist` (`assignment_id`, `task_id`, `completed`, `completed_at`) VALUES ('7', '82', '0', NULL);
INSERT INTO `janitor_task_checklist` (`assignment_id`, `task_id`, `completed`, `completed_at`) VALUES ('7', '83', '0', NULL);
INSERT INTO `janitor_task_checklist` (`assignment_id`, `task_id`, `completed`, `completed_at`) VALUES ('7', '84', '0', NULL);
INSERT INTO `janitor_task_checklist` (`assignment_id`, `task_id`, `completed`, `completed_at`) VALUES ('7', '85', '0', NULL);
INSERT INTO `janitor_task_checklist` (`assignment_id`, `task_id`, `completed`, `completed_at`) VALUES ('7', '86', '0', NULL);
INSERT INTO `janitor_task_checklist` (`assignment_id`, `task_id`, `completed`, `completed_at`) VALUES ('7', '87', '0', NULL);
INSERT INTO `janitor_task_checklist` (`assignment_id`, `task_id`, `completed`, `completed_at`) VALUES ('7', '88', '0', NULL);
INSERT INTO `janitor_task_checklist` (`assignment_id`, `task_id`, `completed`, `completed_at`) VALUES ('7', '89', '0', NULL);
INSERT INTO `janitor_task_checklist` (`assignment_id`, `task_id`, `completed`, `completed_at`) VALUES ('7', '90', '0', NULL);
INSERT INTO `janitor_task_checklist` (`assignment_id`, `task_id`, `completed`, `completed_at`) VALUES ('7', '91', '0', NULL);
INSERT INTO `janitor_task_checklist` (`assignment_id`, `task_id`, `completed`, `completed_at`) VALUES ('7', '92', '0', NULL);
INSERT INTO `janitor_task_checklist` (`assignment_id`, `task_id`, `completed`, `completed_at`) VALUES ('7', '93', '0', NULL);
INSERT INTO `janitor_task_checklist` (`assignment_id`, `task_id`, `completed`, `completed_at`) VALUES ('7', '94', '0', NULL);
INSERT INTO `janitor_task_checklist` (`assignment_id`, `task_id`, `completed`, `completed_at`) VALUES ('7', '95', '0', NULL);
INSERT INTO `janitor_task_checklist` (`assignment_id`, `task_id`, `completed`, `completed_at`) VALUES ('7', '96', '0', NULL);
INSERT INTO `janitor_task_checklist` (`assignment_id`, `task_id`, `completed`, `completed_at`) VALUES ('7', '97', '0', NULL);
INSERT INTO `janitor_task_checklist` (`assignment_id`, `task_id`, `completed`, `completed_at`) VALUES ('7', '98', '0', NULL);
INSERT INTO `janitor_task_checklist` (`assignment_id`, `task_id`, `completed`, `completed_at`) VALUES ('7', '99', '0', NULL);
INSERT INTO `janitor_task_checklist` (`assignment_id`, `task_id`, `completed`, `completed_at`) VALUES ('7', '100', '0', NULL);
INSERT INTO `janitor_task_checklist` (`assignment_id`, `task_id`, `completed`, `completed_at`) VALUES ('7', '101', '0', NULL);
INSERT INTO `janitor_task_checklist` (`assignment_id`, `task_id`, `completed`, `completed_at`) VALUES ('7', '102', '0', NULL);
INSERT INTO `janitor_task_checklist` (`assignment_id`, `task_id`, `completed`, `completed_at`) VALUES ('7', '103', '0', NULL);
INSERT INTO `janitor_task_checklist` (`assignment_id`, `task_id`, `completed`, `completed_at`) VALUES ('7', '104', '0', NULL);
INSERT INTO `janitor_task_checklist` (`assignment_id`, `task_id`, `completed`, `completed_at`) VALUES ('7', '105', '0', NULL);
INSERT INTO `janitor_task_checklist` (`assignment_id`, `task_id`, `completed`, `completed_at`) VALUES ('7', '106', '0', NULL);
INSERT INTO `janitor_task_checklist` (`assignment_id`, `task_id`, `completed`, `completed_at`) VALUES ('8', '34', '0', NULL);
INSERT INTO `janitor_task_checklist` (`assignment_id`, `task_id`, `completed`, `completed_at`) VALUES ('8', '35', '0', NULL);
INSERT INTO `janitor_task_checklist` (`assignment_id`, `task_id`, `completed`, `completed_at`) VALUES ('8', '36', '0', NULL);
INSERT INTO `janitor_task_checklist` (`assignment_id`, `task_id`, `completed`, `completed_at`) VALUES ('8', '37', '0', NULL);
INSERT INTO `janitor_task_checklist` (`assignment_id`, `task_id`, `completed`, `completed_at`) VALUES ('8', '38', '0', NULL);
INSERT INTO `janitor_task_checklist` (`assignment_id`, `task_id`, `completed`, `completed_at`) VALUES ('8', '39', '0', NULL);
INSERT INTO `janitor_task_checklist` (`assignment_id`, `task_id`, `completed`, `completed_at`) VALUES ('8', '40', '0', NULL);
INSERT INTO `janitor_task_checklist` (`assignment_id`, `task_id`, `completed`, `completed_at`) VALUES ('8', '41', '0', NULL);
INSERT INTO `janitor_task_checklist` (`assignment_id`, `task_id`, `completed`, `completed_at`) VALUES ('8', '42', '0', NULL);
INSERT INTO `janitor_task_checklist` (`assignment_id`, `task_id`, `completed`, `completed_at`) VALUES ('8', '43', '0', NULL);
INSERT INTO `janitor_task_checklist` (`assignment_id`, `task_id`, `completed`, `completed_at`) VALUES ('8', '44', '0', NULL);
INSERT INTO `janitor_task_checklist` (`assignment_id`, `task_id`, `completed`, `completed_at`) VALUES ('8', '45', '0', NULL);
INSERT INTO `janitor_task_checklist` (`assignment_id`, `task_id`, `completed`, `completed_at`) VALUES ('8', '46', '0', NULL);
INSERT INTO `janitor_task_checklist` (`assignment_id`, `task_id`, `completed`, `completed_at`) VALUES ('8', '47', '0', NULL);
INSERT INTO `janitor_task_checklist` (`assignment_id`, `task_id`, `completed`, `completed_at`) VALUES ('8', '48', '0', NULL);
INSERT INTO `janitor_task_checklist` (`assignment_id`, `task_id`, `completed`, `completed_at`) VALUES ('8', '49', '0', NULL);
INSERT INTO `janitor_task_checklist` (`assignment_id`, `task_id`, `completed`, `completed_at`) VALUES ('8', '50', '0', NULL);
INSERT INTO `janitor_task_checklist` (`assignment_id`, `task_id`, `completed`, `completed_at`) VALUES ('8', '51', '0', NULL);
INSERT INTO `janitor_task_checklist` (`assignment_id`, `task_id`, `completed`, `completed_at`) VALUES ('8', '52', '0', NULL);
INSERT INTO `janitor_task_checklist` (`assignment_id`, `task_id`, `completed`, `completed_at`) VALUES ('8', '53', '0', NULL);
INSERT INTO `janitor_task_checklist` (`assignment_id`, `task_id`, `completed`, `completed_at`) VALUES ('8', '54', '0', NULL);
INSERT INTO `janitor_task_checklist` (`assignment_id`, `task_id`, `completed`, `completed_at`) VALUES ('8', '55', '0', NULL);
INSERT INTO `janitor_task_checklist` (`assignment_id`, `task_id`, `completed`, `completed_at`) VALUES ('8', '56', '0', NULL);
INSERT INTO `janitor_task_checklist` (`assignment_id`, `task_id`, `completed`, `completed_at`) VALUES ('8', '57', '0', NULL);
INSERT INTO `janitor_task_checklist` (`assignment_id`, `task_id`, `completed`, `completed_at`) VALUES ('8', '58', '0', NULL);
INSERT INTO `janitor_task_checklist` (`assignment_id`, `task_id`, `completed`, `completed_at`) VALUES ('8', '59', '0', NULL);
INSERT INTO `janitor_task_checklist` (`assignment_id`, `task_id`, `completed`, `completed_at`) VALUES ('8', '60', '0', NULL);
INSERT INTO `janitor_task_checklist` (`assignment_id`, `task_id`, `completed`, `completed_at`) VALUES ('8', '61', '0', NULL);
INSERT INTO `janitor_task_checklist` (`assignment_id`, `task_id`, `completed`, `completed_at`) VALUES ('8', '62', '0', NULL);
INSERT INTO `janitor_task_checklist` (`assignment_id`, `task_id`, `completed`, `completed_at`) VALUES ('8', '63', '0', NULL);
INSERT INTO `janitor_task_checklist` (`assignment_id`, `task_id`, `completed`, `completed_at`) VALUES ('8', '64', '0', NULL);
INSERT INTO `janitor_task_checklist` (`assignment_id`, `task_id`, `completed`, `completed_at`) VALUES ('8', '65', '0', NULL);
INSERT INTO `janitor_task_checklist` (`assignment_id`, `task_id`, `completed`, `completed_at`) VALUES ('8', '66', '0', NULL);
INSERT INTO `janitor_task_checklist` (`assignment_id`, `task_id`, `completed`, `completed_at`) VALUES ('8', '67', '0', NULL);
INSERT INTO `janitor_task_checklist` (`assignment_id`, `task_id`, `completed`, `completed_at`) VALUES ('8', '68', '0', NULL);
INSERT INTO `janitor_task_checklist` (`assignment_id`, `task_id`, `completed`, `completed_at`) VALUES ('8', '69', '0', NULL);
INSERT INTO `janitor_task_checklist` (`assignment_id`, `task_id`, `completed`, `completed_at`) VALUES ('8', '70', '0', NULL);
INSERT INTO `janitor_task_checklist` (`assignment_id`, `task_id`, `completed`, `completed_at`) VALUES ('8', '71', '0', NULL);
INSERT INTO `janitor_task_checklist` (`assignment_id`, `task_id`, `completed`, `completed_at`) VALUES ('8', '72', '0', NULL);
INSERT INTO `janitor_task_checklist` (`assignment_id`, `task_id`, `completed`, `completed_at`) VALUES ('8', '73', '0', NULL);
INSERT INTO `janitor_task_checklist` (`assignment_id`, `task_id`, `completed`, `completed_at`) VALUES ('8', '74', '0', NULL);
INSERT INTO `janitor_task_checklist` (`assignment_id`, `task_id`, `completed`, `completed_at`) VALUES ('8', '75', '0', NULL);
INSERT INTO `janitor_task_checklist` (`assignment_id`, `task_id`, `completed`, `completed_at`) VALUES ('8', '76', '0', NULL);
INSERT INTO `janitor_task_checklist` (`assignment_id`, `task_id`, `completed`, `completed_at`) VALUES ('8', '77', '0', NULL);
INSERT INTO `janitor_task_checklist` (`assignment_id`, `task_id`, `completed`, `completed_at`) VALUES ('8', '78', '0', NULL);
INSERT INTO `janitor_task_checklist` (`assignment_id`, `task_id`, `completed`, `completed_at`) VALUES ('8', '79', '0', NULL);
INSERT INTO `janitor_task_checklist` (`assignment_id`, `task_id`, `completed`, `completed_at`) VALUES ('8', '80', '0', NULL);
INSERT INTO `janitor_task_checklist` (`assignment_id`, `task_id`, `completed`, `completed_at`) VALUES ('8', '81', '0', NULL);
INSERT INTO `janitor_task_checklist` (`assignment_id`, `task_id`, `completed`, `completed_at`) VALUES ('8', '82', '0', NULL);
INSERT INTO `janitor_task_checklist` (`assignment_id`, `task_id`, `completed`, `completed_at`) VALUES ('8', '83', '0', NULL);
INSERT INTO `janitor_task_checklist` (`assignment_id`, `task_id`, `completed`, `completed_at`) VALUES ('8', '84', '0', NULL);
INSERT INTO `janitor_task_checklist` (`assignment_id`, `task_id`, `completed`, `completed_at`) VALUES ('8', '85', '0', NULL);
INSERT INTO `janitor_task_checklist` (`assignment_id`, `task_id`, `completed`, `completed_at`) VALUES ('8', '86', '0', NULL);
INSERT INTO `janitor_task_checklist` (`assignment_id`, `task_id`, `completed`, `completed_at`) VALUES ('8', '87', '0', NULL);
INSERT INTO `janitor_task_checklist` (`assignment_id`, `task_id`, `completed`, `completed_at`) VALUES ('8', '88', '0', NULL);
INSERT INTO `janitor_task_checklist` (`assignment_id`, `task_id`, `completed`, `completed_at`) VALUES ('8', '89', '0', NULL);
INSERT INTO `janitor_task_checklist` (`assignment_id`, `task_id`, `completed`, `completed_at`) VALUES ('8', '90', '0', NULL);
INSERT INTO `janitor_task_checklist` (`assignment_id`, `task_id`, `completed`, `completed_at`) VALUES ('8', '91', '0', NULL);
INSERT INTO `janitor_task_checklist` (`assignment_id`, `task_id`, `completed`, `completed_at`) VALUES ('8', '92', '0', NULL);
INSERT INTO `janitor_task_checklist` (`assignment_id`, `task_id`, `completed`, `completed_at`) VALUES ('8', '93', '0', NULL);
INSERT INTO `janitor_task_checklist` (`assignment_id`, `task_id`, `completed`, `completed_at`) VALUES ('8', '94', '0', NULL);
INSERT INTO `janitor_task_checklist` (`assignment_id`, `task_id`, `completed`, `completed_at`) VALUES ('8', '95', '0', NULL);
INSERT INTO `janitor_task_checklist` (`assignment_id`, `task_id`, `completed`, `completed_at`) VALUES ('8', '96', '0', NULL);
INSERT INTO `janitor_task_checklist` (`assignment_id`, `task_id`, `completed`, `completed_at`) VALUES ('8', '97', '0', NULL);
INSERT INTO `janitor_task_checklist` (`assignment_id`, `task_id`, `completed`, `completed_at`) VALUES ('8', '98', '0', NULL);
INSERT INTO `janitor_task_checklist` (`assignment_id`, `task_id`, `completed`, `completed_at`) VALUES ('8', '99', '0', NULL);
INSERT INTO `janitor_task_checklist` (`assignment_id`, `task_id`, `completed`, `completed_at`) VALUES ('8', '100', '0', NULL);
INSERT INTO `janitor_task_checklist` (`assignment_id`, `task_id`, `completed`, `completed_at`) VALUES ('8', '101', '0', NULL);
INSERT INTO `janitor_task_checklist` (`assignment_id`, `task_id`, `completed`, `completed_at`) VALUES ('8', '102', '0', NULL);
INSERT INTO `janitor_task_checklist` (`assignment_id`, `task_id`, `completed`, `completed_at`) VALUES ('8', '103', '0', NULL);
INSERT INTO `janitor_task_checklist` (`assignment_id`, `task_id`, `completed`, `completed_at`) VALUES ('8', '104', '0', NULL);
INSERT INTO `janitor_task_checklist` (`assignment_id`, `task_id`, `completed`, `completed_at`) VALUES ('8', '105', '0', NULL);
INSERT INTO `janitor_task_checklist` (`assignment_id`, `task_id`, `completed`, `completed_at`) VALUES ('8', '106', '0', NULL);
INSERT INTO `janitor_task_checklist` (`assignment_id`, `task_id`, `completed`, `completed_at`) VALUES ('9', '34', '0', NULL);
INSERT INTO `janitor_task_checklist` (`assignment_id`, `task_id`, `completed`, `completed_at`) VALUES ('9', '35', '0', NULL);
INSERT INTO `janitor_task_checklist` (`assignment_id`, `task_id`, `completed`, `completed_at`) VALUES ('9', '36', '0', NULL);
INSERT INTO `janitor_task_checklist` (`assignment_id`, `task_id`, `completed`, `completed_at`) VALUES ('9', '37', '0', NULL);
INSERT INTO `janitor_task_checklist` (`assignment_id`, `task_id`, `completed`, `completed_at`) VALUES ('9', '38', '0', NULL);
INSERT INTO `janitor_task_checklist` (`assignment_id`, `task_id`, `completed`, `completed_at`) VALUES ('9', '39', '0', NULL);
INSERT INTO `janitor_task_checklist` (`assignment_id`, `task_id`, `completed`, `completed_at`) VALUES ('9', '40', '0', NULL);
INSERT INTO `janitor_task_checklist` (`assignment_id`, `task_id`, `completed`, `completed_at`) VALUES ('9', '41', '0', NULL);
INSERT INTO `janitor_task_checklist` (`assignment_id`, `task_id`, `completed`, `completed_at`) VALUES ('9', '42', '0', NULL);
INSERT INTO `janitor_task_checklist` (`assignment_id`, `task_id`, `completed`, `completed_at`) VALUES ('9', '43', '0', NULL);
INSERT INTO `janitor_task_checklist` (`assignment_id`, `task_id`, `completed`, `completed_at`) VALUES ('9', '44', '0', NULL);
INSERT INTO `janitor_task_checklist` (`assignment_id`, `task_id`, `completed`, `completed_at`) VALUES ('9', '45', '0', NULL);
INSERT INTO `janitor_task_checklist` (`assignment_id`, `task_id`, `completed`, `completed_at`) VALUES ('9', '46', '0', NULL);
INSERT INTO `janitor_task_checklist` (`assignment_id`, `task_id`, `completed`, `completed_at`) VALUES ('9', '47', '0', NULL);
INSERT INTO `janitor_task_checklist` (`assignment_id`, `task_id`, `completed`, `completed_at`) VALUES ('9', '48', '0', NULL);
INSERT INTO `janitor_task_checklist` (`assignment_id`, `task_id`, `completed`, `completed_at`) VALUES ('9', '49', '0', NULL);
INSERT INTO `janitor_task_checklist` (`assignment_id`, `task_id`, `completed`, `completed_at`) VALUES ('9', '50', '0', NULL);
INSERT INTO `janitor_task_checklist` (`assignment_id`, `task_id`, `completed`, `completed_at`) VALUES ('9', '51', '0', NULL);
INSERT INTO `janitor_task_checklist` (`assignment_id`, `task_id`, `completed`, `completed_at`) VALUES ('9', '52', '0', NULL);
INSERT INTO `janitor_task_checklist` (`assignment_id`, `task_id`, `completed`, `completed_at`) VALUES ('9', '53', '0', NULL);
INSERT INTO `janitor_task_checklist` (`assignment_id`, `task_id`, `completed`, `completed_at`) VALUES ('9', '54', '0', NULL);
INSERT INTO `janitor_task_checklist` (`assignment_id`, `task_id`, `completed`, `completed_at`) VALUES ('9', '55', '0', NULL);
INSERT INTO `janitor_task_checklist` (`assignment_id`, `task_id`, `completed`, `completed_at`) VALUES ('9', '56', '0', NULL);
INSERT INTO `janitor_task_checklist` (`assignment_id`, `task_id`, `completed`, `completed_at`) VALUES ('9', '57', '0', NULL);
INSERT INTO `janitor_task_checklist` (`assignment_id`, `task_id`, `completed`, `completed_at`) VALUES ('9', '58', '0', NULL);
INSERT INTO `janitor_task_checklist` (`assignment_id`, `task_id`, `completed`, `completed_at`) VALUES ('9', '59', '0', NULL);
INSERT INTO `janitor_task_checklist` (`assignment_id`, `task_id`, `completed`, `completed_at`) VALUES ('9', '60', '0', NULL);
INSERT INTO `janitor_task_checklist` (`assignment_id`, `task_id`, `completed`, `completed_at`) VALUES ('9', '61', '0', NULL);
INSERT INTO `janitor_task_checklist` (`assignment_id`, `task_id`, `completed`, `completed_at`) VALUES ('9', '62', '0', NULL);
INSERT INTO `janitor_task_checklist` (`assignment_id`, `task_id`, `completed`, `completed_at`) VALUES ('9', '63', '0', NULL);
INSERT INTO `janitor_task_checklist` (`assignment_id`, `task_id`, `completed`, `completed_at`) VALUES ('9', '64', '0', NULL);
INSERT INTO `janitor_task_checklist` (`assignment_id`, `task_id`, `completed`, `completed_at`) VALUES ('9', '65', '0', NULL);
INSERT INTO `janitor_task_checklist` (`assignment_id`, `task_id`, `completed`, `completed_at`) VALUES ('9', '66', '0', NULL);
INSERT INTO `janitor_task_checklist` (`assignment_id`, `task_id`, `completed`, `completed_at`) VALUES ('9', '67', '0', NULL);
INSERT INTO `janitor_task_checklist` (`assignment_id`, `task_id`, `completed`, `completed_at`) VALUES ('9', '68', '0', NULL);
INSERT INTO `janitor_task_checklist` (`assignment_id`, `task_id`, `completed`, `completed_at`) VALUES ('9', '69', '0', NULL);
INSERT INTO `janitor_task_checklist` (`assignment_id`, `task_id`, `completed`, `completed_at`) VALUES ('9', '70', '0', NULL);
INSERT INTO `janitor_task_checklist` (`assignment_id`, `task_id`, `completed`, `completed_at`) VALUES ('9', '71', '0', NULL);
INSERT INTO `janitor_task_checklist` (`assignment_id`, `task_id`, `completed`, `completed_at`) VALUES ('9', '72', '0', NULL);
INSERT INTO `janitor_task_checklist` (`assignment_id`, `task_id`, `completed`, `completed_at`) VALUES ('9', '73', '0', NULL);
INSERT INTO `janitor_task_checklist` (`assignment_id`, `task_id`, `completed`, `completed_at`) VALUES ('9', '74', '0', NULL);
INSERT INTO `janitor_task_checklist` (`assignment_id`, `task_id`, `completed`, `completed_at`) VALUES ('9', '75', '0', NULL);
INSERT INTO `janitor_task_checklist` (`assignment_id`, `task_id`, `completed`, `completed_at`) VALUES ('9', '76', '0', NULL);
INSERT INTO `janitor_task_checklist` (`assignment_id`, `task_id`, `completed`, `completed_at`) VALUES ('9', '77', '0', NULL);
INSERT INTO `janitor_task_checklist` (`assignment_id`, `task_id`, `completed`, `completed_at`) VALUES ('9', '78', '0', NULL);
INSERT INTO `janitor_task_checklist` (`assignment_id`, `task_id`, `completed`, `completed_at`) VALUES ('9', '79', '0', NULL);
INSERT INTO `janitor_task_checklist` (`assignment_id`, `task_id`, `completed`, `completed_at`) VALUES ('9', '80', '0', NULL);
INSERT INTO `janitor_task_checklist` (`assignment_id`, `task_id`, `completed`, `completed_at`) VALUES ('9', '81', '0', NULL);
INSERT INTO `janitor_task_checklist` (`assignment_id`, `task_id`, `completed`, `completed_at`) VALUES ('9', '82', '0', NULL);
INSERT INTO `janitor_task_checklist` (`assignment_id`, `task_id`, `completed`, `completed_at`) VALUES ('9', '83', '0', NULL);
INSERT INTO `janitor_task_checklist` (`assignment_id`, `task_id`, `completed`, `completed_at`) VALUES ('9', '84', '0', NULL);
INSERT INTO `janitor_task_checklist` (`assignment_id`, `task_id`, `completed`, `completed_at`) VALUES ('9', '85', '0', NULL);
INSERT INTO `janitor_task_checklist` (`assignment_id`, `task_id`, `completed`, `completed_at`) VALUES ('9', '86', '0', NULL);
INSERT INTO `janitor_task_checklist` (`assignment_id`, `task_id`, `completed`, `completed_at`) VALUES ('9', '87', '0', NULL);
INSERT INTO `janitor_task_checklist` (`assignment_id`, `task_id`, `completed`, `completed_at`) VALUES ('9', '88', '0', NULL);
INSERT INTO `janitor_task_checklist` (`assignment_id`, `task_id`, `completed`, `completed_at`) VALUES ('9', '89', '0', NULL);
INSERT INTO `janitor_task_checklist` (`assignment_id`, `task_id`, `completed`, `completed_at`) VALUES ('9', '90', '0', NULL);
INSERT INTO `janitor_task_checklist` (`assignment_id`, `task_id`, `completed`, `completed_at`) VALUES ('9', '91', '0', NULL);
INSERT INTO `janitor_task_checklist` (`assignment_id`, `task_id`, `completed`, `completed_at`) VALUES ('9', '92', '0', NULL);
INSERT INTO `janitor_task_checklist` (`assignment_id`, `task_id`, `completed`, `completed_at`) VALUES ('9', '93', '0', NULL);
INSERT INTO `janitor_task_checklist` (`assignment_id`, `task_id`, `completed`, `completed_at`) VALUES ('9', '94', '0', NULL);
INSERT INTO `janitor_task_checklist` (`assignment_id`, `task_id`, `completed`, `completed_at`) VALUES ('9', '95', '0', NULL);
INSERT INTO `janitor_task_checklist` (`assignment_id`, `task_id`, `completed`, `completed_at`) VALUES ('9', '96', '0', NULL);
INSERT INTO `janitor_task_checklist` (`assignment_id`, `task_id`, `completed`, `completed_at`) VALUES ('9', '97', '0', NULL);
INSERT INTO `janitor_task_checklist` (`assignment_id`, `task_id`, `completed`, `completed_at`) VALUES ('9', '98', '0', NULL);
INSERT INTO `janitor_task_checklist` (`assignment_id`, `task_id`, `completed`, `completed_at`) VALUES ('9', '99', '0', NULL);
INSERT INTO `janitor_task_checklist` (`assignment_id`, `task_id`, `completed`, `completed_at`) VALUES ('9', '100', '0', NULL);
INSERT INTO `janitor_task_checklist` (`assignment_id`, `task_id`, `completed`, `completed_at`) VALUES ('9', '101', '0', NULL);
INSERT INTO `janitor_task_checklist` (`assignment_id`, `task_id`, `completed`, `completed_at`) VALUES ('9', '102', '0', NULL);
INSERT INTO `janitor_task_checklist` (`assignment_id`, `task_id`, `completed`, `completed_at`) VALUES ('9', '103', '0', NULL);
INSERT INTO `janitor_task_checklist` (`assignment_id`, `task_id`, `completed`, `completed_at`) VALUES ('9', '104', '0', NULL);
INSERT INTO `janitor_task_checklist` (`assignment_id`, `task_id`, `completed`, `completed_at`) VALUES ('9', '105', '0', NULL);
INSERT INTO `janitor_task_checklist` (`assignment_id`, `task_id`, `completed`, `completed_at`) VALUES ('9', '106', '0', NULL);
INSERT INTO `janitor_task_checklist` (`assignment_id`, `task_id`, `completed`, `completed_at`) VALUES ('10', '34', '0', NULL);
INSERT INTO `janitor_task_checklist` (`assignment_id`, `task_id`, `completed`, `completed_at`) VALUES ('10', '35', '0', NULL);
INSERT INTO `janitor_task_checklist` (`assignment_id`, `task_id`, `completed`, `completed_at`) VALUES ('10', '36', '0', NULL);
INSERT INTO `janitor_task_checklist` (`assignment_id`, `task_id`, `completed`, `completed_at`) VALUES ('10', '37', '0', NULL);
INSERT INTO `janitor_task_checklist` (`assignment_id`, `task_id`, `completed`, `completed_at`) VALUES ('10', '38', '0', NULL);
INSERT INTO `janitor_task_checklist` (`assignment_id`, `task_id`, `completed`, `completed_at`) VALUES ('10', '39', '0', NULL);
INSERT INTO `janitor_task_checklist` (`assignment_id`, `task_id`, `completed`, `completed_at`) VALUES ('10', '40', '0', NULL);
INSERT INTO `janitor_task_checklist` (`assignment_id`, `task_id`, `completed`, `completed_at`) VALUES ('10', '41', '0', NULL);
INSERT INTO `janitor_task_checklist` (`assignment_id`, `task_id`, `completed`, `completed_at`) VALUES ('10', '42', '0', NULL);
INSERT INTO `janitor_task_checklist` (`assignment_id`, `task_id`, `completed`, `completed_at`) VALUES ('10', '43', '0', NULL);
INSERT INTO `janitor_task_checklist` (`assignment_id`, `task_id`, `completed`, `completed_at`) VALUES ('10', '44', '0', NULL);
INSERT INTO `janitor_task_checklist` (`assignment_id`, `task_id`, `completed`, `completed_at`) VALUES ('10', '45', '0', NULL);
INSERT INTO `janitor_task_checklist` (`assignment_id`, `task_id`, `completed`, `completed_at`) VALUES ('10', '46', '0', NULL);
INSERT INTO `janitor_task_checklist` (`assignment_id`, `task_id`, `completed`, `completed_at`) VALUES ('10', '47', '0', NULL);
INSERT INTO `janitor_task_checklist` (`assignment_id`, `task_id`, `completed`, `completed_at`) VALUES ('10', '48', '0', NULL);
INSERT INTO `janitor_task_checklist` (`assignment_id`, `task_id`, `completed`, `completed_at`) VALUES ('10', '49', '0', NULL);
INSERT INTO `janitor_task_checklist` (`assignment_id`, `task_id`, `completed`, `completed_at`) VALUES ('10', '50', '0', NULL);
INSERT INTO `janitor_task_checklist` (`assignment_id`, `task_id`, `completed`, `completed_at`) VALUES ('10', '51', '0', NULL);
INSERT INTO `janitor_task_checklist` (`assignment_id`, `task_id`, `completed`, `completed_at`) VALUES ('10', '52', '0', NULL);
INSERT INTO `janitor_task_checklist` (`assignment_id`, `task_id`, `completed`, `completed_at`) VALUES ('10', '53', '0', NULL);
INSERT INTO `janitor_task_checklist` (`assignment_id`, `task_id`, `completed`, `completed_at`) VALUES ('10', '54', '0', NULL);
INSERT INTO `janitor_task_checklist` (`assignment_id`, `task_id`, `completed`, `completed_at`) VALUES ('10', '55', '0', NULL);
INSERT INTO `janitor_task_checklist` (`assignment_id`, `task_id`, `completed`, `completed_at`) VALUES ('10', '56', '0', NULL);
INSERT INTO `janitor_task_checklist` (`assignment_id`, `task_id`, `completed`, `completed_at`) VALUES ('10', '57', '0', NULL);
INSERT INTO `janitor_task_checklist` (`assignment_id`, `task_id`, `completed`, `completed_at`) VALUES ('10', '58', '0', NULL);
INSERT INTO `janitor_task_checklist` (`assignment_id`, `task_id`, `completed`, `completed_at`) VALUES ('10', '59', '0', NULL);
INSERT INTO `janitor_task_checklist` (`assignment_id`, `task_id`, `completed`, `completed_at`) VALUES ('10', '60', '0', NULL);
INSERT INTO `janitor_task_checklist` (`assignment_id`, `task_id`, `completed`, `completed_at`) VALUES ('10', '61', '0', NULL);
INSERT INTO `janitor_task_checklist` (`assignment_id`, `task_id`, `completed`, `completed_at`) VALUES ('10', '62', '0', NULL);
INSERT INTO `janitor_task_checklist` (`assignment_id`, `task_id`, `completed`, `completed_at`) VALUES ('10', '63', '0', NULL);
INSERT INTO `janitor_task_checklist` (`assignment_id`, `task_id`, `completed`, `completed_at`) VALUES ('10', '64', '0', NULL);
INSERT INTO `janitor_task_checklist` (`assignment_id`, `task_id`, `completed`, `completed_at`) VALUES ('10', '65', '0', NULL);
INSERT INTO `janitor_task_checklist` (`assignment_id`, `task_id`, `completed`, `completed_at`) VALUES ('10', '66', '0', NULL);
INSERT INTO `janitor_task_checklist` (`assignment_id`, `task_id`, `completed`, `completed_at`) VALUES ('10', '67', '0', NULL);
INSERT INTO `janitor_task_checklist` (`assignment_id`, `task_id`, `completed`, `completed_at`) VALUES ('10', '68', '0', NULL);
INSERT INTO `janitor_task_checklist` (`assignment_id`, `task_id`, `completed`, `completed_at`) VALUES ('10', '69', '0', NULL);
INSERT INTO `janitor_task_checklist` (`assignment_id`, `task_id`, `completed`, `completed_at`) VALUES ('10', '70', '0', NULL);
INSERT INTO `janitor_task_checklist` (`assignment_id`, `task_id`, `completed`, `completed_at`) VALUES ('10', '71', '0', NULL);
INSERT INTO `janitor_task_checklist` (`assignment_id`, `task_id`, `completed`, `completed_at`) VALUES ('10', '72', '0', NULL);
INSERT INTO `janitor_task_checklist` (`assignment_id`, `task_id`, `completed`, `completed_at`) VALUES ('10', '73', '0', NULL);
INSERT INTO `janitor_task_checklist` (`assignment_id`, `task_id`, `completed`, `completed_at`) VALUES ('10', '74', '0', NULL);
INSERT INTO `janitor_task_checklist` (`assignment_id`, `task_id`, `completed`, `completed_at`) VALUES ('10', '75', '0', NULL);
INSERT INTO `janitor_task_checklist` (`assignment_id`, `task_id`, `completed`, `completed_at`) VALUES ('10', '76', '0', NULL);
INSERT INTO `janitor_task_checklist` (`assignment_id`, `task_id`, `completed`, `completed_at`) VALUES ('10', '77', '0', NULL);
INSERT INTO `janitor_task_checklist` (`assignment_id`, `task_id`, `completed`, `completed_at`) VALUES ('10', '78', '0', NULL);
INSERT INTO `janitor_task_checklist` (`assignment_id`, `task_id`, `completed`, `completed_at`) VALUES ('10', '79', '0', NULL);
INSERT INTO `janitor_task_checklist` (`assignment_id`, `task_id`, `completed`, `completed_at`) VALUES ('10', '80', '0', NULL);
INSERT INTO `janitor_task_checklist` (`assignment_id`, `task_id`, `completed`, `completed_at`) VALUES ('10', '81', '0', NULL);
INSERT INTO `janitor_task_checklist` (`assignment_id`, `task_id`, `completed`, `completed_at`) VALUES ('10', '82', '0', NULL);
INSERT INTO `janitor_task_checklist` (`assignment_id`, `task_id`, `completed`, `completed_at`) VALUES ('10', '83', '0', NULL);
INSERT INTO `janitor_task_checklist` (`assignment_id`, `task_id`, `completed`, `completed_at`) VALUES ('10', '84', '0', NULL);
INSERT INTO `janitor_task_checklist` (`assignment_id`, `task_id`, `completed`, `completed_at`) VALUES ('10', '85', '0', NULL);
INSERT INTO `janitor_task_checklist` (`assignment_id`, `task_id`, `completed`, `completed_at`) VALUES ('10', '86', '0', NULL);
INSERT INTO `janitor_task_checklist` (`assignment_id`, `task_id`, `completed`, `completed_at`) VALUES ('10', '87', '0', NULL);
INSERT INTO `janitor_task_checklist` (`assignment_id`, `task_id`, `completed`, `completed_at`) VALUES ('10', '88', '0', NULL);
INSERT INTO `janitor_task_checklist` (`assignment_id`, `task_id`, `completed`, `completed_at`) VALUES ('10', '89', '0', NULL);
INSERT INTO `janitor_task_checklist` (`assignment_id`, `task_id`, `completed`, `completed_at`) VALUES ('10', '90', '0', NULL);
INSERT INTO `janitor_task_checklist` (`assignment_id`, `task_id`, `completed`, `completed_at`) VALUES ('10', '91', '0', NULL);
INSERT INTO `janitor_task_checklist` (`assignment_id`, `task_id`, `completed`, `completed_at`) VALUES ('10', '92', '0', NULL);
INSERT INTO `janitor_task_checklist` (`assignment_id`, `task_id`, `completed`, `completed_at`) VALUES ('10', '93', '0', NULL);
INSERT INTO `janitor_task_checklist` (`assignment_id`, `task_id`, `completed`, `completed_at`) VALUES ('10', '94', '0', NULL);
INSERT INTO `janitor_task_checklist` (`assignment_id`, `task_id`, `completed`, `completed_at`) VALUES ('10', '95', '0', NULL);
INSERT INTO `janitor_task_checklist` (`assignment_id`, `task_id`, `completed`, `completed_at`) VALUES ('10', '96', '0', NULL);
INSERT INTO `janitor_task_checklist` (`assignment_id`, `task_id`, `completed`, `completed_at`) VALUES ('10', '97', '0', NULL);
INSERT INTO `janitor_task_checklist` (`assignment_id`, `task_id`, `completed`, `completed_at`) VALUES ('10', '98', '0', NULL);
INSERT INTO `janitor_task_checklist` (`assignment_id`, `task_id`, `completed`, `completed_at`) VALUES ('10', '99', '0', NULL);
INSERT INTO `janitor_task_checklist` (`assignment_id`, `task_id`, `completed`, `completed_at`) VALUES ('10', '100', '0', NULL);
INSERT INTO `janitor_task_checklist` (`assignment_id`, `task_id`, `completed`, `completed_at`) VALUES ('10', '101', '0', NULL);
INSERT INTO `janitor_task_checklist` (`assignment_id`, `task_id`, `completed`, `completed_at`) VALUES ('10', '102', '0', NULL);
INSERT INTO `janitor_task_checklist` (`assignment_id`, `task_id`, `completed`, `completed_at`) VALUES ('10', '103', '0', NULL);
INSERT INTO `janitor_task_checklist` (`assignment_id`, `task_id`, `completed`, `completed_at`) VALUES ('10', '104', '0', NULL);
INSERT INTO `janitor_task_checklist` (`assignment_id`, `task_id`, `completed`, `completed_at`) VALUES ('10', '105', '0', NULL);
INSERT INTO `janitor_task_checklist` (`assignment_id`, `task_id`, `completed`, `completed_at`) VALUES ('10', '106', '0', NULL);
INSERT INTO `janitor_task_checklist` (`assignment_id`, `task_id`, `completed`, `completed_at`) VALUES ('11', '34', '0', NULL);
INSERT INTO `janitor_task_checklist` (`assignment_id`, `task_id`, `completed`, `completed_at`) VALUES ('11', '35', '0', NULL);
INSERT INTO `janitor_task_checklist` (`assignment_id`, `task_id`, `completed`, `completed_at`) VALUES ('11', '36', '0', NULL);
INSERT INTO `janitor_task_checklist` (`assignment_id`, `task_id`, `completed`, `completed_at`) VALUES ('11', '37', '0', NULL);
INSERT INTO `janitor_task_checklist` (`assignment_id`, `task_id`, `completed`, `completed_at`) VALUES ('11', '38', '0', NULL);
INSERT INTO `janitor_task_checklist` (`assignment_id`, `task_id`, `completed`, `completed_at`) VALUES ('11', '39', '0', NULL);
INSERT INTO `janitor_task_checklist` (`assignment_id`, `task_id`, `completed`, `completed_at`) VALUES ('11', '40', '0', NULL);
INSERT INTO `janitor_task_checklist` (`assignment_id`, `task_id`, `completed`, `completed_at`) VALUES ('11', '41', '0', NULL);
INSERT INTO `janitor_task_checklist` (`assignment_id`, `task_id`, `completed`, `completed_at`) VALUES ('11', '42', '0', NULL);
INSERT INTO `janitor_task_checklist` (`assignment_id`, `task_id`, `completed`, `completed_at`) VALUES ('11', '43', '0', NULL);
INSERT INTO `janitor_task_checklist` (`assignment_id`, `task_id`, `completed`, `completed_at`) VALUES ('11', '44', '0', NULL);
INSERT INTO `janitor_task_checklist` (`assignment_id`, `task_id`, `completed`, `completed_at`) VALUES ('11', '45', '0', NULL);
INSERT INTO `janitor_task_checklist` (`assignment_id`, `task_id`, `completed`, `completed_at`) VALUES ('11', '46', '0', NULL);
INSERT INTO `janitor_task_checklist` (`assignment_id`, `task_id`, `completed`, `completed_at`) VALUES ('11', '47', '0', NULL);
INSERT INTO `janitor_task_checklist` (`assignment_id`, `task_id`, `completed`, `completed_at`) VALUES ('11', '48', '0', NULL);
INSERT INTO `janitor_task_checklist` (`assignment_id`, `task_id`, `completed`, `completed_at`) VALUES ('11', '49', '0', NULL);
INSERT INTO `janitor_task_checklist` (`assignment_id`, `task_id`, `completed`, `completed_at`) VALUES ('11', '50', '0', NULL);
INSERT INTO `janitor_task_checklist` (`assignment_id`, `task_id`, `completed`, `completed_at`) VALUES ('11', '51', '0', NULL);
INSERT INTO `janitor_task_checklist` (`assignment_id`, `task_id`, `completed`, `completed_at`) VALUES ('11', '52', '0', NULL);
INSERT INTO `janitor_task_checklist` (`assignment_id`, `task_id`, `completed`, `completed_at`) VALUES ('11', '53', '0', NULL);
INSERT INTO `janitor_task_checklist` (`assignment_id`, `task_id`, `completed`, `completed_at`) VALUES ('11', '54', '0', NULL);
INSERT INTO `janitor_task_checklist` (`assignment_id`, `task_id`, `completed`, `completed_at`) VALUES ('11', '55', '0', NULL);
INSERT INTO `janitor_task_checklist` (`assignment_id`, `task_id`, `completed`, `completed_at`) VALUES ('11', '56', '0', NULL);
INSERT INTO `janitor_task_checklist` (`assignment_id`, `task_id`, `completed`, `completed_at`) VALUES ('11', '57', '0', NULL);
INSERT INTO `janitor_task_checklist` (`assignment_id`, `task_id`, `completed`, `completed_at`) VALUES ('11', '58', '0', NULL);
INSERT INTO `janitor_task_checklist` (`assignment_id`, `task_id`, `completed`, `completed_at`) VALUES ('11', '59', '0', NULL);
INSERT INTO `janitor_task_checklist` (`assignment_id`, `task_id`, `completed`, `completed_at`) VALUES ('11', '60', '0', NULL);
INSERT INTO `janitor_task_checklist` (`assignment_id`, `task_id`, `completed`, `completed_at`) VALUES ('11', '61', '0', NULL);
INSERT INTO `janitor_task_checklist` (`assignment_id`, `task_id`, `completed`, `completed_at`) VALUES ('11', '62', '0', NULL);
INSERT INTO `janitor_task_checklist` (`assignment_id`, `task_id`, `completed`, `completed_at`) VALUES ('11', '63', '0', NULL);
INSERT INTO `janitor_task_checklist` (`assignment_id`, `task_id`, `completed`, `completed_at`) VALUES ('11', '64', '0', NULL);
INSERT INTO `janitor_task_checklist` (`assignment_id`, `task_id`, `completed`, `completed_at`) VALUES ('11', '65', '0', NULL);
INSERT INTO `janitor_task_checklist` (`assignment_id`, `task_id`, `completed`, `completed_at`) VALUES ('11', '66', '0', NULL);
INSERT INTO `janitor_task_checklist` (`assignment_id`, `task_id`, `completed`, `completed_at`) VALUES ('11', '67', '0', NULL);
INSERT INTO `janitor_task_checklist` (`assignment_id`, `task_id`, `completed`, `completed_at`) VALUES ('11', '68', '0', NULL);
INSERT INTO `janitor_task_checklist` (`assignment_id`, `task_id`, `completed`, `completed_at`) VALUES ('11', '69', '0', NULL);
INSERT INTO `janitor_task_checklist` (`assignment_id`, `task_id`, `completed`, `completed_at`) VALUES ('11', '70', '0', NULL);
INSERT INTO `janitor_task_checklist` (`assignment_id`, `task_id`, `completed`, `completed_at`) VALUES ('11', '71', '0', NULL);
INSERT INTO `janitor_task_checklist` (`assignment_id`, `task_id`, `completed`, `completed_at`) VALUES ('11', '72', '0', NULL);
INSERT INTO `janitor_task_checklist` (`assignment_id`, `task_id`, `completed`, `completed_at`) VALUES ('11', '73', '0', NULL);
INSERT INTO `janitor_task_checklist` (`assignment_id`, `task_id`, `completed`, `completed_at`) VALUES ('11', '74', '0', NULL);
INSERT INTO `janitor_task_checklist` (`assignment_id`, `task_id`, `completed`, `completed_at`) VALUES ('11', '75', '0', NULL);
INSERT INTO `janitor_task_checklist` (`assignment_id`, `task_id`, `completed`, `completed_at`) VALUES ('11', '76', '0', NULL);
INSERT INTO `janitor_task_checklist` (`assignment_id`, `task_id`, `completed`, `completed_at`) VALUES ('11', '77', '0', NULL);
INSERT INTO `janitor_task_checklist` (`assignment_id`, `task_id`, `completed`, `completed_at`) VALUES ('11', '78', '0', NULL);
INSERT INTO `janitor_task_checklist` (`assignment_id`, `task_id`, `completed`, `completed_at`) VALUES ('11', '79', '0', NULL);
INSERT INTO `janitor_task_checklist` (`assignment_id`, `task_id`, `completed`, `completed_at`) VALUES ('11', '80', '0', NULL);
INSERT INTO `janitor_task_checklist` (`assignment_id`, `task_id`, `completed`, `completed_at`) VALUES ('11', '81', '0', NULL);
INSERT INTO `janitor_task_checklist` (`assignment_id`, `task_id`, `completed`, `completed_at`) VALUES ('11', '82', '0', NULL);
INSERT INTO `janitor_task_checklist` (`assignment_id`, `task_id`, `completed`, `completed_at`) VALUES ('11', '83', '0', NULL);
INSERT INTO `janitor_task_checklist` (`assignment_id`, `task_id`, `completed`, `completed_at`) VALUES ('11', '84', '0', NULL);
INSERT INTO `janitor_task_checklist` (`assignment_id`, `task_id`, `completed`, `completed_at`) VALUES ('11', '85', '0', NULL);
INSERT INTO `janitor_task_checklist` (`assignment_id`, `task_id`, `completed`, `completed_at`) VALUES ('11', '86', '0', NULL);
INSERT INTO `janitor_task_checklist` (`assignment_id`, `task_id`, `completed`, `completed_at`) VALUES ('11', '87', '0', NULL);
INSERT INTO `janitor_task_checklist` (`assignment_id`, `task_id`, `completed`, `completed_at`) VALUES ('11', '88', '0', NULL);
INSERT INTO `janitor_task_checklist` (`assignment_id`, `task_id`, `completed`, `completed_at`) VALUES ('11', '89', '0', NULL);
INSERT INTO `janitor_task_checklist` (`assignment_id`, `task_id`, `completed`, `completed_at`) VALUES ('11', '90', '0', NULL);
INSERT INTO `janitor_task_checklist` (`assignment_id`, `task_id`, `completed`, `completed_at`) VALUES ('11', '91', '0', NULL);
INSERT INTO `janitor_task_checklist` (`assignment_id`, `task_id`, `completed`, `completed_at`) VALUES ('11', '92', '0', NULL);
INSERT INTO `janitor_task_checklist` (`assignment_id`, `task_id`, `completed`, `completed_at`) VALUES ('11', '93', '0', NULL);
INSERT INTO `janitor_task_checklist` (`assignment_id`, `task_id`, `completed`, `completed_at`) VALUES ('11', '94', '0', NULL);
INSERT INTO `janitor_task_checklist` (`assignment_id`, `task_id`, `completed`, `completed_at`) VALUES ('11', '95', '0', NULL);
INSERT INTO `janitor_task_checklist` (`assignment_id`, `task_id`, `completed`, `completed_at`) VALUES ('11', '96', '0', NULL);
INSERT INTO `janitor_task_checklist` (`assignment_id`, `task_id`, `completed`, `completed_at`) VALUES ('11', '97', '0', NULL);
INSERT INTO `janitor_task_checklist` (`assignment_id`, `task_id`, `completed`, `completed_at`) VALUES ('11', '98', '0', NULL);
INSERT INTO `janitor_task_checklist` (`assignment_id`, `task_id`, `completed`, `completed_at`) VALUES ('11', '99', '0', NULL);
INSERT INTO `janitor_task_checklist` (`assignment_id`, `task_id`, `completed`, `completed_at`) VALUES ('11', '100', '0', NULL);
INSERT INTO `janitor_task_checklist` (`assignment_id`, `task_id`, `completed`, `completed_at`) VALUES ('11', '101', '0', NULL);
INSERT INTO `janitor_task_checklist` (`assignment_id`, `task_id`, `completed`, `completed_at`) VALUES ('11', '102', '0', NULL);
INSERT INTO `janitor_task_checklist` (`assignment_id`, `task_id`, `completed`, `completed_at`) VALUES ('11', '103', '0', NULL);
INSERT INTO `janitor_task_checklist` (`assignment_id`, `task_id`, `completed`, `completed_at`) VALUES ('11', '104', '0', NULL);
INSERT INTO `janitor_task_checklist` (`assignment_id`, `task_id`, `completed`, `completed_at`) VALUES ('11', '105', '0', NULL);
INSERT INTO `janitor_task_checklist` (`assignment_id`, `task_id`, `completed`, `completed_at`) VALUES ('11', '106', '0', NULL);
INSERT INTO `janitor_task_checklist` (`assignment_id`, `task_id`, `completed`, `completed_at`) VALUES ('12', '34', '0', NULL);
INSERT INTO `janitor_task_checklist` (`assignment_id`, `task_id`, `completed`, `completed_at`) VALUES ('12', '35', '0', NULL);
INSERT INTO `janitor_task_checklist` (`assignment_id`, `task_id`, `completed`, `completed_at`) VALUES ('12', '36', '0', NULL);
INSERT INTO `janitor_task_checklist` (`assignment_id`, `task_id`, `completed`, `completed_at`) VALUES ('12', '37', '0', NULL);
INSERT INTO `janitor_task_checklist` (`assignment_id`, `task_id`, `completed`, `completed_at`) VALUES ('12', '38', '0', NULL);
INSERT INTO `janitor_task_checklist` (`assignment_id`, `task_id`, `completed`, `completed_at`) VALUES ('12', '39', '0', NULL);
INSERT INTO `janitor_task_checklist` (`assignment_id`, `task_id`, `completed`, `completed_at`) VALUES ('12', '40', '0', NULL);
INSERT INTO `janitor_task_checklist` (`assignment_id`, `task_id`, `completed`, `completed_at`) VALUES ('12', '41', '0', NULL);
INSERT INTO `janitor_task_checklist` (`assignment_id`, `task_id`, `completed`, `completed_at`) VALUES ('12', '42', '0', NULL);
INSERT INTO `janitor_task_checklist` (`assignment_id`, `task_id`, `completed`, `completed_at`) VALUES ('12', '43', '0', NULL);
INSERT INTO `janitor_task_checklist` (`assignment_id`, `task_id`, `completed`, `completed_at`) VALUES ('12', '44', '0', NULL);
INSERT INTO `janitor_task_checklist` (`assignment_id`, `task_id`, `completed`, `completed_at`) VALUES ('12', '45', '0', NULL);
INSERT INTO `janitor_task_checklist` (`assignment_id`, `task_id`, `completed`, `completed_at`) VALUES ('12', '46', '0', NULL);
INSERT INTO `janitor_task_checklist` (`assignment_id`, `task_id`, `completed`, `completed_at`) VALUES ('12', '47', '0', NULL);
INSERT INTO `janitor_task_checklist` (`assignment_id`, `task_id`, `completed`, `completed_at`) VALUES ('12', '48', '0', NULL);
INSERT INTO `janitor_task_checklist` (`assignment_id`, `task_id`, `completed`, `completed_at`) VALUES ('12', '49', '0', NULL);
INSERT INTO `janitor_task_checklist` (`assignment_id`, `task_id`, `completed`, `completed_at`) VALUES ('12', '50', '0', NULL);
INSERT INTO `janitor_task_checklist` (`assignment_id`, `task_id`, `completed`, `completed_at`) VALUES ('12', '51', '0', NULL);
INSERT INTO `janitor_task_checklist` (`assignment_id`, `task_id`, `completed`, `completed_at`) VALUES ('12', '52', '0', NULL);
INSERT INTO `janitor_task_checklist` (`assignment_id`, `task_id`, `completed`, `completed_at`) VALUES ('12', '53', '0', NULL);
INSERT INTO `janitor_task_checklist` (`assignment_id`, `task_id`, `completed`, `completed_at`) VALUES ('12', '54', '0', NULL);
INSERT INTO `janitor_task_checklist` (`assignment_id`, `task_id`, `completed`, `completed_at`) VALUES ('12', '55', '0', NULL);
INSERT INTO `janitor_task_checklist` (`assignment_id`, `task_id`, `completed`, `completed_at`) VALUES ('12', '56', '0', NULL);
INSERT INTO `janitor_task_checklist` (`assignment_id`, `task_id`, `completed`, `completed_at`) VALUES ('12', '57', '0', NULL);
INSERT INTO `janitor_task_checklist` (`assignment_id`, `task_id`, `completed`, `completed_at`) VALUES ('12', '58', '0', NULL);
INSERT INTO `janitor_task_checklist` (`assignment_id`, `task_id`, `completed`, `completed_at`) VALUES ('12', '59', '0', NULL);
INSERT INTO `janitor_task_checklist` (`assignment_id`, `task_id`, `completed`, `completed_at`) VALUES ('12', '60', '0', NULL);
INSERT INTO `janitor_task_checklist` (`assignment_id`, `task_id`, `completed`, `completed_at`) VALUES ('12', '61', '0', NULL);
INSERT INTO `janitor_task_checklist` (`assignment_id`, `task_id`, `completed`, `completed_at`) VALUES ('12', '62', '0', NULL);
INSERT INTO `janitor_task_checklist` (`assignment_id`, `task_id`, `completed`, `completed_at`) VALUES ('12', '63', '0', NULL);
INSERT INTO `janitor_task_checklist` (`assignment_id`, `task_id`, `completed`, `completed_at`) VALUES ('12', '64', '0', NULL);
INSERT INTO `janitor_task_checklist` (`assignment_id`, `task_id`, `completed`, `completed_at`) VALUES ('12', '65', '0', NULL);
INSERT INTO `janitor_task_checklist` (`assignment_id`, `task_id`, `completed`, `completed_at`) VALUES ('12', '66', '0', NULL);
INSERT INTO `janitor_task_checklist` (`assignment_id`, `task_id`, `completed`, `completed_at`) VALUES ('12', '67', '0', NULL);
INSERT INTO `janitor_task_checklist` (`assignment_id`, `task_id`, `completed`, `completed_at`) VALUES ('12', '68', '0', NULL);
INSERT INTO `janitor_task_checklist` (`assignment_id`, `task_id`, `completed`, `completed_at`) VALUES ('12', '69', '0', NULL);
INSERT INTO `janitor_task_checklist` (`assignment_id`, `task_id`, `completed`, `completed_at`) VALUES ('12', '70', '0', NULL);
INSERT INTO `janitor_task_checklist` (`assignment_id`, `task_id`, `completed`, `completed_at`) VALUES ('12', '71', '0', NULL);
INSERT INTO `janitor_task_checklist` (`assignment_id`, `task_id`, `completed`, `completed_at`) VALUES ('12', '72', '0', NULL);
INSERT INTO `janitor_task_checklist` (`assignment_id`, `task_id`, `completed`, `completed_at`) VALUES ('12', '73', '0', NULL);
INSERT INTO `janitor_task_checklist` (`assignment_id`, `task_id`, `completed`, `completed_at`) VALUES ('12', '74', '0', NULL);
INSERT INTO `janitor_task_checklist` (`assignment_id`, `task_id`, `completed`, `completed_at`) VALUES ('12', '75', '0', NULL);
INSERT INTO `janitor_task_checklist` (`assignment_id`, `task_id`, `completed`, `completed_at`) VALUES ('12', '76', '0', NULL);
INSERT INTO `janitor_task_checklist` (`assignment_id`, `task_id`, `completed`, `completed_at`) VALUES ('12', '77', '0', NULL);
INSERT INTO `janitor_task_checklist` (`assignment_id`, `task_id`, `completed`, `completed_at`) VALUES ('12', '78', '0', NULL);
INSERT INTO `janitor_task_checklist` (`assignment_id`, `task_id`, `completed`, `completed_at`) VALUES ('12', '79', '0', NULL);
INSERT INTO `janitor_task_checklist` (`assignment_id`, `task_id`, `completed`, `completed_at`) VALUES ('12', '80', '0', NULL);
INSERT INTO `janitor_task_checklist` (`assignment_id`, `task_id`, `completed`, `completed_at`) VALUES ('12', '81', '0', NULL);
INSERT INTO `janitor_task_checklist` (`assignment_id`, `task_id`, `completed`, `completed_at`) VALUES ('12', '82', '0', NULL);
INSERT INTO `janitor_task_checklist` (`assignment_id`, `task_id`, `completed`, `completed_at`) VALUES ('12', '83', '0', NULL);
INSERT INTO `janitor_task_checklist` (`assignment_id`, `task_id`, `completed`, `completed_at`) VALUES ('12', '84', '0', NULL);
INSERT INTO `janitor_task_checklist` (`assignment_id`, `task_id`, `completed`, `completed_at`) VALUES ('12', '85', '0', NULL);
INSERT INTO `janitor_task_checklist` (`assignment_id`, `task_id`, `completed`, `completed_at`) VALUES ('12', '86', '0', NULL);
INSERT INTO `janitor_task_checklist` (`assignment_id`, `task_id`, `completed`, `completed_at`) VALUES ('12', '87', '0', NULL);
INSERT INTO `janitor_task_checklist` (`assignment_id`, `task_id`, `completed`, `completed_at`) VALUES ('12', '88', '0', NULL);
INSERT INTO `janitor_task_checklist` (`assignment_id`, `task_id`, `completed`, `completed_at`) VALUES ('12', '89', '0', NULL);
INSERT INTO `janitor_task_checklist` (`assignment_id`, `task_id`, `completed`, `completed_at`) VALUES ('12', '90', '0', NULL);
INSERT INTO `janitor_task_checklist` (`assignment_id`, `task_id`, `completed`, `completed_at`) VALUES ('12', '91', '0', NULL);
INSERT INTO `janitor_task_checklist` (`assignment_id`, `task_id`, `completed`, `completed_at`) VALUES ('12', '92', '0', NULL);
INSERT INTO `janitor_task_checklist` (`assignment_id`, `task_id`, `completed`, `completed_at`) VALUES ('12', '93', '0', NULL);
INSERT INTO `janitor_task_checklist` (`assignment_id`, `task_id`, `completed`, `completed_at`) VALUES ('12', '94', '0', NULL);
INSERT INTO `janitor_task_checklist` (`assignment_id`, `task_id`, `completed`, `completed_at`) VALUES ('12', '95', '0', NULL);
INSERT INTO `janitor_task_checklist` (`assignment_id`, `task_id`, `completed`, `completed_at`) VALUES ('12', '96', '0', NULL);
INSERT INTO `janitor_task_checklist` (`assignment_id`, `task_id`, `completed`, `completed_at`) VALUES ('12', '97', '0', NULL);
INSERT INTO `janitor_task_checklist` (`assignment_id`, `task_id`, `completed`, `completed_at`) VALUES ('12', '98', '0', NULL);
INSERT INTO `janitor_task_checklist` (`assignment_id`, `task_id`, `completed`, `completed_at`) VALUES ('12', '99', '0', NULL);
INSERT INTO `janitor_task_checklist` (`assignment_id`, `task_id`, `completed`, `completed_at`) VALUES ('12', '100', '0', NULL);
INSERT INTO `janitor_task_checklist` (`assignment_id`, `task_id`, `completed`, `completed_at`) VALUES ('12', '101', '0', NULL);
INSERT INTO `janitor_task_checklist` (`assignment_id`, `task_id`, `completed`, `completed_at`) VALUES ('12', '102', '0', NULL);
INSERT INTO `janitor_task_checklist` (`assignment_id`, `task_id`, `completed`, `completed_at`) VALUES ('12', '103', '0', NULL);
INSERT INTO `janitor_task_checklist` (`assignment_id`, `task_id`, `completed`, `completed_at`) VALUES ('12', '104', '0', NULL);
INSERT INTO `janitor_task_checklist` (`assignment_id`, `task_id`, `completed`, `completed_at`) VALUES ('12', '105', '0', NULL);
INSERT INTO `janitor_task_checklist` (`assignment_id`, `task_id`, `completed`, `completed_at`) VALUES ('12', '106', '0', NULL);
INSERT INTO `janitor_task_checklist` (`assignment_id`, `task_id`, `completed`, `completed_at`) VALUES ('13', '34', '0', NULL);
INSERT INTO `janitor_task_checklist` (`assignment_id`, `task_id`, `completed`, `completed_at`) VALUES ('13', '35', '0', NULL);
INSERT INTO `janitor_task_checklist` (`assignment_id`, `task_id`, `completed`, `completed_at`) VALUES ('13', '36', '0', NULL);
INSERT INTO `janitor_task_checklist` (`assignment_id`, `task_id`, `completed`, `completed_at`) VALUES ('13', '37', '0', NULL);
INSERT INTO `janitor_task_checklist` (`assignment_id`, `task_id`, `completed`, `completed_at`) VALUES ('13', '38', '0', NULL);
INSERT INTO `janitor_task_checklist` (`assignment_id`, `task_id`, `completed`, `completed_at`) VALUES ('13', '39', '0', NULL);
INSERT INTO `janitor_task_checklist` (`assignment_id`, `task_id`, `completed`, `completed_at`) VALUES ('13', '40', '0', NULL);
INSERT INTO `janitor_task_checklist` (`assignment_id`, `task_id`, `completed`, `completed_at`) VALUES ('13', '41', '0', NULL);
INSERT INTO `janitor_task_checklist` (`assignment_id`, `task_id`, `completed`, `completed_at`) VALUES ('13', '42', '0', NULL);
INSERT INTO `janitor_task_checklist` (`assignment_id`, `task_id`, `completed`, `completed_at`) VALUES ('13', '43', '0', NULL);
INSERT INTO `janitor_task_checklist` (`assignment_id`, `task_id`, `completed`, `completed_at`) VALUES ('13', '44', '0', NULL);
INSERT INTO `janitor_task_checklist` (`assignment_id`, `task_id`, `completed`, `completed_at`) VALUES ('13', '45', '0', NULL);
INSERT INTO `janitor_task_checklist` (`assignment_id`, `task_id`, `completed`, `completed_at`) VALUES ('13', '46', '0', NULL);
INSERT INTO `janitor_task_checklist` (`assignment_id`, `task_id`, `completed`, `completed_at`) VALUES ('13', '47', '0', NULL);
INSERT INTO `janitor_task_checklist` (`assignment_id`, `task_id`, `completed`, `completed_at`) VALUES ('13', '48', '0', NULL);
INSERT INTO `janitor_task_checklist` (`assignment_id`, `task_id`, `completed`, `completed_at`) VALUES ('13', '49', '0', NULL);
INSERT INTO `janitor_task_checklist` (`assignment_id`, `task_id`, `completed`, `completed_at`) VALUES ('13', '50', '0', NULL);
INSERT INTO `janitor_task_checklist` (`assignment_id`, `task_id`, `completed`, `completed_at`) VALUES ('13', '51', '0', NULL);
INSERT INTO `janitor_task_checklist` (`assignment_id`, `task_id`, `completed`, `completed_at`) VALUES ('13', '52', '0', NULL);
INSERT INTO `janitor_task_checklist` (`assignment_id`, `task_id`, `completed`, `completed_at`) VALUES ('13', '53', '0', NULL);
INSERT INTO `janitor_task_checklist` (`assignment_id`, `task_id`, `completed`, `completed_at`) VALUES ('13', '54', '0', NULL);
INSERT INTO `janitor_task_checklist` (`assignment_id`, `task_id`, `completed`, `completed_at`) VALUES ('13', '55', '0', NULL);
INSERT INTO `janitor_task_checklist` (`assignment_id`, `task_id`, `completed`, `completed_at`) VALUES ('13', '56', '0', NULL);
INSERT INTO `janitor_task_checklist` (`assignment_id`, `task_id`, `completed`, `completed_at`) VALUES ('13', '57', '0', NULL);
INSERT INTO `janitor_task_checklist` (`assignment_id`, `task_id`, `completed`, `completed_at`) VALUES ('13', '58', '0', NULL);
INSERT INTO `janitor_task_checklist` (`assignment_id`, `task_id`, `completed`, `completed_at`) VALUES ('13', '59', '0', NULL);
INSERT INTO `janitor_task_checklist` (`assignment_id`, `task_id`, `completed`, `completed_at`) VALUES ('13', '60', '0', NULL);
INSERT INTO `janitor_task_checklist` (`assignment_id`, `task_id`, `completed`, `completed_at`) VALUES ('13', '61', '0', NULL);
INSERT INTO `janitor_task_checklist` (`assignment_id`, `task_id`, `completed`, `completed_at`) VALUES ('13', '62', '0', NULL);
INSERT INTO `janitor_task_checklist` (`assignment_id`, `task_id`, `completed`, `completed_at`) VALUES ('13', '63', '0', NULL);
INSERT INTO `janitor_task_checklist` (`assignment_id`, `task_id`, `completed`, `completed_at`) VALUES ('13', '64', '0', NULL);
INSERT INTO `janitor_task_checklist` (`assignment_id`, `task_id`, `completed`, `completed_at`) VALUES ('13', '65', '0', NULL);
INSERT INTO `janitor_task_checklist` (`assignment_id`, `task_id`, `completed`, `completed_at`) VALUES ('13', '66', '0', NULL);
INSERT INTO `janitor_task_checklist` (`assignment_id`, `task_id`, `completed`, `completed_at`) VALUES ('13', '67', '0', NULL);
INSERT INTO `janitor_task_checklist` (`assignment_id`, `task_id`, `completed`, `completed_at`) VALUES ('13', '68', '0', NULL);
INSERT INTO `janitor_task_checklist` (`assignment_id`, `task_id`, `completed`, `completed_at`) VALUES ('13', '69', '0', NULL);
INSERT INTO `janitor_task_checklist` (`assignment_id`, `task_id`, `completed`, `completed_at`) VALUES ('13', '70', '0', NULL);
INSERT INTO `janitor_task_checklist` (`assignment_id`, `task_id`, `completed`, `completed_at`) VALUES ('13', '71', '0', NULL);
INSERT INTO `janitor_task_checklist` (`assignment_id`, `task_id`, `completed`, `completed_at`) VALUES ('13', '72', '0', NULL);
INSERT INTO `janitor_task_checklist` (`assignment_id`, `task_id`, `completed`, `completed_at`) VALUES ('13', '73', '0', NULL);
INSERT INTO `janitor_task_checklist` (`assignment_id`, `task_id`, `completed`, `completed_at`) VALUES ('13', '74', '0', NULL);
INSERT INTO `janitor_task_checklist` (`assignment_id`, `task_id`, `completed`, `completed_at`) VALUES ('13', '75', '0', NULL);
INSERT INTO `janitor_task_checklist` (`assignment_id`, `task_id`, `completed`, `completed_at`) VALUES ('13', '76', '0', NULL);
INSERT INTO `janitor_task_checklist` (`assignment_id`, `task_id`, `completed`, `completed_at`) VALUES ('13', '77', '0', NULL);
INSERT INTO `janitor_task_checklist` (`assignment_id`, `task_id`, `completed`, `completed_at`) VALUES ('13', '78', '0', NULL);
INSERT INTO `janitor_task_checklist` (`assignment_id`, `task_id`, `completed`, `completed_at`) VALUES ('13', '79', '0', NULL);
INSERT INTO `janitor_task_checklist` (`assignment_id`, `task_id`, `completed`, `completed_at`) VALUES ('13', '80', '0', NULL);
INSERT INTO `janitor_task_checklist` (`assignment_id`, `task_id`, `completed`, `completed_at`) VALUES ('13', '81', '0', NULL);
INSERT INTO `janitor_task_checklist` (`assignment_id`, `task_id`, `completed`, `completed_at`) VALUES ('13', '82', '0', NULL);
INSERT INTO `janitor_task_checklist` (`assignment_id`, `task_id`, `completed`, `completed_at`) VALUES ('13', '83', '0', NULL);
INSERT INTO `janitor_task_checklist` (`assignment_id`, `task_id`, `completed`, `completed_at`) VALUES ('13', '84', '0', NULL);
INSERT INTO `janitor_task_checklist` (`assignment_id`, `task_id`, `completed`, `completed_at`) VALUES ('13', '85', '0', NULL);
INSERT INTO `janitor_task_checklist` (`assignment_id`, `task_id`, `completed`, `completed_at`) VALUES ('13', '86', '0', NULL);
INSERT INTO `janitor_task_checklist` (`assignment_id`, `task_id`, `completed`, `completed_at`) VALUES ('13', '87', '0', NULL);
INSERT INTO `janitor_task_checklist` (`assignment_id`, `task_id`, `completed`, `completed_at`) VALUES ('13', '88', '0', NULL);
INSERT INTO `janitor_task_checklist` (`assignment_id`, `task_id`, `completed`, `completed_at`) VALUES ('13', '89', '0', NULL);
INSERT INTO `janitor_task_checklist` (`assignment_id`, `task_id`, `completed`, `completed_at`) VALUES ('13', '90', '0', NULL);
INSERT INTO `janitor_task_checklist` (`assignment_id`, `task_id`, `completed`, `completed_at`) VALUES ('13', '91', '0', NULL);
INSERT INTO `janitor_task_checklist` (`assignment_id`, `task_id`, `completed`, `completed_at`) VALUES ('13', '92', '0', NULL);
INSERT INTO `janitor_task_checklist` (`assignment_id`, `task_id`, `completed`, `completed_at`) VALUES ('13', '93', '0', NULL);
INSERT INTO `janitor_task_checklist` (`assignment_id`, `task_id`, `completed`, `completed_at`) VALUES ('13', '94', '0', NULL);
INSERT INTO `janitor_task_checklist` (`assignment_id`, `task_id`, `completed`, `completed_at`) VALUES ('13', '95', '0', NULL);
INSERT INTO `janitor_task_checklist` (`assignment_id`, `task_id`, `completed`, `completed_at`) VALUES ('13', '96', '0', NULL);
INSERT INTO `janitor_task_checklist` (`assignment_id`, `task_id`, `completed`, `completed_at`) VALUES ('13', '97', '0', NULL);
INSERT INTO `janitor_task_checklist` (`assignment_id`, `task_id`, `completed`, `completed_at`) VALUES ('13', '98', '0', NULL);
INSERT INTO `janitor_task_checklist` (`assignment_id`, `task_id`, `completed`, `completed_at`) VALUES ('13', '99', '0', NULL);
INSERT INTO `janitor_task_checklist` (`assignment_id`, `task_id`, `completed`, `completed_at`) VALUES ('13', '100', '0', NULL);
INSERT INTO `janitor_task_checklist` (`assignment_id`, `task_id`, `completed`, `completed_at`) VALUES ('13', '101', '0', NULL);
INSERT INTO `janitor_task_checklist` (`assignment_id`, `task_id`, `completed`, `completed_at`) VALUES ('13', '102', '0', NULL);
INSERT INTO `janitor_task_checklist` (`assignment_id`, `task_id`, `completed`, `completed_at`) VALUES ('13', '103', '0', NULL);
INSERT INTO `janitor_task_checklist` (`assignment_id`, `task_id`, `completed`, `completed_at`) VALUES ('13', '104', '0', NULL);
INSERT INTO `janitor_task_checklist` (`assignment_id`, `task_id`, `completed`, `completed_at`) VALUES ('13', '105', '0', NULL);
INSERT INTO `janitor_task_checklist` (`assignment_id`, `task_id`, `completed`, `completed_at`) VALUES ('13', '106', '0', NULL);
INSERT INTO `janitor_task_checklist` (`assignment_id`, `task_id`, `completed`, `completed_at`) VALUES ('14', '34', '0', NULL);
INSERT INTO `janitor_task_checklist` (`assignment_id`, `task_id`, `completed`, `completed_at`) VALUES ('14', '35', '0', NULL);
INSERT INTO `janitor_task_checklist` (`assignment_id`, `task_id`, `completed`, `completed_at`) VALUES ('14', '36', '0', NULL);
INSERT INTO `janitor_task_checklist` (`assignment_id`, `task_id`, `completed`, `completed_at`) VALUES ('14', '37', '0', NULL);
INSERT INTO `janitor_task_checklist` (`assignment_id`, `task_id`, `completed`, `completed_at`) VALUES ('14', '38', '0', NULL);
INSERT INTO `janitor_task_checklist` (`assignment_id`, `task_id`, `completed`, `completed_at`) VALUES ('14', '39', '0', NULL);
INSERT INTO `janitor_task_checklist` (`assignment_id`, `task_id`, `completed`, `completed_at`) VALUES ('14', '40', '0', NULL);
INSERT INTO `janitor_task_checklist` (`assignment_id`, `task_id`, `completed`, `completed_at`) VALUES ('14', '41', '0', NULL);
INSERT INTO `janitor_task_checklist` (`assignment_id`, `task_id`, `completed`, `completed_at`) VALUES ('14', '42', '0', NULL);
INSERT INTO `janitor_task_checklist` (`assignment_id`, `task_id`, `completed`, `completed_at`) VALUES ('14', '43', '0', NULL);
INSERT INTO `janitor_task_checklist` (`assignment_id`, `task_id`, `completed`, `completed_at`) VALUES ('14', '44', '0', NULL);
INSERT INTO `janitor_task_checklist` (`assignment_id`, `task_id`, `completed`, `completed_at`) VALUES ('14', '45', '0', NULL);
INSERT INTO `janitor_task_checklist` (`assignment_id`, `task_id`, `completed`, `completed_at`) VALUES ('14', '46', '0', NULL);
INSERT INTO `janitor_task_checklist` (`assignment_id`, `task_id`, `completed`, `completed_at`) VALUES ('14', '47', '0', NULL);
INSERT INTO `janitor_task_checklist` (`assignment_id`, `task_id`, `completed`, `completed_at`) VALUES ('14', '48', '0', NULL);
INSERT INTO `janitor_task_checklist` (`assignment_id`, `task_id`, `completed`, `completed_at`) VALUES ('14', '49', '0', NULL);
INSERT INTO `janitor_task_checklist` (`assignment_id`, `task_id`, `completed`, `completed_at`) VALUES ('14', '50', '0', NULL);
INSERT INTO `janitor_task_checklist` (`assignment_id`, `task_id`, `completed`, `completed_at`) VALUES ('14', '51', '0', NULL);
INSERT INTO `janitor_task_checklist` (`assignment_id`, `task_id`, `completed`, `completed_at`) VALUES ('14', '52', '0', NULL);
INSERT INTO `janitor_task_checklist` (`assignment_id`, `task_id`, `completed`, `completed_at`) VALUES ('14', '53', '0', NULL);
INSERT INTO `janitor_task_checklist` (`assignment_id`, `task_id`, `completed`, `completed_at`) VALUES ('14', '54', '0', NULL);
INSERT INTO `janitor_task_checklist` (`assignment_id`, `task_id`, `completed`, `completed_at`) VALUES ('14', '55', '0', NULL);
INSERT INTO `janitor_task_checklist` (`assignment_id`, `task_id`, `completed`, `completed_at`) VALUES ('14', '56', '0', NULL);
INSERT INTO `janitor_task_checklist` (`assignment_id`, `task_id`, `completed`, `completed_at`) VALUES ('14', '57', '0', NULL);
INSERT INTO `janitor_task_checklist` (`assignment_id`, `task_id`, `completed`, `completed_at`) VALUES ('14', '58', '0', NULL);
INSERT INTO `janitor_task_checklist` (`assignment_id`, `task_id`, `completed`, `completed_at`) VALUES ('14', '59', '0', NULL);
INSERT INTO `janitor_task_checklist` (`assignment_id`, `task_id`, `completed`, `completed_at`) VALUES ('14', '60', '0', NULL);
INSERT INTO `janitor_task_checklist` (`assignment_id`, `task_id`, `completed`, `completed_at`) VALUES ('14', '61', '0', NULL);
INSERT INTO `janitor_task_checklist` (`assignment_id`, `task_id`, `completed`, `completed_at`) VALUES ('14', '62', '0', NULL);
INSERT INTO `janitor_task_checklist` (`assignment_id`, `task_id`, `completed`, `completed_at`) VALUES ('14', '63', '0', NULL);
INSERT INTO `janitor_task_checklist` (`assignment_id`, `task_id`, `completed`, `completed_at`) VALUES ('14', '64', '0', NULL);
INSERT INTO `janitor_task_checklist` (`assignment_id`, `task_id`, `completed`, `completed_at`) VALUES ('14', '65', '0', NULL);
INSERT INTO `janitor_task_checklist` (`assignment_id`, `task_id`, `completed`, `completed_at`) VALUES ('14', '66', '0', NULL);
INSERT INTO `janitor_task_checklist` (`assignment_id`, `task_id`, `completed`, `completed_at`) VALUES ('14', '67', '0', NULL);
INSERT INTO `janitor_task_checklist` (`assignment_id`, `task_id`, `completed`, `completed_at`) VALUES ('14', '68', '0', NULL);
INSERT INTO `janitor_task_checklist` (`assignment_id`, `task_id`, `completed`, `completed_at`) VALUES ('14', '69', '0', NULL);
INSERT INTO `janitor_task_checklist` (`assignment_id`, `task_id`, `completed`, `completed_at`) VALUES ('14', '70', '0', NULL);
INSERT INTO `janitor_task_checklist` (`assignment_id`, `task_id`, `completed`, `completed_at`) VALUES ('14', '71', '0', NULL);
INSERT INTO `janitor_task_checklist` (`assignment_id`, `task_id`, `completed`, `completed_at`) VALUES ('14', '72', '0', NULL);
INSERT INTO `janitor_task_checklist` (`assignment_id`, `task_id`, `completed`, `completed_at`) VALUES ('14', '73', '0', NULL);
INSERT INTO `janitor_task_checklist` (`assignment_id`, `task_id`, `completed`, `completed_at`) VALUES ('14', '74', '0', NULL);
INSERT INTO `janitor_task_checklist` (`assignment_id`, `task_id`, `completed`, `completed_at`) VALUES ('14', '75', '0', NULL);
INSERT INTO `janitor_task_checklist` (`assignment_id`, `task_id`, `completed`, `completed_at`) VALUES ('14', '76', '0', NULL);
INSERT INTO `janitor_task_checklist` (`assignment_id`, `task_id`, `completed`, `completed_at`) VALUES ('14', '77', '0', NULL);
INSERT INTO `janitor_task_checklist` (`assignment_id`, `task_id`, `completed`, `completed_at`) VALUES ('14', '78', '0', NULL);
INSERT INTO `janitor_task_checklist` (`assignment_id`, `task_id`, `completed`, `completed_at`) VALUES ('14', '79', '0', NULL);
INSERT INTO `janitor_task_checklist` (`assignment_id`, `task_id`, `completed`, `completed_at`) VALUES ('14', '80', '0', NULL);
INSERT INTO `janitor_task_checklist` (`assignment_id`, `task_id`, `completed`, `completed_at`) VALUES ('14', '81', '0', NULL);
INSERT INTO `janitor_task_checklist` (`assignment_id`, `task_id`, `completed`, `completed_at`) VALUES ('14', '82', '0', NULL);
INSERT INTO `janitor_task_checklist` (`assignment_id`, `task_id`, `completed`, `completed_at`) VALUES ('14', '83', '0', NULL);
INSERT INTO `janitor_task_checklist` (`assignment_id`, `task_id`, `completed`, `completed_at`) VALUES ('14', '84', '0', NULL);
INSERT INTO `janitor_task_checklist` (`assignment_id`, `task_id`, `completed`, `completed_at`) VALUES ('14', '85', '0', NULL);
INSERT INTO `janitor_task_checklist` (`assignment_id`, `task_id`, `completed`, `completed_at`) VALUES ('14', '86', '0', NULL);
INSERT INTO `janitor_task_checklist` (`assignment_id`, `task_id`, `completed`, `completed_at`) VALUES ('14', '87', '0', NULL);
INSERT INTO `janitor_task_checklist` (`assignment_id`, `task_id`, `completed`, `completed_at`) VALUES ('14', '88', '0', NULL);
INSERT INTO `janitor_task_checklist` (`assignment_id`, `task_id`, `completed`, `completed_at`) VALUES ('14', '89', '0', NULL);
INSERT INTO `janitor_task_checklist` (`assignment_id`, `task_id`, `completed`, `completed_at`) VALUES ('14', '90', '0', NULL);
INSERT INTO `janitor_task_checklist` (`assignment_id`, `task_id`, `completed`, `completed_at`) VALUES ('14', '91', '0', NULL);
INSERT INTO `janitor_task_checklist` (`assignment_id`, `task_id`, `completed`, `completed_at`) VALUES ('14', '92', '0', NULL);
INSERT INTO `janitor_task_checklist` (`assignment_id`, `task_id`, `completed`, `completed_at`) VALUES ('14', '93', '0', NULL);
INSERT INTO `janitor_task_checklist` (`assignment_id`, `task_id`, `completed`, `completed_at`) VALUES ('14', '94', '0', NULL);
INSERT INTO `janitor_task_checklist` (`assignment_id`, `task_id`, `completed`, `completed_at`) VALUES ('14', '95', '0', NULL);
INSERT INTO `janitor_task_checklist` (`assignment_id`, `task_id`, `completed`, `completed_at`) VALUES ('14', '96', '0', NULL);
INSERT INTO `janitor_task_checklist` (`assignment_id`, `task_id`, `completed`, `completed_at`) VALUES ('14', '97', '0', NULL);
INSERT INTO `janitor_task_checklist` (`assignment_id`, `task_id`, `completed`, `completed_at`) VALUES ('14', '98', '0', NULL);
INSERT INTO `janitor_task_checklist` (`assignment_id`, `task_id`, `completed`, `completed_at`) VALUES ('14', '99', '0', NULL);
INSERT INTO `janitor_task_checklist` (`assignment_id`, `task_id`, `completed`, `completed_at`) VALUES ('14', '100', '0', NULL);
INSERT INTO `janitor_task_checklist` (`assignment_id`, `task_id`, `completed`, `completed_at`) VALUES ('14', '101', '0', NULL);
INSERT INTO `janitor_task_checklist` (`assignment_id`, `task_id`, `completed`, `completed_at`) VALUES ('14', '102', '0', NULL);
INSERT INTO `janitor_task_checklist` (`assignment_id`, `task_id`, `completed`, `completed_at`) VALUES ('14', '103', '0', NULL);
INSERT INTO `janitor_task_checklist` (`assignment_id`, `task_id`, `completed`, `completed_at`) VALUES ('14', '104', '0', NULL);
INSERT INTO `janitor_task_checklist` (`assignment_id`, `task_id`, `completed`, `completed_at`) VALUES ('14', '105', '0', NULL);
INSERT INTO `janitor_task_checklist` (`assignment_id`, `task_id`, `completed`, `completed_at`) VALUES ('14', '106', '0', NULL);
INSERT INTO `janitor_task_checklist` (`assignment_id`, `task_id`, `completed`, `completed_at`) VALUES ('15', '34', '0', NULL);
INSERT INTO `janitor_task_checklist` (`assignment_id`, `task_id`, `completed`, `completed_at`) VALUES ('15', '35', '0', NULL);
INSERT INTO `janitor_task_checklist` (`assignment_id`, `task_id`, `completed`, `completed_at`) VALUES ('15', '36', '0', NULL);
INSERT INTO `janitor_task_checklist` (`assignment_id`, `task_id`, `completed`, `completed_at`) VALUES ('15', '37', '0', NULL);
INSERT INTO `janitor_task_checklist` (`assignment_id`, `task_id`, `completed`, `completed_at`) VALUES ('15', '38', '0', NULL);
INSERT INTO `janitor_task_checklist` (`assignment_id`, `task_id`, `completed`, `completed_at`) VALUES ('15', '39', '0', NULL);
INSERT INTO `janitor_task_checklist` (`assignment_id`, `task_id`, `completed`, `completed_at`) VALUES ('15', '40', '0', NULL);
INSERT INTO `janitor_task_checklist` (`assignment_id`, `task_id`, `completed`, `completed_at`) VALUES ('15', '41', '0', NULL);
INSERT INTO `janitor_task_checklist` (`assignment_id`, `task_id`, `completed`, `completed_at`) VALUES ('15', '42', '0', NULL);
INSERT INTO `janitor_task_checklist` (`assignment_id`, `task_id`, `completed`, `completed_at`) VALUES ('15', '43', '0', NULL);
INSERT INTO `janitor_task_checklist` (`assignment_id`, `task_id`, `completed`, `completed_at`) VALUES ('15', '44', '0', NULL);
INSERT INTO `janitor_task_checklist` (`assignment_id`, `task_id`, `completed`, `completed_at`) VALUES ('15', '45', '0', NULL);
INSERT INTO `janitor_task_checklist` (`assignment_id`, `task_id`, `completed`, `completed_at`) VALUES ('15', '46', '0', NULL);
INSERT INTO `janitor_task_checklist` (`assignment_id`, `task_id`, `completed`, `completed_at`) VALUES ('15', '47', '0', NULL);
INSERT INTO `janitor_task_checklist` (`assignment_id`, `task_id`, `completed`, `completed_at`) VALUES ('15', '48', '0', NULL);
INSERT INTO `janitor_task_checklist` (`assignment_id`, `task_id`, `completed`, `completed_at`) VALUES ('15', '49', '0', NULL);
INSERT INTO `janitor_task_checklist` (`assignment_id`, `task_id`, `completed`, `completed_at`) VALUES ('15', '50', '0', NULL);
INSERT INTO `janitor_task_checklist` (`assignment_id`, `task_id`, `completed`, `completed_at`) VALUES ('15', '51', '0', NULL);
INSERT INTO `janitor_task_checklist` (`assignment_id`, `task_id`, `completed`, `completed_at`) VALUES ('15', '52', '0', NULL);
INSERT INTO `janitor_task_checklist` (`assignment_id`, `task_id`, `completed`, `completed_at`) VALUES ('15', '53', '0', NULL);
INSERT INTO `janitor_task_checklist` (`assignment_id`, `task_id`, `completed`, `completed_at`) VALUES ('15', '54', '0', NULL);
INSERT INTO `janitor_task_checklist` (`assignment_id`, `task_id`, `completed`, `completed_at`) VALUES ('15', '55', '0', NULL);
INSERT INTO `janitor_task_checklist` (`assignment_id`, `task_id`, `completed`, `completed_at`) VALUES ('15', '56', '0', NULL);
INSERT INTO `janitor_task_checklist` (`assignment_id`, `task_id`, `completed`, `completed_at`) VALUES ('15', '57', '0', NULL);
INSERT INTO `janitor_task_checklist` (`assignment_id`, `task_id`, `completed`, `completed_at`) VALUES ('15', '58', '0', NULL);
INSERT INTO `janitor_task_checklist` (`assignment_id`, `task_id`, `completed`, `completed_at`) VALUES ('15', '59', '0', NULL);
INSERT INTO `janitor_task_checklist` (`assignment_id`, `task_id`, `completed`, `completed_at`) VALUES ('15', '60', '0', NULL);
INSERT INTO `janitor_task_checklist` (`assignment_id`, `task_id`, `completed`, `completed_at`) VALUES ('15', '61', '0', NULL);
INSERT INTO `janitor_task_checklist` (`assignment_id`, `task_id`, `completed`, `completed_at`) VALUES ('15', '62', '0', NULL);
INSERT INTO `janitor_task_checklist` (`assignment_id`, `task_id`, `completed`, `completed_at`) VALUES ('15', '63', '0', NULL);
INSERT INTO `janitor_task_checklist` (`assignment_id`, `task_id`, `completed`, `completed_at`) VALUES ('15', '64', '0', NULL);
INSERT INTO `janitor_task_checklist` (`assignment_id`, `task_id`, `completed`, `completed_at`) VALUES ('15', '65', '0', NULL);
INSERT INTO `janitor_task_checklist` (`assignment_id`, `task_id`, `completed`, `completed_at`) VALUES ('15', '66', '0', NULL);
INSERT INTO `janitor_task_checklist` (`assignment_id`, `task_id`, `completed`, `completed_at`) VALUES ('15', '67', '0', NULL);
INSERT INTO `janitor_task_checklist` (`assignment_id`, `task_id`, `completed`, `completed_at`) VALUES ('15', '68', '0', NULL);
INSERT INTO `janitor_task_checklist` (`assignment_id`, `task_id`, `completed`, `completed_at`) VALUES ('15', '69', '0', NULL);
INSERT INTO `janitor_task_checklist` (`assignment_id`, `task_id`, `completed`, `completed_at`) VALUES ('15', '70', '0', NULL);
INSERT INTO `janitor_task_checklist` (`assignment_id`, `task_id`, `completed`, `completed_at`) VALUES ('15', '71', '0', NULL);
INSERT INTO `janitor_task_checklist` (`assignment_id`, `task_id`, `completed`, `completed_at`) VALUES ('15', '72', '0', NULL);
INSERT INTO `janitor_task_checklist` (`assignment_id`, `task_id`, `completed`, `completed_at`) VALUES ('15', '73', '0', NULL);
INSERT INTO `janitor_task_checklist` (`assignment_id`, `task_id`, `completed`, `completed_at`) VALUES ('15', '74', '0', NULL);
INSERT INTO `janitor_task_checklist` (`assignment_id`, `task_id`, `completed`, `completed_at`) VALUES ('15', '75', '0', NULL);
INSERT INTO `janitor_task_checklist` (`assignment_id`, `task_id`, `completed`, `completed_at`) VALUES ('15', '76', '0', NULL);
INSERT INTO `janitor_task_checklist` (`assignment_id`, `task_id`, `completed`, `completed_at`) VALUES ('15', '77', '0', NULL);
INSERT INTO `janitor_task_checklist` (`assignment_id`, `task_id`, `completed`, `completed_at`) VALUES ('15', '78', '0', NULL);
INSERT INTO `janitor_task_checklist` (`assignment_id`, `task_id`, `completed`, `completed_at`) VALUES ('15', '79', '0', NULL);
INSERT INTO `janitor_task_checklist` (`assignment_id`, `task_id`, `completed`, `completed_at`) VALUES ('15', '80', '0', NULL);
INSERT INTO `janitor_task_checklist` (`assignment_id`, `task_id`, `completed`, `completed_at`) VALUES ('15', '81', '0', NULL);
INSERT INTO `janitor_task_checklist` (`assignment_id`, `task_id`, `completed`, `completed_at`) VALUES ('15', '82', '0', NULL);
INSERT INTO `janitor_task_checklist` (`assignment_id`, `task_id`, `completed`, `completed_at`) VALUES ('15', '83', '0', NULL);
INSERT INTO `janitor_task_checklist` (`assignment_id`, `task_id`, `completed`, `completed_at`) VALUES ('15', '84', '0', NULL);
INSERT INTO `janitor_task_checklist` (`assignment_id`, `task_id`, `completed`, `completed_at`) VALUES ('15', '85', '0', NULL);
INSERT INTO `janitor_task_checklist` (`assignment_id`, `task_id`, `completed`, `completed_at`) VALUES ('15', '86', '0', NULL);
INSERT INTO `janitor_task_checklist` (`assignment_id`, `task_id`, `completed`, `completed_at`) VALUES ('15', '87', '0', NULL);
INSERT INTO `janitor_task_checklist` (`assignment_id`, `task_id`, `completed`, `completed_at`) VALUES ('15', '88', '0', NULL);
INSERT INTO `janitor_task_checklist` (`assignment_id`, `task_id`, `completed`, `completed_at`) VALUES ('15', '89', '0', NULL);
INSERT INTO `janitor_task_checklist` (`assignment_id`, `task_id`, `completed`, `completed_at`) VALUES ('15', '90', '0', NULL);
INSERT INTO `janitor_task_checklist` (`assignment_id`, `task_id`, `completed`, `completed_at`) VALUES ('15', '91', '0', NULL);
INSERT INTO `janitor_task_checklist` (`assignment_id`, `task_id`, `completed`, `completed_at`) VALUES ('15', '92', '0', NULL);
INSERT INTO `janitor_task_checklist` (`assignment_id`, `task_id`, `completed`, `completed_at`) VALUES ('15', '93', '0', NULL);
INSERT INTO `janitor_task_checklist` (`assignment_id`, `task_id`, `completed`, `completed_at`) VALUES ('15', '94', '0', NULL);
INSERT INTO `janitor_task_checklist` (`assignment_id`, `task_id`, `completed`, `completed_at`) VALUES ('15', '95', '0', NULL);
INSERT INTO `janitor_task_checklist` (`assignment_id`, `task_id`, `completed`, `completed_at`) VALUES ('15', '96', '0', NULL);
INSERT INTO `janitor_task_checklist` (`assignment_id`, `task_id`, `completed`, `completed_at`) VALUES ('15', '97', '0', NULL);
INSERT INTO `janitor_task_checklist` (`assignment_id`, `task_id`, `completed`, `completed_at`) VALUES ('15', '98', '0', NULL);
INSERT INTO `janitor_task_checklist` (`assignment_id`, `task_id`, `completed`, `completed_at`) VALUES ('15', '99', '0', NULL);
INSERT INTO `janitor_task_checklist` (`assignment_id`, `task_id`, `completed`, `completed_at`) VALUES ('15', '100', '0', NULL);
INSERT INTO `janitor_task_checklist` (`assignment_id`, `task_id`, `completed`, `completed_at`) VALUES ('15', '101', '0', NULL);
INSERT INTO `janitor_task_checklist` (`assignment_id`, `task_id`, `completed`, `completed_at`) VALUES ('15', '102', '0', NULL);
INSERT INTO `janitor_task_checklist` (`assignment_id`, `task_id`, `completed`, `completed_at`) VALUES ('15', '103', '0', NULL);
INSERT INTO `janitor_task_checklist` (`assignment_id`, `task_id`, `completed`, `completed_at`) VALUES ('15', '104', '0', NULL);
INSERT INTO `janitor_task_checklist` (`assignment_id`, `task_id`, `completed`, `completed_at`) VALUES ('15', '105', '0', NULL);
INSERT INTO `janitor_task_checklist` (`assignment_id`, `task_id`, `completed`, `completed_at`) VALUES ('15', '106', '0', NULL);
INSERT INTO `janitor_task_checklist` (`assignment_id`, `task_id`, `completed`, `completed_at`) VALUES ('16', '34', '0', NULL);
INSERT INTO `janitor_task_checklist` (`assignment_id`, `task_id`, `completed`, `completed_at`) VALUES ('16', '35', '0', NULL);
INSERT INTO `janitor_task_checklist` (`assignment_id`, `task_id`, `completed`, `completed_at`) VALUES ('16', '36', '0', NULL);
INSERT INTO `janitor_task_checklist` (`assignment_id`, `task_id`, `completed`, `completed_at`) VALUES ('16', '37', '0', NULL);
INSERT INTO `janitor_task_checklist` (`assignment_id`, `task_id`, `completed`, `completed_at`) VALUES ('16', '38', '0', NULL);
INSERT INTO `janitor_task_checklist` (`assignment_id`, `task_id`, `completed`, `completed_at`) VALUES ('16', '39', '0', NULL);
INSERT INTO `janitor_task_checklist` (`assignment_id`, `task_id`, `completed`, `completed_at`) VALUES ('16', '40', '0', NULL);
INSERT INTO `janitor_task_checklist` (`assignment_id`, `task_id`, `completed`, `completed_at`) VALUES ('16', '41', '0', NULL);
INSERT INTO `janitor_task_checklist` (`assignment_id`, `task_id`, `completed`, `completed_at`) VALUES ('16', '42', '0', NULL);
INSERT INTO `janitor_task_checklist` (`assignment_id`, `task_id`, `completed`, `completed_at`) VALUES ('16', '43', '0', NULL);
INSERT INTO `janitor_task_checklist` (`assignment_id`, `task_id`, `completed`, `completed_at`) VALUES ('16', '44', '0', NULL);
INSERT INTO `janitor_task_checklist` (`assignment_id`, `task_id`, `completed`, `completed_at`) VALUES ('16', '45', '0', NULL);
INSERT INTO `janitor_task_checklist` (`assignment_id`, `task_id`, `completed`, `completed_at`) VALUES ('16', '46', '0', NULL);
INSERT INTO `janitor_task_checklist` (`assignment_id`, `task_id`, `completed`, `completed_at`) VALUES ('16', '47', '0', NULL);
INSERT INTO `janitor_task_checklist` (`assignment_id`, `task_id`, `completed`, `completed_at`) VALUES ('16', '48', '0', NULL);
INSERT INTO `janitor_task_checklist` (`assignment_id`, `task_id`, `completed`, `completed_at`) VALUES ('16', '49', '0', NULL);
INSERT INTO `janitor_task_checklist` (`assignment_id`, `task_id`, `completed`, `completed_at`) VALUES ('16', '50', '0', NULL);
INSERT INTO `janitor_task_checklist` (`assignment_id`, `task_id`, `completed`, `completed_at`) VALUES ('16', '51', '0', NULL);
INSERT INTO `janitor_task_checklist` (`assignment_id`, `task_id`, `completed`, `completed_at`) VALUES ('16', '52', '0', NULL);
INSERT INTO `janitor_task_checklist` (`assignment_id`, `task_id`, `completed`, `completed_at`) VALUES ('16', '53', '0', NULL);
INSERT INTO `janitor_task_checklist` (`assignment_id`, `task_id`, `completed`, `completed_at`) VALUES ('16', '54', '0', NULL);
INSERT INTO `janitor_task_checklist` (`assignment_id`, `task_id`, `completed`, `completed_at`) VALUES ('16', '55', '0', NULL);
INSERT INTO `janitor_task_checklist` (`assignment_id`, `task_id`, `completed`, `completed_at`) VALUES ('16', '56', '0', NULL);
INSERT INTO `janitor_task_checklist` (`assignment_id`, `task_id`, `completed`, `completed_at`) VALUES ('16', '57', '0', NULL);
INSERT INTO `janitor_task_checklist` (`assignment_id`, `task_id`, `completed`, `completed_at`) VALUES ('16', '58', '0', NULL);
INSERT INTO `janitor_task_checklist` (`assignment_id`, `task_id`, `completed`, `completed_at`) VALUES ('16', '59', '0', NULL);
INSERT INTO `janitor_task_checklist` (`assignment_id`, `task_id`, `completed`, `completed_at`) VALUES ('16', '60', '0', NULL);
INSERT INTO `janitor_task_checklist` (`assignment_id`, `task_id`, `completed`, `completed_at`) VALUES ('16', '61', '0', NULL);
INSERT INTO `janitor_task_checklist` (`assignment_id`, `task_id`, `completed`, `completed_at`) VALUES ('16', '62', '0', NULL);
INSERT INTO `janitor_task_checklist` (`assignment_id`, `task_id`, `completed`, `completed_at`) VALUES ('16', '63', '0', NULL);
INSERT INTO `janitor_task_checklist` (`assignment_id`, `task_id`, `completed`, `completed_at`) VALUES ('16', '64', '0', NULL);
INSERT INTO `janitor_task_checklist` (`assignment_id`, `task_id`, `completed`, `completed_at`) VALUES ('16', '65', '0', NULL);
INSERT INTO `janitor_task_checklist` (`assignment_id`, `task_id`, `completed`, `completed_at`) VALUES ('16', '66', '0', NULL);
INSERT INTO `janitor_task_checklist` (`assignment_id`, `task_id`, `completed`, `completed_at`) VALUES ('16', '67', '0', NULL);
INSERT INTO `janitor_task_checklist` (`assignment_id`, `task_id`, `completed`, `completed_at`) VALUES ('16', '68', '0', NULL);
INSERT INTO `janitor_task_checklist` (`assignment_id`, `task_id`, `completed`, `completed_at`) VALUES ('16', '69', '0', NULL);
INSERT INTO `janitor_task_checklist` (`assignment_id`, `task_id`, `completed`, `completed_at`) VALUES ('16', '70', '0', NULL);
INSERT INTO `janitor_task_checklist` (`assignment_id`, `task_id`, `completed`, `completed_at`) VALUES ('16', '71', '0', NULL);
INSERT INTO `janitor_task_checklist` (`assignment_id`, `task_id`, `completed`, `completed_at`) VALUES ('16', '72', '0', NULL);
INSERT INTO `janitor_task_checklist` (`assignment_id`, `task_id`, `completed`, `completed_at`) VALUES ('16', '73', '0', NULL);
INSERT INTO `janitor_task_checklist` (`assignment_id`, `task_id`, `completed`, `completed_at`) VALUES ('16', '74', '0', NULL);
INSERT INTO `janitor_task_checklist` (`assignment_id`, `task_id`, `completed`, `completed_at`) VALUES ('16', '75', '0', NULL);
INSERT INTO `janitor_task_checklist` (`assignment_id`, `task_id`, `completed`, `completed_at`) VALUES ('16', '76', '0', NULL);
INSERT INTO `janitor_task_checklist` (`assignment_id`, `task_id`, `completed`, `completed_at`) VALUES ('16', '77', '0', NULL);
INSERT INTO `janitor_task_checklist` (`assignment_id`, `task_id`, `completed`, `completed_at`) VALUES ('16', '78', '0', NULL);
INSERT INTO `janitor_task_checklist` (`assignment_id`, `task_id`, `completed`, `completed_at`) VALUES ('16', '79', '0', NULL);
INSERT INTO `janitor_task_checklist` (`assignment_id`, `task_id`, `completed`, `completed_at`) VALUES ('16', '80', '0', NULL);
INSERT INTO `janitor_task_checklist` (`assignment_id`, `task_id`, `completed`, `completed_at`) VALUES ('16', '81', '0', NULL);
INSERT INTO `janitor_task_checklist` (`assignment_id`, `task_id`, `completed`, `completed_at`) VALUES ('16', '82', '0', NULL);
INSERT INTO `janitor_task_checklist` (`assignment_id`, `task_id`, `completed`, `completed_at`) VALUES ('16', '83', '0', NULL);
INSERT INTO `janitor_task_checklist` (`assignment_id`, `task_id`, `completed`, `completed_at`) VALUES ('16', '84', '0', NULL);
INSERT INTO `janitor_task_checklist` (`assignment_id`, `task_id`, `completed`, `completed_at`) VALUES ('16', '85', '0', NULL);
INSERT INTO `janitor_task_checklist` (`assignment_id`, `task_id`, `completed`, `completed_at`) VALUES ('16', '86', '0', NULL);
INSERT INTO `janitor_task_checklist` (`assignment_id`, `task_id`, `completed`, `completed_at`) VALUES ('16', '87', '0', NULL);
INSERT INTO `janitor_task_checklist` (`assignment_id`, `task_id`, `completed`, `completed_at`) VALUES ('16', '88', '0', NULL);
INSERT INTO `janitor_task_checklist` (`assignment_id`, `task_id`, `completed`, `completed_at`) VALUES ('16', '89', '0', NULL);
INSERT INTO `janitor_task_checklist` (`assignment_id`, `task_id`, `completed`, `completed_at`) VALUES ('16', '90', '0', NULL);
INSERT INTO `janitor_task_checklist` (`assignment_id`, `task_id`, `completed`, `completed_at`) VALUES ('16', '91', '0', NULL);
INSERT INTO `janitor_task_checklist` (`assignment_id`, `task_id`, `completed`, `completed_at`) VALUES ('16', '92', '0', NULL);
INSERT INTO `janitor_task_checklist` (`assignment_id`, `task_id`, `completed`, `completed_at`) VALUES ('16', '93', '0', NULL);
INSERT INTO `janitor_task_checklist` (`assignment_id`, `task_id`, `completed`, `completed_at`) VALUES ('16', '94', '0', NULL);
INSERT INTO `janitor_task_checklist` (`assignment_id`, `task_id`, `completed`, `completed_at`) VALUES ('16', '95', '0', NULL);
INSERT INTO `janitor_task_checklist` (`assignment_id`, `task_id`, `completed`, `completed_at`) VALUES ('16', '96', '0', NULL);
INSERT INTO `janitor_task_checklist` (`assignment_id`, `task_id`, `completed`, `completed_at`) VALUES ('16', '97', '0', NULL);
INSERT INTO `janitor_task_checklist` (`assignment_id`, `task_id`, `completed`, `completed_at`) VALUES ('16', '98', '0', NULL);
INSERT INTO `janitor_task_checklist` (`assignment_id`, `task_id`, `completed`, `completed_at`) VALUES ('16', '99', '0', NULL);
INSERT INTO `janitor_task_checklist` (`assignment_id`, `task_id`, `completed`, `completed_at`) VALUES ('16', '100', '0', NULL);
INSERT INTO `janitor_task_checklist` (`assignment_id`, `task_id`, `completed`, `completed_at`) VALUES ('16', '101', '0', NULL);
INSERT INTO `janitor_task_checklist` (`assignment_id`, `task_id`, `completed`, `completed_at`) VALUES ('16', '102', '0', NULL);
INSERT INTO `janitor_task_checklist` (`assignment_id`, `task_id`, `completed`, `completed_at`) VALUES ('16', '103', '0', NULL);
INSERT INTO `janitor_task_checklist` (`assignment_id`, `task_id`, `completed`, `completed_at`) VALUES ('16', '104', '0', NULL);
INSERT INTO `janitor_task_checklist` (`assignment_id`, `task_id`, `completed`, `completed_at`) VALUES ('16', '105', '0', NULL);
INSERT INTO `janitor_task_checklist` (`assignment_id`, `task_id`, `completed`, `completed_at`) VALUES ('16', '106', '0', NULL);
INSERT INTO `janitor_task_checklist` (`assignment_id`, `task_id`, `completed`, `completed_at`) VALUES ('17', '34', '0', NULL);
INSERT INTO `janitor_task_checklist` (`assignment_id`, `task_id`, `completed`, `completed_at`) VALUES ('17', '35', '0', NULL);
INSERT INTO `janitor_task_checklist` (`assignment_id`, `task_id`, `completed`, `completed_at`) VALUES ('17', '36', '0', NULL);
INSERT INTO `janitor_task_checklist` (`assignment_id`, `task_id`, `completed`, `completed_at`) VALUES ('17', '37', '0', NULL);
INSERT INTO `janitor_task_checklist` (`assignment_id`, `task_id`, `completed`, `completed_at`) VALUES ('17', '38', '0', NULL);
INSERT INTO `janitor_task_checklist` (`assignment_id`, `task_id`, `completed`, `completed_at`) VALUES ('17', '39', '0', NULL);
INSERT INTO `janitor_task_checklist` (`assignment_id`, `task_id`, `completed`, `completed_at`) VALUES ('17', '40', '0', NULL);
INSERT INTO `janitor_task_checklist` (`assignment_id`, `task_id`, `completed`, `completed_at`) VALUES ('17', '41', '0', NULL);
INSERT INTO `janitor_task_checklist` (`assignment_id`, `task_id`, `completed`, `completed_at`) VALUES ('17', '42', '0', NULL);
INSERT INTO `janitor_task_checklist` (`assignment_id`, `task_id`, `completed`, `completed_at`) VALUES ('17', '43', '0', NULL);
INSERT INTO `janitor_task_checklist` (`assignment_id`, `task_id`, `completed`, `completed_at`) VALUES ('17', '44', '0', NULL);
INSERT INTO `janitor_task_checklist` (`assignment_id`, `task_id`, `completed`, `completed_at`) VALUES ('17', '45', '0', NULL);
INSERT INTO `janitor_task_checklist` (`assignment_id`, `task_id`, `completed`, `completed_at`) VALUES ('17', '46', '0', NULL);
INSERT INTO `janitor_task_checklist` (`assignment_id`, `task_id`, `completed`, `completed_at`) VALUES ('17', '47', '0', NULL);
INSERT INTO `janitor_task_checklist` (`assignment_id`, `task_id`, `completed`, `completed_at`) VALUES ('17', '48', '0', NULL);
INSERT INTO `janitor_task_checklist` (`assignment_id`, `task_id`, `completed`, `completed_at`) VALUES ('17', '49', '0', NULL);
INSERT INTO `janitor_task_checklist` (`assignment_id`, `task_id`, `completed`, `completed_at`) VALUES ('17', '50', '0', NULL);
INSERT INTO `janitor_task_checklist` (`assignment_id`, `task_id`, `completed`, `completed_at`) VALUES ('17', '51', '0', NULL);
INSERT INTO `janitor_task_checklist` (`assignment_id`, `task_id`, `completed`, `completed_at`) VALUES ('17', '52', '0', NULL);
INSERT INTO `janitor_task_checklist` (`assignment_id`, `task_id`, `completed`, `completed_at`) VALUES ('17', '53', '0', NULL);
INSERT INTO `janitor_task_checklist` (`assignment_id`, `task_id`, `completed`, `completed_at`) VALUES ('17', '54', '0', NULL);
INSERT INTO `janitor_task_checklist` (`assignment_id`, `task_id`, `completed`, `completed_at`) VALUES ('17', '55', '0', NULL);
INSERT INTO `janitor_task_checklist` (`assignment_id`, `task_id`, `completed`, `completed_at`) VALUES ('17', '56', '0', NULL);
INSERT INTO `janitor_task_checklist` (`assignment_id`, `task_id`, `completed`, `completed_at`) VALUES ('17', '57', '0', NULL);
INSERT INTO `janitor_task_checklist` (`assignment_id`, `task_id`, `completed`, `completed_at`) VALUES ('17', '58', '0', NULL);
INSERT INTO `janitor_task_checklist` (`assignment_id`, `task_id`, `completed`, `completed_at`) VALUES ('17', '59', '0', NULL);
INSERT INTO `janitor_task_checklist` (`assignment_id`, `task_id`, `completed`, `completed_at`) VALUES ('17', '60', '0', NULL);
INSERT INTO `janitor_task_checklist` (`assignment_id`, `task_id`, `completed`, `completed_at`) VALUES ('17', '61', '0', NULL);
INSERT INTO `janitor_task_checklist` (`assignment_id`, `task_id`, `completed`, `completed_at`) VALUES ('17', '62', '0', NULL);
INSERT INTO `janitor_task_checklist` (`assignment_id`, `task_id`, `completed`, `completed_at`) VALUES ('17', '63', '0', NULL);
INSERT INTO `janitor_task_checklist` (`assignment_id`, `task_id`, `completed`, `completed_at`) VALUES ('17', '64', '0', NULL);
INSERT INTO `janitor_task_checklist` (`assignment_id`, `task_id`, `completed`, `completed_at`) VALUES ('17', '65', '0', NULL);
INSERT INTO `janitor_task_checklist` (`assignment_id`, `task_id`, `completed`, `completed_at`) VALUES ('17', '66', '0', NULL);
INSERT INTO `janitor_task_checklist` (`assignment_id`, `task_id`, `completed`, `completed_at`) VALUES ('17', '67', '0', NULL);
INSERT INTO `janitor_task_checklist` (`assignment_id`, `task_id`, `completed`, `completed_at`) VALUES ('17', '68', '0', NULL);
INSERT INTO `janitor_task_checklist` (`assignment_id`, `task_id`, `completed`, `completed_at`) VALUES ('17', '69', '0', NULL);
INSERT INTO `janitor_task_checklist` (`assignment_id`, `task_id`, `completed`, `completed_at`) VALUES ('17', '70', '0', NULL);
INSERT INTO `janitor_task_checklist` (`assignment_id`, `task_id`, `completed`, `completed_at`) VALUES ('17', '71', '0', NULL);
INSERT INTO `janitor_task_checklist` (`assignment_id`, `task_id`, `completed`, `completed_at`) VALUES ('17', '72', '0', NULL);
INSERT INTO `janitor_task_checklist` (`assignment_id`, `task_id`, `completed`, `completed_at`) VALUES ('17', '73', '0', NULL);
INSERT INTO `janitor_task_checklist` (`assignment_id`, `task_id`, `completed`, `completed_at`) VALUES ('17', '74', '0', NULL);
INSERT INTO `janitor_task_checklist` (`assignment_id`, `task_id`, `completed`, `completed_at`) VALUES ('17', '75', '0', NULL);
INSERT INTO `janitor_task_checklist` (`assignment_id`, `task_id`, `completed`, `completed_at`) VALUES ('17', '76', '0', NULL);
INSERT INTO `janitor_task_checklist` (`assignment_id`, `task_id`, `completed`, `completed_at`) VALUES ('17', '77', '0', NULL);
INSERT INTO `janitor_task_checklist` (`assignment_id`, `task_id`, `completed`, `completed_at`) VALUES ('17', '78', '0', NULL);
INSERT INTO `janitor_task_checklist` (`assignment_id`, `task_id`, `completed`, `completed_at`) VALUES ('17', '79', '0', NULL);
INSERT INTO `janitor_task_checklist` (`assignment_id`, `task_id`, `completed`, `completed_at`) VALUES ('17', '80', '0', NULL);
INSERT INTO `janitor_task_checklist` (`assignment_id`, `task_id`, `completed`, `completed_at`) VALUES ('17', '81', '0', NULL);
INSERT INTO `janitor_task_checklist` (`assignment_id`, `task_id`, `completed`, `completed_at`) VALUES ('17', '82', '0', NULL);
INSERT INTO `janitor_task_checklist` (`assignment_id`, `task_id`, `completed`, `completed_at`) VALUES ('17', '83', '0', NULL);
INSERT INTO `janitor_task_checklist` (`assignment_id`, `task_id`, `completed`, `completed_at`) VALUES ('17', '84', '0', NULL);
INSERT INTO `janitor_task_checklist` (`assignment_id`, `task_id`, `completed`, `completed_at`) VALUES ('17', '85', '0', NULL);
INSERT INTO `janitor_task_checklist` (`assignment_id`, `task_id`, `completed`, `completed_at`) VALUES ('17', '86', '0', NULL);
INSERT INTO `janitor_task_checklist` (`assignment_id`, `task_id`, `completed`, `completed_at`) VALUES ('17', '87', '0', NULL);
INSERT INTO `janitor_task_checklist` (`assignment_id`, `task_id`, `completed`, `completed_at`) VALUES ('17', '88', '0', NULL);
INSERT INTO `janitor_task_checklist` (`assignment_id`, `task_id`, `completed`, `completed_at`) VALUES ('17', '89', '0', NULL);
INSERT INTO `janitor_task_checklist` (`assignment_id`, `task_id`, `completed`, `completed_at`) VALUES ('17', '90', '0', NULL);
INSERT INTO `janitor_task_checklist` (`assignment_id`, `task_id`, `completed`, `completed_at`) VALUES ('17', '91', '0', NULL);
INSERT INTO `janitor_task_checklist` (`assignment_id`, `task_id`, `completed`, `completed_at`) VALUES ('17', '92', '0', NULL);
INSERT INTO `janitor_task_checklist` (`assignment_id`, `task_id`, `completed`, `completed_at`) VALUES ('17', '93', '0', NULL);
INSERT INTO `janitor_task_checklist` (`assignment_id`, `task_id`, `completed`, `completed_at`) VALUES ('17', '94', '0', NULL);
INSERT INTO `janitor_task_checklist` (`assignment_id`, `task_id`, `completed`, `completed_at`) VALUES ('17', '95', '0', NULL);
INSERT INTO `janitor_task_checklist` (`assignment_id`, `task_id`, `completed`, `completed_at`) VALUES ('17', '96', '0', NULL);
INSERT INTO `janitor_task_checklist` (`assignment_id`, `task_id`, `completed`, `completed_at`) VALUES ('17', '97', '0', NULL);
INSERT INTO `janitor_task_checklist` (`assignment_id`, `task_id`, `completed`, `completed_at`) VALUES ('17', '98', '0', NULL);
INSERT INTO `janitor_task_checklist` (`assignment_id`, `task_id`, `completed`, `completed_at`) VALUES ('17', '99', '0', NULL);
INSERT INTO `janitor_task_checklist` (`assignment_id`, `task_id`, `completed`, `completed_at`) VALUES ('17', '100', '0', NULL);
INSERT INTO `janitor_task_checklist` (`assignment_id`, `task_id`, `completed`, `completed_at`) VALUES ('17', '101', '0', NULL);
INSERT INTO `janitor_task_checklist` (`assignment_id`, `task_id`, `completed`, `completed_at`) VALUES ('17', '102', '0', NULL);
INSERT INTO `janitor_task_checklist` (`assignment_id`, `task_id`, `completed`, `completed_at`) VALUES ('17', '103', '0', NULL);
INSERT INTO `janitor_task_checklist` (`assignment_id`, `task_id`, `completed`, `completed_at`) VALUES ('17', '104', '0', NULL);
INSERT INTO `janitor_task_checklist` (`assignment_id`, `task_id`, `completed`, `completed_at`) VALUES ('17', '105', '0', NULL);
INSERT INTO `janitor_task_checklist` (`assignment_id`, `task_id`, `completed`, `completed_at`) VALUES ('17', '106', '0', NULL);
INSERT INTO `janitor_task_checklist` (`assignment_id`, `task_id`, `completed`, `completed_at`) VALUES ('18', '34', '0', NULL);
INSERT INTO `janitor_task_checklist` (`assignment_id`, `task_id`, `completed`, `completed_at`) VALUES ('18', '35', '0', NULL);
INSERT INTO `janitor_task_checklist` (`assignment_id`, `task_id`, `completed`, `completed_at`) VALUES ('18', '36', '0', NULL);
INSERT INTO `janitor_task_checklist` (`assignment_id`, `task_id`, `completed`, `completed_at`) VALUES ('18', '37', '0', NULL);
INSERT INTO `janitor_task_checklist` (`assignment_id`, `task_id`, `completed`, `completed_at`) VALUES ('18', '38', '0', NULL);
INSERT INTO `janitor_task_checklist` (`assignment_id`, `task_id`, `completed`, `completed_at`) VALUES ('18', '39', '0', NULL);
INSERT INTO `janitor_task_checklist` (`assignment_id`, `task_id`, `completed`, `completed_at`) VALUES ('18', '40', '0', NULL);
INSERT INTO `janitor_task_checklist` (`assignment_id`, `task_id`, `completed`, `completed_at`) VALUES ('18', '41', '0', NULL);
INSERT INTO `janitor_task_checklist` (`assignment_id`, `task_id`, `completed`, `completed_at`) VALUES ('18', '42', '0', NULL);
INSERT INTO `janitor_task_checklist` (`assignment_id`, `task_id`, `completed`, `completed_at`) VALUES ('18', '43', '0', NULL);
INSERT INTO `janitor_task_checklist` (`assignment_id`, `task_id`, `completed`, `completed_at`) VALUES ('18', '44', '0', NULL);
INSERT INTO `janitor_task_checklist` (`assignment_id`, `task_id`, `completed`, `completed_at`) VALUES ('18', '45', '0', NULL);
INSERT INTO `janitor_task_checklist` (`assignment_id`, `task_id`, `completed`, `completed_at`) VALUES ('18', '46', '0', NULL);
INSERT INTO `janitor_task_checklist` (`assignment_id`, `task_id`, `completed`, `completed_at`) VALUES ('18', '47', '0', NULL);
INSERT INTO `janitor_task_checklist` (`assignment_id`, `task_id`, `completed`, `completed_at`) VALUES ('18', '48', '0', NULL);
INSERT INTO `janitor_task_checklist` (`assignment_id`, `task_id`, `completed`, `completed_at`) VALUES ('18', '49', '0', NULL);
INSERT INTO `janitor_task_checklist` (`assignment_id`, `task_id`, `completed`, `completed_at`) VALUES ('18', '50', '0', NULL);
INSERT INTO `janitor_task_checklist` (`assignment_id`, `task_id`, `completed`, `completed_at`) VALUES ('18', '51', '0', NULL);
INSERT INTO `janitor_task_checklist` (`assignment_id`, `task_id`, `completed`, `completed_at`) VALUES ('18', '52', '0', NULL);
INSERT INTO `janitor_task_checklist` (`assignment_id`, `task_id`, `completed`, `completed_at`) VALUES ('18', '53', '0', NULL);
INSERT INTO `janitor_task_checklist` (`assignment_id`, `task_id`, `completed`, `completed_at`) VALUES ('18', '54', '0', NULL);
INSERT INTO `janitor_task_checklist` (`assignment_id`, `task_id`, `completed`, `completed_at`) VALUES ('18', '55', '0', NULL);
INSERT INTO `janitor_task_checklist` (`assignment_id`, `task_id`, `completed`, `completed_at`) VALUES ('18', '56', '0', NULL);
INSERT INTO `janitor_task_checklist` (`assignment_id`, `task_id`, `completed`, `completed_at`) VALUES ('18', '57', '0', NULL);
INSERT INTO `janitor_task_checklist` (`assignment_id`, `task_id`, `completed`, `completed_at`) VALUES ('18', '58', '0', NULL);
INSERT INTO `janitor_task_checklist` (`assignment_id`, `task_id`, `completed`, `completed_at`) VALUES ('18', '59', '0', NULL);
INSERT INTO `janitor_task_checklist` (`assignment_id`, `task_id`, `completed`, `completed_at`) VALUES ('18', '60', '0', NULL);
INSERT INTO `janitor_task_checklist` (`assignment_id`, `task_id`, `completed`, `completed_at`) VALUES ('18', '61', '0', NULL);
INSERT INTO `janitor_task_checklist` (`assignment_id`, `task_id`, `completed`, `completed_at`) VALUES ('18', '62', '0', NULL);
INSERT INTO `janitor_task_checklist` (`assignment_id`, `task_id`, `completed`, `completed_at`) VALUES ('18', '63', '0', NULL);
INSERT INTO `janitor_task_checklist` (`assignment_id`, `task_id`, `completed`, `completed_at`) VALUES ('18', '64', '0', NULL);
INSERT INTO `janitor_task_checklist` (`assignment_id`, `task_id`, `completed`, `completed_at`) VALUES ('18', '65', '0', NULL);
INSERT INTO `janitor_task_checklist` (`assignment_id`, `task_id`, `completed`, `completed_at`) VALUES ('18', '66', '0', NULL);
INSERT INTO `janitor_task_checklist` (`assignment_id`, `task_id`, `completed`, `completed_at`) VALUES ('18', '67', '0', NULL);
INSERT INTO `janitor_task_checklist` (`assignment_id`, `task_id`, `completed`, `completed_at`) VALUES ('18', '68', '0', NULL);
INSERT INTO `janitor_task_checklist` (`assignment_id`, `task_id`, `completed`, `completed_at`) VALUES ('18', '69', '0', NULL);
INSERT INTO `janitor_task_checklist` (`assignment_id`, `task_id`, `completed`, `completed_at`) VALUES ('18', '70', '0', NULL);
INSERT INTO `janitor_task_checklist` (`assignment_id`, `task_id`, `completed`, `completed_at`) VALUES ('18', '71', '0', NULL);
INSERT INTO `janitor_task_checklist` (`assignment_id`, `task_id`, `completed`, `completed_at`) VALUES ('18', '72', '0', NULL);
INSERT INTO `janitor_task_checklist` (`assignment_id`, `task_id`, `completed`, `completed_at`) VALUES ('18', '73', '0', NULL);
INSERT INTO `janitor_task_checklist` (`assignment_id`, `task_id`, `completed`, `completed_at`) VALUES ('18', '74', '0', NULL);
INSERT INTO `janitor_task_checklist` (`assignment_id`, `task_id`, `completed`, `completed_at`) VALUES ('18', '75', '0', NULL);
INSERT INTO `janitor_task_checklist` (`assignment_id`, `task_id`, `completed`, `completed_at`) VALUES ('18', '76', '0', NULL);
INSERT INTO `janitor_task_checklist` (`assignment_id`, `task_id`, `completed`, `completed_at`) VALUES ('18', '77', '0', NULL);
INSERT INTO `janitor_task_checklist` (`assignment_id`, `task_id`, `completed`, `completed_at`) VALUES ('18', '78', '0', NULL);
INSERT INTO `janitor_task_checklist` (`assignment_id`, `task_id`, `completed`, `completed_at`) VALUES ('18', '79', '0', NULL);
INSERT INTO `janitor_task_checklist` (`assignment_id`, `task_id`, `completed`, `completed_at`) VALUES ('18', '80', '0', NULL);
INSERT INTO `janitor_task_checklist` (`assignment_id`, `task_id`, `completed`, `completed_at`) VALUES ('18', '81', '0', NULL);
INSERT INTO `janitor_task_checklist` (`assignment_id`, `task_id`, `completed`, `completed_at`) VALUES ('18', '82', '0', NULL);
INSERT INTO `janitor_task_checklist` (`assignment_id`, `task_id`, `completed`, `completed_at`) VALUES ('18', '83', '0', NULL);
INSERT INTO `janitor_task_checklist` (`assignment_id`, `task_id`, `completed`, `completed_at`) VALUES ('18', '84', '0', NULL);
INSERT INTO `janitor_task_checklist` (`assignment_id`, `task_id`, `completed`, `completed_at`) VALUES ('18', '85', '0', NULL);
INSERT INTO `janitor_task_checklist` (`assignment_id`, `task_id`, `completed`, `completed_at`) VALUES ('18', '86', '0', NULL);
INSERT INTO `janitor_task_checklist` (`assignment_id`, `task_id`, `completed`, `completed_at`) VALUES ('18', '87', '0', NULL);
INSERT INTO `janitor_task_checklist` (`assignment_id`, `task_id`, `completed`, `completed_at`) VALUES ('18', '88', '0', NULL);
INSERT INTO `janitor_task_checklist` (`assignment_id`, `task_id`, `completed`, `completed_at`) VALUES ('18', '89', '0', NULL);
INSERT INTO `janitor_task_checklist` (`assignment_id`, `task_id`, `completed`, `completed_at`) VALUES ('18', '90', '0', NULL);
INSERT INTO `janitor_task_checklist` (`assignment_id`, `task_id`, `completed`, `completed_at`) VALUES ('18', '91', '0', NULL);
INSERT INTO `janitor_task_checklist` (`assignment_id`, `task_id`, `completed`, `completed_at`) VALUES ('18', '92', '0', NULL);
INSERT INTO `janitor_task_checklist` (`assignment_id`, `task_id`, `completed`, `completed_at`) VALUES ('18', '93', '0', NULL);
INSERT INTO `janitor_task_checklist` (`assignment_id`, `task_id`, `completed`, `completed_at`) VALUES ('18', '94', '0', NULL);
INSERT INTO `janitor_task_checklist` (`assignment_id`, `task_id`, `completed`, `completed_at`) VALUES ('18', '95', '0', NULL);
INSERT INTO `janitor_task_checklist` (`assignment_id`, `task_id`, `completed`, `completed_at`) VALUES ('18', '96', '0', NULL);
INSERT INTO `janitor_task_checklist` (`assignment_id`, `task_id`, `completed`, `completed_at`) VALUES ('18', '97', '0', NULL);
INSERT INTO `janitor_task_checklist` (`assignment_id`, `task_id`, `completed`, `completed_at`) VALUES ('18', '98', '0', NULL);
INSERT INTO `janitor_task_checklist` (`assignment_id`, `task_id`, `completed`, `completed_at`) VALUES ('18', '99', '0', NULL);
INSERT INTO `janitor_task_checklist` (`assignment_id`, `task_id`, `completed`, `completed_at`) VALUES ('18', '100', '0', NULL);
INSERT INTO `janitor_task_checklist` (`assignment_id`, `task_id`, `completed`, `completed_at`) VALUES ('18', '101', '0', NULL);
INSERT INTO `janitor_task_checklist` (`assignment_id`, `task_id`, `completed`, `completed_at`) VALUES ('18', '102', '0', NULL);
INSERT INTO `janitor_task_checklist` (`assignment_id`, `task_id`, `completed`, `completed_at`) VALUES ('18', '103', '0', NULL);
INSERT INTO `janitor_task_checklist` (`assignment_id`, `task_id`, `completed`, `completed_at`) VALUES ('18', '104', '0', NULL);
INSERT INTO `janitor_task_checklist` (`assignment_id`, `task_id`, `completed`, `completed_at`) VALUES ('18', '105', '0', NULL);
INSERT INTO `janitor_task_checklist` (`assignment_id`, `task_id`, `completed`, `completed_at`) VALUES ('18', '106', '0', NULL);
INSERT INTO `janitor_task_checklist` (`assignment_id`, `task_id`, `completed`, `completed_at`) VALUES ('19', '34', '0', NULL);
INSERT INTO `janitor_task_checklist` (`assignment_id`, `task_id`, `completed`, `completed_at`) VALUES ('19', '35', '0', NULL);
INSERT INTO `janitor_task_checklist` (`assignment_id`, `task_id`, `completed`, `completed_at`) VALUES ('19', '36', '0', NULL);
INSERT INTO `janitor_task_checklist` (`assignment_id`, `task_id`, `completed`, `completed_at`) VALUES ('19', '37', '0', NULL);
INSERT INTO `janitor_task_checklist` (`assignment_id`, `task_id`, `completed`, `completed_at`) VALUES ('19', '38', '0', NULL);
INSERT INTO `janitor_task_checklist` (`assignment_id`, `task_id`, `completed`, `completed_at`) VALUES ('19', '39', '0', NULL);
INSERT INTO `janitor_task_checklist` (`assignment_id`, `task_id`, `completed`, `completed_at`) VALUES ('19', '40', '0', NULL);
INSERT INTO `janitor_task_checklist` (`assignment_id`, `task_id`, `completed`, `completed_at`) VALUES ('19', '41', '0', NULL);
INSERT INTO `janitor_task_checklist` (`assignment_id`, `task_id`, `completed`, `completed_at`) VALUES ('19', '42', '0', NULL);
INSERT INTO `janitor_task_checklist` (`assignment_id`, `task_id`, `completed`, `completed_at`) VALUES ('19', '43', '0', NULL);
INSERT INTO `janitor_task_checklist` (`assignment_id`, `task_id`, `completed`, `completed_at`) VALUES ('19', '44', '0', NULL);
INSERT INTO `janitor_task_checklist` (`assignment_id`, `task_id`, `completed`, `completed_at`) VALUES ('19', '45', '0', NULL);
INSERT INTO `janitor_task_checklist` (`assignment_id`, `task_id`, `completed`, `completed_at`) VALUES ('19', '46', '0', NULL);
INSERT INTO `janitor_task_checklist` (`assignment_id`, `task_id`, `completed`, `completed_at`) VALUES ('19', '47', '0', NULL);
INSERT INTO `janitor_task_checklist` (`assignment_id`, `task_id`, `completed`, `completed_at`) VALUES ('19', '48', '0', NULL);
INSERT INTO `janitor_task_checklist` (`assignment_id`, `task_id`, `completed`, `completed_at`) VALUES ('19', '49', '0', NULL);
INSERT INTO `janitor_task_checklist` (`assignment_id`, `task_id`, `completed`, `completed_at`) VALUES ('19', '50', '0', NULL);
INSERT INTO `janitor_task_checklist` (`assignment_id`, `task_id`, `completed`, `completed_at`) VALUES ('19', '51', '0', NULL);
INSERT INTO `janitor_task_checklist` (`assignment_id`, `task_id`, `completed`, `completed_at`) VALUES ('19', '52', '0', NULL);
INSERT INTO `janitor_task_checklist` (`assignment_id`, `task_id`, `completed`, `completed_at`) VALUES ('19', '53', '0', NULL);
INSERT INTO `janitor_task_checklist` (`assignment_id`, `task_id`, `completed`, `completed_at`) VALUES ('19', '54', '0', NULL);
INSERT INTO `janitor_task_checklist` (`assignment_id`, `task_id`, `completed`, `completed_at`) VALUES ('19', '55', '0', NULL);
INSERT INTO `janitor_task_checklist` (`assignment_id`, `task_id`, `completed`, `completed_at`) VALUES ('19', '56', '0', NULL);
INSERT INTO `janitor_task_checklist` (`assignment_id`, `task_id`, `completed`, `completed_at`) VALUES ('19', '57', '0', NULL);
INSERT INTO `janitor_task_checklist` (`assignment_id`, `task_id`, `completed`, `completed_at`) VALUES ('19', '58', '0', NULL);
INSERT INTO `janitor_task_checklist` (`assignment_id`, `task_id`, `completed`, `completed_at`) VALUES ('19', '59', '0', NULL);
INSERT INTO `janitor_task_checklist` (`assignment_id`, `task_id`, `completed`, `completed_at`) VALUES ('19', '60', '0', NULL);
INSERT INTO `janitor_task_checklist` (`assignment_id`, `task_id`, `completed`, `completed_at`) VALUES ('19', '61', '0', NULL);
INSERT INTO `janitor_task_checklist` (`assignment_id`, `task_id`, `completed`, `completed_at`) VALUES ('19', '62', '0', NULL);
INSERT INTO `janitor_task_checklist` (`assignment_id`, `task_id`, `completed`, `completed_at`) VALUES ('19', '63', '0', NULL);
INSERT INTO `janitor_task_checklist` (`assignment_id`, `task_id`, `completed`, `completed_at`) VALUES ('19', '64', '0', NULL);
INSERT INTO `janitor_task_checklist` (`assignment_id`, `task_id`, `completed`, `completed_at`) VALUES ('19', '65', '0', NULL);
INSERT INTO `janitor_task_checklist` (`assignment_id`, `task_id`, `completed`, `completed_at`) VALUES ('19', '66', '0', NULL);
INSERT INTO `janitor_task_checklist` (`assignment_id`, `task_id`, `completed`, `completed_at`) VALUES ('19', '67', '0', NULL);
INSERT INTO `janitor_task_checklist` (`assignment_id`, `task_id`, `completed`, `completed_at`) VALUES ('19', '68', '0', NULL);
INSERT INTO `janitor_task_checklist` (`assignment_id`, `task_id`, `completed`, `completed_at`) VALUES ('19', '69', '0', NULL);
INSERT INTO `janitor_task_checklist` (`assignment_id`, `task_id`, `completed`, `completed_at`) VALUES ('19', '70', '0', NULL);
INSERT INTO `janitor_task_checklist` (`assignment_id`, `task_id`, `completed`, `completed_at`) VALUES ('19', '71', '0', NULL);
INSERT INTO `janitor_task_checklist` (`assignment_id`, `task_id`, `completed`, `completed_at`) VALUES ('19', '72', '0', NULL);
INSERT INTO `janitor_task_checklist` (`assignment_id`, `task_id`, `completed`, `completed_at`) VALUES ('19', '73', '0', NULL);
INSERT INTO `janitor_task_checklist` (`assignment_id`, `task_id`, `completed`, `completed_at`) VALUES ('19', '74', '0', NULL);
INSERT INTO `janitor_task_checklist` (`assignment_id`, `task_id`, `completed`, `completed_at`) VALUES ('19', '75', '0', NULL);
INSERT INTO `janitor_task_checklist` (`assignment_id`, `task_id`, `completed`, `completed_at`) VALUES ('19', '76', '0', NULL);
INSERT INTO `janitor_task_checklist` (`assignment_id`, `task_id`, `completed`, `completed_at`) VALUES ('19', '77', '0', NULL);
INSERT INTO `janitor_task_checklist` (`assignment_id`, `task_id`, `completed`, `completed_at`) VALUES ('19', '78', '0', NULL);
INSERT INTO `janitor_task_checklist` (`assignment_id`, `task_id`, `completed`, `completed_at`) VALUES ('19', '79', '0', NULL);
INSERT INTO `janitor_task_checklist` (`assignment_id`, `task_id`, `completed`, `completed_at`) VALUES ('19', '80', '0', NULL);
INSERT INTO `janitor_task_checklist` (`assignment_id`, `task_id`, `completed`, `completed_at`) VALUES ('19', '81', '0', NULL);
INSERT INTO `janitor_task_checklist` (`assignment_id`, `task_id`, `completed`, `completed_at`) VALUES ('19', '82', '0', NULL);
INSERT INTO `janitor_task_checklist` (`assignment_id`, `task_id`, `completed`, `completed_at`) VALUES ('19', '83', '0', NULL);
INSERT INTO `janitor_task_checklist` (`assignment_id`, `task_id`, `completed`, `completed_at`) VALUES ('19', '84', '0', NULL);
INSERT INTO `janitor_task_checklist` (`assignment_id`, `task_id`, `completed`, `completed_at`) VALUES ('19', '85', '0', NULL);
INSERT INTO `janitor_task_checklist` (`assignment_id`, `task_id`, `completed`, `completed_at`) VALUES ('19', '86', '0', NULL);
INSERT INTO `janitor_task_checklist` (`assignment_id`, `task_id`, `completed`, `completed_at`) VALUES ('19', '87', '0', NULL);
INSERT INTO `janitor_task_checklist` (`assignment_id`, `task_id`, `completed`, `completed_at`) VALUES ('19', '88', '0', NULL);
INSERT INTO `janitor_task_checklist` (`assignment_id`, `task_id`, `completed`, `completed_at`) VALUES ('19', '89', '0', NULL);
INSERT INTO `janitor_task_checklist` (`assignment_id`, `task_id`, `completed`, `completed_at`) VALUES ('19', '90', '0', NULL);
INSERT INTO `janitor_task_checklist` (`assignment_id`, `task_id`, `completed`, `completed_at`) VALUES ('19', '91', '0', NULL);
INSERT INTO `janitor_task_checklist` (`assignment_id`, `task_id`, `completed`, `completed_at`) VALUES ('19', '92', '0', NULL);
INSERT INTO `janitor_task_checklist` (`assignment_id`, `task_id`, `completed`, `completed_at`) VALUES ('19', '93', '0', NULL);
INSERT INTO `janitor_task_checklist` (`assignment_id`, `task_id`, `completed`, `completed_at`) VALUES ('19', '94', '0', NULL);
INSERT INTO `janitor_task_checklist` (`assignment_id`, `task_id`, `completed`, `completed_at`) VALUES ('19', '95', '0', NULL);
INSERT INTO `janitor_task_checklist` (`assignment_id`, `task_id`, `completed`, `completed_at`) VALUES ('19', '96', '0', NULL);
INSERT INTO `janitor_task_checklist` (`assignment_id`, `task_id`, `completed`, `completed_at`) VALUES ('19', '97', '0', NULL);
INSERT INTO `janitor_task_checklist` (`assignment_id`, `task_id`, `completed`, `completed_at`) VALUES ('19', '98', '0', NULL);
INSERT INTO `janitor_task_checklist` (`assignment_id`, `task_id`, `completed`, `completed_at`) VALUES ('19', '99', '0', NULL);
INSERT INTO `janitor_task_checklist` (`assignment_id`, `task_id`, `completed`, `completed_at`) VALUES ('19', '100', '0', NULL);
INSERT INTO `janitor_task_checklist` (`assignment_id`, `task_id`, `completed`, `completed_at`) VALUES ('19', '101', '0', NULL);
INSERT INTO `janitor_task_checklist` (`assignment_id`, `task_id`, `completed`, `completed_at`) VALUES ('19', '102', '0', NULL);
INSERT INTO `janitor_task_checklist` (`assignment_id`, `task_id`, `completed`, `completed_at`) VALUES ('19', '103', '0', NULL);
INSERT INTO `janitor_task_checklist` (`assignment_id`, `task_id`, `completed`, `completed_at`) VALUES ('19', '104', '0', NULL);
INSERT INTO `janitor_task_checklist` (`assignment_id`, `task_id`, `completed`, `completed_at`) VALUES ('19', '105', '0', NULL);
INSERT INTO `janitor_task_checklist` (`assignment_id`, `task_id`, `completed`, `completed_at`) VALUES ('19', '106', '0', NULL);
INSERT INTO `janitor_task_checklist` (`assignment_id`, `task_id`, `completed`, `completed_at`) VALUES ('20', '34', '0', NULL);
INSERT INTO `janitor_task_checklist` (`assignment_id`, `task_id`, `completed`, `completed_at`) VALUES ('20', '35', '0', NULL);
INSERT INTO `janitor_task_checklist` (`assignment_id`, `task_id`, `completed`, `completed_at`) VALUES ('20', '36', '0', NULL);
INSERT INTO `janitor_task_checklist` (`assignment_id`, `task_id`, `completed`, `completed_at`) VALUES ('20', '37', '0', NULL);
INSERT INTO `janitor_task_checklist` (`assignment_id`, `task_id`, `completed`, `completed_at`) VALUES ('20', '38', '0', NULL);
INSERT INTO `janitor_task_checklist` (`assignment_id`, `task_id`, `completed`, `completed_at`) VALUES ('20', '39', '0', NULL);
INSERT INTO `janitor_task_checklist` (`assignment_id`, `task_id`, `completed`, `completed_at`) VALUES ('20', '40', '0', NULL);
INSERT INTO `janitor_task_checklist` (`assignment_id`, `task_id`, `completed`, `completed_at`) VALUES ('20', '41', '0', NULL);
INSERT INTO `janitor_task_checklist` (`assignment_id`, `task_id`, `completed`, `completed_at`) VALUES ('20', '42', '0', NULL);
INSERT INTO `janitor_task_checklist` (`assignment_id`, `task_id`, `completed`, `completed_at`) VALUES ('20', '43', '0', NULL);
INSERT INTO `janitor_task_checklist` (`assignment_id`, `task_id`, `completed`, `completed_at`) VALUES ('20', '44', '0', NULL);
INSERT INTO `janitor_task_checklist` (`assignment_id`, `task_id`, `completed`, `completed_at`) VALUES ('20', '45', '0', NULL);
INSERT INTO `janitor_task_checklist` (`assignment_id`, `task_id`, `completed`, `completed_at`) VALUES ('20', '46', '0', NULL);
INSERT INTO `janitor_task_checklist` (`assignment_id`, `task_id`, `completed`, `completed_at`) VALUES ('20', '47', '0', NULL);
INSERT INTO `janitor_task_checklist` (`assignment_id`, `task_id`, `completed`, `completed_at`) VALUES ('20', '48', '0', NULL);
INSERT INTO `janitor_task_checklist` (`assignment_id`, `task_id`, `completed`, `completed_at`) VALUES ('20', '49', '0', NULL);
INSERT INTO `janitor_task_checklist` (`assignment_id`, `task_id`, `completed`, `completed_at`) VALUES ('20', '50', '0', NULL);
INSERT INTO `janitor_task_checklist` (`assignment_id`, `task_id`, `completed`, `completed_at`) VALUES ('20', '51', '0', NULL);
INSERT INTO `janitor_task_checklist` (`assignment_id`, `task_id`, `completed`, `completed_at`) VALUES ('20', '52', '0', NULL);
INSERT INTO `janitor_task_checklist` (`assignment_id`, `task_id`, `completed`, `completed_at`) VALUES ('20', '53', '0', NULL);
INSERT INTO `janitor_task_checklist` (`assignment_id`, `task_id`, `completed`, `completed_at`) VALUES ('20', '54', '0', NULL);
INSERT INTO `janitor_task_checklist` (`assignment_id`, `task_id`, `completed`, `completed_at`) VALUES ('20', '55', '0', NULL);
INSERT INTO `janitor_task_checklist` (`assignment_id`, `task_id`, `completed`, `completed_at`) VALUES ('20', '56', '0', NULL);
INSERT INTO `janitor_task_checklist` (`assignment_id`, `task_id`, `completed`, `completed_at`) VALUES ('20', '57', '0', NULL);
INSERT INTO `janitor_task_checklist` (`assignment_id`, `task_id`, `completed`, `completed_at`) VALUES ('20', '58', '0', NULL);
INSERT INTO `janitor_task_checklist` (`assignment_id`, `task_id`, `completed`, `completed_at`) VALUES ('20', '59', '0', NULL);
INSERT INTO `janitor_task_checklist` (`assignment_id`, `task_id`, `completed`, `completed_at`) VALUES ('20', '60', '0', NULL);
INSERT INTO `janitor_task_checklist` (`assignment_id`, `task_id`, `completed`, `completed_at`) VALUES ('20', '61', '0', NULL);
INSERT INTO `janitor_task_checklist` (`assignment_id`, `task_id`, `completed`, `completed_at`) VALUES ('20', '62', '0', NULL);
INSERT INTO `janitor_task_checklist` (`assignment_id`, `task_id`, `completed`, `completed_at`) VALUES ('20', '63', '0', NULL);
INSERT INTO `janitor_task_checklist` (`assignment_id`, `task_id`, `completed`, `completed_at`) VALUES ('20', '64', '0', NULL);
INSERT INTO `janitor_task_checklist` (`assignment_id`, `task_id`, `completed`, `completed_at`) VALUES ('20', '65', '0', NULL);
INSERT INTO `janitor_task_checklist` (`assignment_id`, `task_id`, `completed`, `completed_at`) VALUES ('20', '66', '0', NULL);
INSERT INTO `janitor_task_checklist` (`assignment_id`, `task_id`, `completed`, `completed_at`) VALUES ('20', '67', '0', NULL);
INSERT INTO `janitor_task_checklist` (`assignment_id`, `task_id`, `completed`, `completed_at`) VALUES ('20', '68', '0', NULL);
INSERT INTO `janitor_task_checklist` (`assignment_id`, `task_id`, `completed`, `completed_at`) VALUES ('20', '69', '0', NULL);
INSERT INTO `janitor_task_checklist` (`assignment_id`, `task_id`, `completed`, `completed_at`) VALUES ('20', '70', '0', NULL);
INSERT INTO `janitor_task_checklist` (`assignment_id`, `task_id`, `completed`, `completed_at`) VALUES ('20', '71', '0', NULL);
INSERT INTO `janitor_task_checklist` (`assignment_id`, `task_id`, `completed`, `completed_at`) VALUES ('20', '72', '0', NULL);
INSERT INTO `janitor_task_checklist` (`assignment_id`, `task_id`, `completed`, `completed_at`) VALUES ('20', '73', '0', NULL);
INSERT INTO `janitor_task_checklist` (`assignment_id`, `task_id`, `completed`, `completed_at`) VALUES ('20', '74', '0', NULL);
INSERT INTO `janitor_task_checklist` (`assignment_id`, `task_id`, `completed`, `completed_at`) VALUES ('20', '75', '0', NULL);
INSERT INTO `janitor_task_checklist` (`assignment_id`, `task_id`, `completed`, `completed_at`) VALUES ('20', '76', '0', NULL);
INSERT INTO `janitor_task_checklist` (`assignment_id`, `task_id`, `completed`, `completed_at`) VALUES ('20', '77', '0', NULL);
INSERT INTO `janitor_task_checklist` (`assignment_id`, `task_id`, `completed`, `completed_at`) VALUES ('20', '78', '0', NULL);
INSERT INTO `janitor_task_checklist` (`assignment_id`, `task_id`, `completed`, `completed_at`) VALUES ('20', '79', '0', NULL);
INSERT INTO `janitor_task_checklist` (`assignment_id`, `task_id`, `completed`, `completed_at`) VALUES ('20', '80', '0', NULL);
INSERT INTO `janitor_task_checklist` (`assignment_id`, `task_id`, `completed`, `completed_at`) VALUES ('20', '81', '0', NULL);
INSERT INTO `janitor_task_checklist` (`assignment_id`, `task_id`, `completed`, `completed_at`) VALUES ('20', '82', '0', NULL);
INSERT INTO `janitor_task_checklist` (`assignment_id`, `task_id`, `completed`, `completed_at`) VALUES ('20', '83', '0', NULL);
INSERT INTO `janitor_task_checklist` (`assignment_id`, `task_id`, `completed`, `completed_at`) VALUES ('20', '84', '0', NULL);
INSERT INTO `janitor_task_checklist` (`assignment_id`, `task_id`, `completed`, `completed_at`) VALUES ('20', '85', '0', NULL);
INSERT INTO `janitor_task_checklist` (`assignment_id`, `task_id`, `completed`, `completed_at`) VALUES ('20', '86', '0', NULL);
INSERT INTO `janitor_task_checklist` (`assignment_id`, `task_id`, `completed`, `completed_at`) VALUES ('20', '87', '0', NULL);
INSERT INTO `janitor_task_checklist` (`assignment_id`, `task_id`, `completed`, `completed_at`) VALUES ('20', '88', '0', NULL);
INSERT INTO `janitor_task_checklist` (`assignment_id`, `task_id`, `completed`, `completed_at`) VALUES ('20', '89', '0', NULL);
INSERT INTO `janitor_task_checklist` (`assignment_id`, `task_id`, `completed`, `completed_at`) VALUES ('20', '90', '0', NULL);
INSERT INTO `janitor_task_checklist` (`assignment_id`, `task_id`, `completed`, `completed_at`) VALUES ('20', '91', '0', NULL);
INSERT INTO `janitor_task_checklist` (`assignment_id`, `task_id`, `completed`, `completed_at`) VALUES ('20', '92', '0', NULL);
INSERT INTO `janitor_task_checklist` (`assignment_id`, `task_id`, `completed`, `completed_at`) VALUES ('20', '93', '0', NULL);
INSERT INTO `janitor_task_checklist` (`assignment_id`, `task_id`, `completed`, `completed_at`) VALUES ('20', '94', '0', NULL);
INSERT INTO `janitor_task_checklist` (`assignment_id`, `task_id`, `completed`, `completed_at`) VALUES ('20', '95', '0', NULL);
INSERT INTO `janitor_task_checklist` (`assignment_id`, `task_id`, `completed`, `completed_at`) VALUES ('20', '96', '0', NULL);
INSERT INTO `janitor_task_checklist` (`assignment_id`, `task_id`, `completed`, `completed_at`) VALUES ('20', '97', '0', NULL);
INSERT INTO `janitor_task_checklist` (`assignment_id`, `task_id`, `completed`, `completed_at`) VALUES ('20', '98', '0', NULL);
INSERT INTO `janitor_task_checklist` (`assignment_id`, `task_id`, `completed`, `completed_at`) VALUES ('20', '99', '0', NULL);
INSERT INTO `janitor_task_checklist` (`assignment_id`, `task_id`, `completed`, `completed_at`) VALUES ('20', '100', '0', NULL);
INSERT INTO `janitor_task_checklist` (`assignment_id`, `task_id`, `completed`, `completed_at`) VALUES ('20', '101', '0', NULL);
INSERT INTO `janitor_task_checklist` (`assignment_id`, `task_id`, `completed`, `completed_at`) VALUES ('20', '102', '0', NULL);
INSERT INTO `janitor_task_checklist` (`assignment_id`, `task_id`, `completed`, `completed_at`) VALUES ('20', '103', '0', NULL);
INSERT INTO `janitor_task_checklist` (`assignment_id`, `task_id`, `completed`, `completed_at`) VALUES ('20', '104', '0', NULL);
INSERT INTO `janitor_task_checklist` (`assignment_id`, `task_id`, `completed`, `completed_at`) VALUES ('20', '105', '0', NULL);
INSERT INTO `janitor_task_checklist` (`assignment_id`, `task_id`, `completed`, `completed_at`) VALUES ('20', '106', '0', NULL);
INSERT INTO `janitor_task_checklist` (`assignment_id`, `task_id`, `completed`, `completed_at`) VALUES ('21', '34', '0', NULL);
INSERT INTO `janitor_task_checklist` (`assignment_id`, `task_id`, `completed`, `completed_at`) VALUES ('21', '35', '0', NULL);
INSERT INTO `janitor_task_checklist` (`assignment_id`, `task_id`, `completed`, `completed_at`) VALUES ('21', '36', '0', NULL);
INSERT INTO `janitor_task_checklist` (`assignment_id`, `task_id`, `completed`, `completed_at`) VALUES ('21', '37', '0', NULL);
INSERT INTO `janitor_task_checklist` (`assignment_id`, `task_id`, `completed`, `completed_at`) VALUES ('21', '38', '0', NULL);
INSERT INTO `janitor_task_checklist` (`assignment_id`, `task_id`, `completed`, `completed_at`) VALUES ('21', '39', '0', NULL);
INSERT INTO `janitor_task_checklist` (`assignment_id`, `task_id`, `completed`, `completed_at`) VALUES ('21', '40', '0', NULL);
INSERT INTO `janitor_task_checklist` (`assignment_id`, `task_id`, `completed`, `completed_at`) VALUES ('21', '41', '0', NULL);
INSERT INTO `janitor_task_checklist` (`assignment_id`, `task_id`, `completed`, `completed_at`) VALUES ('21', '42', '0', NULL);
INSERT INTO `janitor_task_checklist` (`assignment_id`, `task_id`, `completed`, `completed_at`) VALUES ('21', '43', '0', NULL);
INSERT INTO `janitor_task_checklist` (`assignment_id`, `task_id`, `completed`, `completed_at`) VALUES ('21', '44', '0', NULL);
INSERT INTO `janitor_task_checklist` (`assignment_id`, `task_id`, `completed`, `completed_at`) VALUES ('21', '45', '0', NULL);
INSERT INTO `janitor_task_checklist` (`assignment_id`, `task_id`, `completed`, `completed_at`) VALUES ('21', '46', '0', NULL);
INSERT INTO `janitor_task_checklist` (`assignment_id`, `task_id`, `completed`, `completed_at`) VALUES ('21', '47', '0', NULL);
INSERT INTO `janitor_task_checklist` (`assignment_id`, `task_id`, `completed`, `completed_at`) VALUES ('21', '48', '0', NULL);
INSERT INTO `janitor_task_checklist` (`assignment_id`, `task_id`, `completed`, `completed_at`) VALUES ('21', '49', '0', NULL);
INSERT INTO `janitor_task_checklist` (`assignment_id`, `task_id`, `completed`, `completed_at`) VALUES ('21', '50', '0', NULL);
INSERT INTO `janitor_task_checklist` (`assignment_id`, `task_id`, `completed`, `completed_at`) VALUES ('21', '51', '0', NULL);
INSERT INTO `janitor_task_checklist` (`assignment_id`, `task_id`, `completed`, `completed_at`) VALUES ('21', '52', '0', NULL);
INSERT INTO `janitor_task_checklist` (`assignment_id`, `task_id`, `completed`, `completed_at`) VALUES ('21', '53', '0', NULL);
INSERT INTO `janitor_task_checklist` (`assignment_id`, `task_id`, `completed`, `completed_at`) VALUES ('21', '54', '0', NULL);
INSERT INTO `janitor_task_checklist` (`assignment_id`, `task_id`, `completed`, `completed_at`) VALUES ('21', '55', '0', NULL);
INSERT INTO `janitor_task_checklist` (`assignment_id`, `task_id`, `completed`, `completed_at`) VALUES ('21', '56', '0', NULL);
INSERT INTO `janitor_task_checklist` (`assignment_id`, `task_id`, `completed`, `completed_at`) VALUES ('21', '57', '0', NULL);
INSERT INTO `janitor_task_checklist` (`assignment_id`, `task_id`, `completed`, `completed_at`) VALUES ('21', '58', '0', NULL);
INSERT INTO `janitor_task_checklist` (`assignment_id`, `task_id`, `completed`, `completed_at`) VALUES ('21', '59', '0', NULL);
INSERT INTO `janitor_task_checklist` (`assignment_id`, `task_id`, `completed`, `completed_at`) VALUES ('21', '60', '0', NULL);
INSERT INTO `janitor_task_checklist` (`assignment_id`, `task_id`, `completed`, `completed_at`) VALUES ('21', '61', '0', NULL);
INSERT INTO `janitor_task_checklist` (`assignment_id`, `task_id`, `completed`, `completed_at`) VALUES ('21', '62', '0', NULL);
INSERT INTO `janitor_task_checklist` (`assignment_id`, `task_id`, `completed`, `completed_at`) VALUES ('21', '63', '0', NULL);
INSERT INTO `janitor_task_checklist` (`assignment_id`, `task_id`, `completed`, `completed_at`) VALUES ('21', '64', '0', NULL);
INSERT INTO `janitor_task_checklist` (`assignment_id`, `task_id`, `completed`, `completed_at`) VALUES ('21', '65', '0', NULL);
INSERT INTO `janitor_task_checklist` (`assignment_id`, `task_id`, `completed`, `completed_at`) VALUES ('21', '66', '0', NULL);
INSERT INTO `janitor_task_checklist` (`assignment_id`, `task_id`, `completed`, `completed_at`) VALUES ('21', '67', '0', NULL);
INSERT INTO `janitor_task_checklist` (`assignment_id`, `task_id`, `completed`, `completed_at`) VALUES ('21', '68', '0', NULL);
INSERT INTO `janitor_task_checklist` (`assignment_id`, `task_id`, `completed`, `completed_at`) VALUES ('21', '69', '0', NULL);
INSERT INTO `janitor_task_checklist` (`assignment_id`, `task_id`, `completed`, `completed_at`) VALUES ('21', '70', '0', NULL);
INSERT INTO `janitor_task_checklist` (`assignment_id`, `task_id`, `completed`, `completed_at`) VALUES ('21', '71', '0', NULL);
INSERT INTO `janitor_task_checklist` (`assignment_id`, `task_id`, `completed`, `completed_at`) VALUES ('21', '72', '0', NULL);
INSERT INTO `janitor_task_checklist` (`assignment_id`, `task_id`, `completed`, `completed_at`) VALUES ('21', '73', '0', NULL);
INSERT INTO `janitor_task_checklist` (`assignment_id`, `task_id`, `completed`, `completed_at`) VALUES ('21', '74', '0', NULL);
INSERT INTO `janitor_task_checklist` (`assignment_id`, `task_id`, `completed`, `completed_at`) VALUES ('21', '75', '0', NULL);
INSERT INTO `janitor_task_checklist` (`assignment_id`, `task_id`, `completed`, `completed_at`) VALUES ('21', '76', '0', NULL);
INSERT INTO `janitor_task_checklist` (`assignment_id`, `task_id`, `completed`, `completed_at`) VALUES ('21', '77', '0', NULL);
INSERT INTO `janitor_task_checklist` (`assignment_id`, `task_id`, `completed`, `completed_at`) VALUES ('21', '78', '0', NULL);
INSERT INTO `janitor_task_checklist` (`assignment_id`, `task_id`, `completed`, `completed_at`) VALUES ('21', '79', '0', NULL);
INSERT INTO `janitor_task_checklist` (`assignment_id`, `task_id`, `completed`, `completed_at`) VALUES ('21', '80', '0', NULL);
INSERT INTO `janitor_task_checklist` (`assignment_id`, `task_id`, `completed`, `completed_at`) VALUES ('21', '81', '0', NULL);
INSERT INTO `janitor_task_checklist` (`assignment_id`, `task_id`, `completed`, `completed_at`) VALUES ('21', '82', '0', NULL);
INSERT INTO `janitor_task_checklist` (`assignment_id`, `task_id`, `completed`, `completed_at`) VALUES ('21', '83', '0', NULL);
INSERT INTO `janitor_task_checklist` (`assignment_id`, `task_id`, `completed`, `completed_at`) VALUES ('21', '84', '0', NULL);
INSERT INTO `janitor_task_checklist` (`assignment_id`, `task_id`, `completed`, `completed_at`) VALUES ('21', '85', '0', NULL);
INSERT INTO `janitor_task_checklist` (`assignment_id`, `task_id`, `completed`, `completed_at`) VALUES ('21', '86', '0', NULL);
INSERT INTO `janitor_task_checklist` (`assignment_id`, `task_id`, `completed`, `completed_at`) VALUES ('21', '87', '0', NULL);
INSERT INTO `janitor_task_checklist` (`assignment_id`, `task_id`, `completed`, `completed_at`) VALUES ('21', '88', '0', NULL);
INSERT INTO `janitor_task_checklist` (`assignment_id`, `task_id`, `completed`, `completed_at`) VALUES ('21', '89', '0', NULL);
INSERT INTO `janitor_task_checklist` (`assignment_id`, `task_id`, `completed`, `completed_at`) VALUES ('21', '90', '0', NULL);
INSERT INTO `janitor_task_checklist` (`assignment_id`, `task_id`, `completed`, `completed_at`) VALUES ('21', '91', '0', NULL);
INSERT INTO `janitor_task_checklist` (`assignment_id`, `task_id`, `completed`, `completed_at`) VALUES ('21', '92', '0', NULL);
INSERT INTO `janitor_task_checklist` (`assignment_id`, `task_id`, `completed`, `completed_at`) VALUES ('21', '93', '0', NULL);
INSERT INTO `janitor_task_checklist` (`assignment_id`, `task_id`, `completed`, `completed_at`) VALUES ('21', '94', '0', NULL);
INSERT INTO `janitor_task_checklist` (`assignment_id`, `task_id`, `completed`, `completed_at`) VALUES ('21', '95', '0', NULL);
INSERT INTO `janitor_task_checklist` (`assignment_id`, `task_id`, `completed`, `completed_at`) VALUES ('21', '96', '0', NULL);
INSERT INTO `janitor_task_checklist` (`assignment_id`, `task_id`, `completed`, `completed_at`) VALUES ('21', '97', '0', NULL);
INSERT INTO `janitor_task_checklist` (`assignment_id`, `task_id`, `completed`, `completed_at`) VALUES ('21', '98', '0', NULL);
INSERT INTO `janitor_task_checklist` (`assignment_id`, `task_id`, `completed`, `completed_at`) VALUES ('21', '99', '0', NULL);
INSERT INTO `janitor_task_checklist` (`assignment_id`, `task_id`, `completed`, `completed_at`) VALUES ('21', '100', '0', NULL);
INSERT INTO `janitor_task_checklist` (`assignment_id`, `task_id`, `completed`, `completed_at`) VALUES ('21', '101', '0', NULL);
INSERT INTO `janitor_task_checklist` (`assignment_id`, `task_id`, `completed`, `completed_at`) VALUES ('21', '102', '0', NULL);
INSERT INTO `janitor_task_checklist` (`assignment_id`, `task_id`, `completed`, `completed_at`) VALUES ('21', '103', '0', NULL);
INSERT INTO `janitor_task_checklist` (`assignment_id`, `task_id`, `completed`, `completed_at`) VALUES ('21', '104', '0', NULL);
INSERT INTO `janitor_task_checklist` (`assignment_id`, `task_id`, `completed`, `completed_at`) VALUES ('21', '105', '0', NULL);
INSERT INTO `janitor_task_checklist` (`assignment_id`, `task_id`, `completed`, `completed_at`) VALUES ('21', '106', '0', NULL);
INSERT INTO `janitor_task_checklist` (`assignment_id`, `task_id`, `completed`, `completed_at`) VALUES ('22', '34', '0', NULL);
INSERT INTO `janitor_task_checklist` (`assignment_id`, `task_id`, `completed`, `completed_at`) VALUES ('22', '35', '0', NULL);
INSERT INTO `janitor_task_checklist` (`assignment_id`, `task_id`, `completed`, `completed_at`) VALUES ('22', '36', '0', NULL);
INSERT INTO `janitor_task_checklist` (`assignment_id`, `task_id`, `completed`, `completed_at`) VALUES ('22', '37', '0', NULL);
INSERT INTO `janitor_task_checklist` (`assignment_id`, `task_id`, `completed`, `completed_at`) VALUES ('22', '38', '0', NULL);
INSERT INTO `janitor_task_checklist` (`assignment_id`, `task_id`, `completed`, `completed_at`) VALUES ('22', '39', '0', NULL);
INSERT INTO `janitor_task_checklist` (`assignment_id`, `task_id`, `completed`, `completed_at`) VALUES ('22', '40', '0', NULL);
INSERT INTO `janitor_task_checklist` (`assignment_id`, `task_id`, `completed`, `completed_at`) VALUES ('22', '41', '0', NULL);
INSERT INTO `janitor_task_checklist` (`assignment_id`, `task_id`, `completed`, `completed_at`) VALUES ('22', '42', '0', NULL);
INSERT INTO `janitor_task_checklist` (`assignment_id`, `task_id`, `completed`, `completed_at`) VALUES ('22', '43', '0', NULL);
INSERT INTO `janitor_task_checklist` (`assignment_id`, `task_id`, `completed`, `completed_at`) VALUES ('22', '44', '0', NULL);
INSERT INTO `janitor_task_checklist` (`assignment_id`, `task_id`, `completed`, `completed_at`) VALUES ('22', '45', '0', NULL);
INSERT INTO `janitor_task_checklist` (`assignment_id`, `task_id`, `completed`, `completed_at`) VALUES ('22', '46', '0', NULL);
INSERT INTO `janitor_task_checklist` (`assignment_id`, `task_id`, `completed`, `completed_at`) VALUES ('22', '47', '0', NULL);
INSERT INTO `janitor_task_checklist` (`assignment_id`, `task_id`, `completed`, `completed_at`) VALUES ('22', '48', '0', NULL);
INSERT INTO `janitor_task_checklist` (`assignment_id`, `task_id`, `completed`, `completed_at`) VALUES ('22', '49', '0', NULL);
INSERT INTO `janitor_task_checklist` (`assignment_id`, `task_id`, `completed`, `completed_at`) VALUES ('22', '50', '0', NULL);
INSERT INTO `janitor_task_checklist` (`assignment_id`, `task_id`, `completed`, `completed_at`) VALUES ('22', '51', '0', NULL);
INSERT INTO `janitor_task_checklist` (`assignment_id`, `task_id`, `completed`, `completed_at`) VALUES ('22', '52', '0', NULL);
INSERT INTO `janitor_task_checklist` (`assignment_id`, `task_id`, `completed`, `completed_at`) VALUES ('22', '53', '0', NULL);
INSERT INTO `janitor_task_checklist` (`assignment_id`, `task_id`, `completed`, `completed_at`) VALUES ('22', '54', '0', NULL);
INSERT INTO `janitor_task_checklist` (`assignment_id`, `task_id`, `completed`, `completed_at`) VALUES ('22', '55', '0', NULL);
INSERT INTO `janitor_task_checklist` (`assignment_id`, `task_id`, `completed`, `completed_at`) VALUES ('22', '56', '0', NULL);
INSERT INTO `janitor_task_checklist` (`assignment_id`, `task_id`, `completed`, `completed_at`) VALUES ('22', '57', '0', NULL);
INSERT INTO `janitor_task_checklist` (`assignment_id`, `task_id`, `completed`, `completed_at`) VALUES ('22', '58', '0', NULL);
INSERT INTO `janitor_task_checklist` (`assignment_id`, `task_id`, `completed`, `completed_at`) VALUES ('22', '59', '0', NULL);
INSERT INTO `janitor_task_checklist` (`assignment_id`, `task_id`, `completed`, `completed_at`) VALUES ('22', '60', '0', NULL);
INSERT INTO `janitor_task_checklist` (`assignment_id`, `task_id`, `completed`, `completed_at`) VALUES ('22', '61', '0', NULL);
INSERT INTO `janitor_task_checklist` (`assignment_id`, `task_id`, `completed`, `completed_at`) VALUES ('22', '62', '0', NULL);
INSERT INTO `janitor_task_checklist` (`assignment_id`, `task_id`, `completed`, `completed_at`) VALUES ('22', '63', '0', NULL);
INSERT INTO `janitor_task_checklist` (`assignment_id`, `task_id`, `completed`, `completed_at`) VALUES ('22', '64', '0', NULL);
INSERT INTO `janitor_task_checklist` (`assignment_id`, `task_id`, `completed`, `completed_at`) VALUES ('22', '65', '0', NULL);
INSERT INTO `janitor_task_checklist` (`assignment_id`, `task_id`, `completed`, `completed_at`) VALUES ('22', '66', '0', NULL);
INSERT INTO `janitor_task_checklist` (`assignment_id`, `task_id`, `completed`, `completed_at`) VALUES ('22', '67', '0', NULL);
INSERT INTO `janitor_task_checklist` (`assignment_id`, `task_id`, `completed`, `completed_at`) VALUES ('22', '68', '0', NULL);
INSERT INTO `janitor_task_checklist` (`assignment_id`, `task_id`, `completed`, `completed_at`) VALUES ('22', '69', '0', NULL);
INSERT INTO `janitor_task_checklist` (`assignment_id`, `task_id`, `completed`, `completed_at`) VALUES ('22', '70', '0', NULL);
INSERT INTO `janitor_task_checklist` (`assignment_id`, `task_id`, `completed`, `completed_at`) VALUES ('22', '71', '0', NULL);
INSERT INTO `janitor_task_checklist` (`assignment_id`, `task_id`, `completed`, `completed_at`) VALUES ('22', '72', '0', NULL);
INSERT INTO `janitor_task_checklist` (`assignment_id`, `task_id`, `completed`, `completed_at`) VALUES ('22', '73', '0', NULL);
INSERT INTO `janitor_task_checklist` (`assignment_id`, `task_id`, `completed`, `completed_at`) VALUES ('22', '74', '0', NULL);
INSERT INTO `janitor_task_checklist` (`assignment_id`, `task_id`, `completed`, `completed_at`) VALUES ('22', '75', '0', NULL);
INSERT INTO `janitor_task_checklist` (`assignment_id`, `task_id`, `completed`, `completed_at`) VALUES ('22', '76', '0', NULL);
INSERT INTO `janitor_task_checklist` (`assignment_id`, `task_id`, `completed`, `completed_at`) VALUES ('22', '77', '0', NULL);
INSERT INTO `janitor_task_checklist` (`assignment_id`, `task_id`, `completed`, `completed_at`) VALUES ('22', '78', '0', NULL);
INSERT INTO `janitor_task_checklist` (`assignment_id`, `task_id`, `completed`, `completed_at`) VALUES ('22', '79', '0', NULL);
INSERT INTO `janitor_task_checklist` (`assignment_id`, `task_id`, `completed`, `completed_at`) VALUES ('22', '80', '0', NULL);
INSERT INTO `janitor_task_checklist` (`assignment_id`, `task_id`, `completed`, `completed_at`) VALUES ('22', '81', '0', NULL);
INSERT INTO `janitor_task_checklist` (`assignment_id`, `task_id`, `completed`, `completed_at`) VALUES ('22', '82', '0', NULL);
INSERT INTO `janitor_task_checklist` (`assignment_id`, `task_id`, `completed`, `completed_at`) VALUES ('22', '83', '0', NULL);
INSERT INTO `janitor_task_checklist` (`assignment_id`, `task_id`, `completed`, `completed_at`) VALUES ('22', '84', '0', NULL);
INSERT INTO `janitor_task_checklist` (`assignment_id`, `task_id`, `completed`, `completed_at`) VALUES ('22', '85', '0', NULL);
INSERT INTO `janitor_task_checklist` (`assignment_id`, `task_id`, `completed`, `completed_at`) VALUES ('22', '86', '0', NULL);
INSERT INTO `janitor_task_checklist` (`assignment_id`, `task_id`, `completed`, `completed_at`) VALUES ('22', '87', '0', NULL);
INSERT INTO `janitor_task_checklist` (`assignment_id`, `task_id`, `completed`, `completed_at`) VALUES ('22', '88', '0', NULL);
INSERT INTO `janitor_task_checklist` (`assignment_id`, `task_id`, `completed`, `completed_at`) VALUES ('22', '89', '0', NULL);
INSERT INTO `janitor_task_checklist` (`assignment_id`, `task_id`, `completed`, `completed_at`) VALUES ('22', '90', '0', NULL);
INSERT INTO `janitor_task_checklist` (`assignment_id`, `task_id`, `completed`, `completed_at`) VALUES ('22', '91', '0', NULL);
INSERT INTO `janitor_task_checklist` (`assignment_id`, `task_id`, `completed`, `completed_at`) VALUES ('22', '92', '0', NULL);
INSERT INTO `janitor_task_checklist` (`assignment_id`, `task_id`, `completed`, `completed_at`) VALUES ('22', '93', '0', NULL);
INSERT INTO `janitor_task_checklist` (`assignment_id`, `task_id`, `completed`, `completed_at`) VALUES ('22', '94', '0', NULL);
INSERT INTO `janitor_task_checklist` (`assignment_id`, `task_id`, `completed`, `completed_at`) VALUES ('22', '95', '0', NULL);
INSERT INTO `janitor_task_checklist` (`assignment_id`, `task_id`, `completed`, `completed_at`) VALUES ('22', '96', '0', NULL);
INSERT INTO `janitor_task_checklist` (`assignment_id`, `task_id`, `completed`, `completed_at`) VALUES ('22', '97', '0', NULL);
INSERT INTO `janitor_task_checklist` (`assignment_id`, `task_id`, `completed`, `completed_at`) VALUES ('22', '98', '0', NULL);
INSERT INTO `janitor_task_checklist` (`assignment_id`, `task_id`, `completed`, `completed_at`) VALUES ('22', '99', '0', NULL);
INSERT INTO `janitor_task_checklist` (`assignment_id`, `task_id`, `completed`, `completed_at`) VALUES ('22', '100', '0', NULL);
INSERT INTO `janitor_task_checklist` (`assignment_id`, `task_id`, `completed`, `completed_at`) VALUES ('22', '101', '0', NULL);
INSERT INTO `janitor_task_checklist` (`assignment_id`, `task_id`, `completed`, `completed_at`) VALUES ('22', '102', '0', NULL);
INSERT INTO `janitor_task_checklist` (`assignment_id`, `task_id`, `completed`, `completed_at`) VALUES ('22', '103', '0', NULL);
INSERT INTO `janitor_task_checklist` (`assignment_id`, `task_id`, `completed`, `completed_at`) VALUES ('22', '104', '0', NULL);
INSERT INTO `janitor_task_checklist` (`assignment_id`, `task_id`, `completed`, `completed_at`) VALUES ('22', '105', '0', NULL);
INSERT INTO `janitor_task_checklist` (`assignment_id`, `task_id`, `completed`, `completed_at`) VALUES ('22', '106', '0', NULL);
INSERT INTO `janitor_task_checklist` (`assignment_id`, `task_id`, `completed`, `completed_at`) VALUES ('23', '34', '0', NULL);
INSERT INTO `janitor_task_checklist` (`assignment_id`, `task_id`, `completed`, `completed_at`) VALUES ('23', '35', '0', NULL);
INSERT INTO `janitor_task_checklist` (`assignment_id`, `task_id`, `completed`, `completed_at`) VALUES ('23', '36', '0', NULL);
INSERT INTO `janitor_task_checklist` (`assignment_id`, `task_id`, `completed`, `completed_at`) VALUES ('23', '37', '0', NULL);
INSERT INTO `janitor_task_checklist` (`assignment_id`, `task_id`, `completed`, `completed_at`) VALUES ('23', '38', '0', NULL);
INSERT INTO `janitor_task_checklist` (`assignment_id`, `task_id`, `completed`, `completed_at`) VALUES ('23', '39', '0', NULL);
INSERT INTO `janitor_task_checklist` (`assignment_id`, `task_id`, `completed`, `completed_at`) VALUES ('23', '40', '0', NULL);
INSERT INTO `janitor_task_checklist` (`assignment_id`, `task_id`, `completed`, `completed_at`) VALUES ('23', '41', '0', NULL);
INSERT INTO `janitor_task_checklist` (`assignment_id`, `task_id`, `completed`, `completed_at`) VALUES ('23', '42', '0', NULL);
INSERT INTO `janitor_task_checklist` (`assignment_id`, `task_id`, `completed`, `completed_at`) VALUES ('23', '43', '0', NULL);
INSERT INTO `janitor_task_checklist` (`assignment_id`, `task_id`, `completed`, `completed_at`) VALUES ('23', '44', '0', NULL);
INSERT INTO `janitor_task_checklist` (`assignment_id`, `task_id`, `completed`, `completed_at`) VALUES ('23', '45', '0', NULL);
INSERT INTO `janitor_task_checklist` (`assignment_id`, `task_id`, `completed`, `completed_at`) VALUES ('23', '46', '0', NULL);
INSERT INTO `janitor_task_checklist` (`assignment_id`, `task_id`, `completed`, `completed_at`) VALUES ('23', '47', '0', NULL);
INSERT INTO `janitor_task_checklist` (`assignment_id`, `task_id`, `completed`, `completed_at`) VALUES ('23', '48', '0', NULL);
INSERT INTO `janitor_task_checklist` (`assignment_id`, `task_id`, `completed`, `completed_at`) VALUES ('23', '49', '0', NULL);
INSERT INTO `janitor_task_checklist` (`assignment_id`, `task_id`, `completed`, `completed_at`) VALUES ('23', '50', '0', NULL);
INSERT INTO `janitor_task_checklist` (`assignment_id`, `task_id`, `completed`, `completed_at`) VALUES ('23', '51', '0', NULL);
INSERT INTO `janitor_task_checklist` (`assignment_id`, `task_id`, `completed`, `completed_at`) VALUES ('23', '52', '0', NULL);
INSERT INTO `janitor_task_checklist` (`assignment_id`, `task_id`, `completed`, `completed_at`) VALUES ('23', '53', '0', NULL);
INSERT INTO `janitor_task_checklist` (`assignment_id`, `task_id`, `completed`, `completed_at`) VALUES ('23', '54', '0', NULL);
INSERT INTO `janitor_task_checklist` (`assignment_id`, `task_id`, `completed`, `completed_at`) VALUES ('23', '55', '0', NULL);
INSERT INTO `janitor_task_checklist` (`assignment_id`, `task_id`, `completed`, `completed_at`) VALUES ('23', '56', '0', NULL);
INSERT INTO `janitor_task_checklist` (`assignment_id`, `task_id`, `completed`, `completed_at`) VALUES ('23', '57', '0', NULL);
INSERT INTO `janitor_task_checklist` (`assignment_id`, `task_id`, `completed`, `completed_at`) VALUES ('23', '58', '0', NULL);
INSERT INTO `janitor_task_checklist` (`assignment_id`, `task_id`, `completed`, `completed_at`) VALUES ('23', '59', '0', NULL);
INSERT INTO `janitor_task_checklist` (`assignment_id`, `task_id`, `completed`, `completed_at`) VALUES ('23', '60', '0', NULL);
INSERT INTO `janitor_task_checklist` (`assignment_id`, `task_id`, `completed`, `completed_at`) VALUES ('23', '61', '0', NULL);
INSERT INTO `janitor_task_checklist` (`assignment_id`, `task_id`, `completed`, `completed_at`) VALUES ('23', '62', '0', NULL);
INSERT INTO `janitor_task_checklist` (`assignment_id`, `task_id`, `completed`, `completed_at`) VALUES ('23', '63', '0', NULL);
INSERT INTO `janitor_task_checklist` (`assignment_id`, `task_id`, `completed`, `completed_at`) VALUES ('23', '64', '0', NULL);
INSERT INTO `janitor_task_checklist` (`assignment_id`, `task_id`, `completed`, `completed_at`) VALUES ('23', '65', '0', NULL);
INSERT INTO `janitor_task_checklist` (`assignment_id`, `task_id`, `completed`, `completed_at`) VALUES ('23', '66', '0', NULL);
INSERT INTO `janitor_task_checklist` (`assignment_id`, `task_id`, `completed`, `completed_at`) VALUES ('23', '67', '0', NULL);
INSERT INTO `janitor_task_checklist` (`assignment_id`, `task_id`, `completed`, `completed_at`) VALUES ('23', '68', '0', NULL);
INSERT INTO `janitor_task_checklist` (`assignment_id`, `task_id`, `completed`, `completed_at`) VALUES ('23', '69', '0', NULL);
INSERT INTO `janitor_task_checklist` (`assignment_id`, `task_id`, `completed`, `completed_at`) VALUES ('23', '70', '0', NULL);
INSERT INTO `janitor_task_checklist` (`assignment_id`, `task_id`, `completed`, `completed_at`) VALUES ('23', '71', '0', NULL);
INSERT INTO `janitor_task_checklist` (`assignment_id`, `task_id`, `completed`, `completed_at`) VALUES ('23', '72', '0', NULL);
INSERT INTO `janitor_task_checklist` (`assignment_id`, `task_id`, `completed`, `completed_at`) VALUES ('23', '73', '0', NULL);
INSERT INTO `janitor_task_checklist` (`assignment_id`, `task_id`, `completed`, `completed_at`) VALUES ('23', '74', '0', NULL);
INSERT INTO `janitor_task_checklist` (`assignment_id`, `task_id`, `completed`, `completed_at`) VALUES ('23', '75', '0', NULL);
INSERT INTO `janitor_task_checklist` (`assignment_id`, `task_id`, `completed`, `completed_at`) VALUES ('23', '76', '0', NULL);
INSERT INTO `janitor_task_checklist` (`assignment_id`, `task_id`, `completed`, `completed_at`) VALUES ('23', '77', '0', NULL);
INSERT INTO `janitor_task_checklist` (`assignment_id`, `task_id`, `completed`, `completed_at`) VALUES ('23', '78', '0', NULL);
INSERT INTO `janitor_task_checklist` (`assignment_id`, `task_id`, `completed`, `completed_at`) VALUES ('23', '79', '0', NULL);
INSERT INTO `janitor_task_checklist` (`assignment_id`, `task_id`, `completed`, `completed_at`) VALUES ('23', '80', '0', NULL);
INSERT INTO `janitor_task_checklist` (`assignment_id`, `task_id`, `completed`, `completed_at`) VALUES ('23', '81', '0', NULL);
INSERT INTO `janitor_task_checklist` (`assignment_id`, `task_id`, `completed`, `completed_at`) VALUES ('23', '82', '0', NULL);
INSERT INTO `janitor_task_checklist` (`assignment_id`, `task_id`, `completed`, `completed_at`) VALUES ('23', '83', '0', NULL);
INSERT INTO `janitor_task_checklist` (`assignment_id`, `task_id`, `completed`, `completed_at`) VALUES ('23', '84', '0', NULL);
INSERT INTO `janitor_task_checklist` (`assignment_id`, `task_id`, `completed`, `completed_at`) VALUES ('23', '85', '0', NULL);
INSERT INTO `janitor_task_checklist` (`assignment_id`, `task_id`, `completed`, `completed_at`) VALUES ('23', '86', '0', NULL);
INSERT INTO `janitor_task_checklist` (`assignment_id`, `task_id`, `completed`, `completed_at`) VALUES ('23', '87', '0', NULL);
INSERT INTO `janitor_task_checklist` (`assignment_id`, `task_id`, `completed`, `completed_at`) VALUES ('23', '88', '0', NULL);
INSERT INTO `janitor_task_checklist` (`assignment_id`, `task_id`, `completed`, `completed_at`) VALUES ('23', '89', '0', NULL);
INSERT INTO `janitor_task_checklist` (`assignment_id`, `task_id`, `completed`, `completed_at`) VALUES ('23', '90', '0', NULL);
INSERT INTO `janitor_task_checklist` (`assignment_id`, `task_id`, `completed`, `completed_at`) VALUES ('23', '91', '0', NULL);
INSERT INTO `janitor_task_checklist` (`assignment_id`, `task_id`, `completed`, `completed_at`) VALUES ('23', '92', '0', NULL);
INSERT INTO `janitor_task_checklist` (`assignment_id`, `task_id`, `completed`, `completed_at`) VALUES ('23', '93', '0', NULL);
INSERT INTO `janitor_task_checklist` (`assignment_id`, `task_id`, `completed`, `completed_at`) VALUES ('23', '94', '0', NULL);
INSERT INTO `janitor_task_checklist` (`assignment_id`, `task_id`, `completed`, `completed_at`) VALUES ('23', '95', '0', NULL);
INSERT INTO `janitor_task_checklist` (`assignment_id`, `task_id`, `completed`, `completed_at`) VALUES ('23', '96', '0', NULL);
INSERT INTO `janitor_task_checklist` (`assignment_id`, `task_id`, `completed`, `completed_at`) VALUES ('23', '97', '0', NULL);
INSERT INTO `janitor_task_checklist` (`assignment_id`, `task_id`, `completed`, `completed_at`) VALUES ('23', '98', '0', NULL);
INSERT INTO `janitor_task_checklist` (`assignment_id`, `task_id`, `completed`, `completed_at`) VALUES ('23', '99', '0', NULL);
INSERT INTO `janitor_task_checklist` (`assignment_id`, `task_id`, `completed`, `completed_at`) VALUES ('23', '100', '0', NULL);
INSERT INTO `janitor_task_checklist` (`assignment_id`, `task_id`, `completed`, `completed_at`) VALUES ('23', '101', '0', NULL);
INSERT INTO `janitor_task_checklist` (`assignment_id`, `task_id`, `completed`, `completed_at`) VALUES ('23', '102', '0', NULL);
INSERT INTO `janitor_task_checklist` (`assignment_id`, `task_id`, `completed`, `completed_at`) VALUES ('23', '103', '0', NULL);
INSERT INTO `janitor_task_checklist` (`assignment_id`, `task_id`, `completed`, `completed_at`) VALUES ('23', '104', '0', NULL);
INSERT INTO `janitor_task_checklist` (`assignment_id`, `task_id`, `completed`, `completed_at`) VALUES ('23', '105', '0', NULL);
INSERT INTO `janitor_task_checklist` (`assignment_id`, `task_id`, `completed`, `completed_at`) VALUES ('23', '106', '0', NULL);
INSERT INTO `janitor_task_checklist` (`assignment_id`, `task_id`, `completed`, `completed_at`) VALUES ('24', '34', '0', NULL);
INSERT INTO `janitor_task_checklist` (`assignment_id`, `task_id`, `completed`, `completed_at`) VALUES ('24', '35', '0', NULL);
INSERT INTO `janitor_task_checklist` (`assignment_id`, `task_id`, `completed`, `completed_at`) VALUES ('24', '36', '0', NULL);
INSERT INTO `janitor_task_checklist` (`assignment_id`, `task_id`, `completed`, `completed_at`) VALUES ('24', '37', '0', NULL);
INSERT INTO `janitor_task_checklist` (`assignment_id`, `task_id`, `completed`, `completed_at`) VALUES ('24', '38', '0', NULL);
INSERT INTO `janitor_task_checklist` (`assignment_id`, `task_id`, `completed`, `completed_at`) VALUES ('24', '39', '0', NULL);
INSERT INTO `janitor_task_checklist` (`assignment_id`, `task_id`, `completed`, `completed_at`) VALUES ('24', '40', '0', NULL);
INSERT INTO `janitor_task_checklist` (`assignment_id`, `task_id`, `completed`, `completed_at`) VALUES ('24', '41', '0', NULL);
INSERT INTO `janitor_task_checklist` (`assignment_id`, `task_id`, `completed`, `completed_at`) VALUES ('24', '42', '0', NULL);
INSERT INTO `janitor_task_checklist` (`assignment_id`, `task_id`, `completed`, `completed_at`) VALUES ('24', '43', '0', NULL);
INSERT INTO `janitor_task_checklist` (`assignment_id`, `task_id`, `completed`, `completed_at`) VALUES ('24', '44', '0', NULL);
INSERT INTO `janitor_task_checklist` (`assignment_id`, `task_id`, `completed`, `completed_at`) VALUES ('24', '45', '0', NULL);
INSERT INTO `janitor_task_checklist` (`assignment_id`, `task_id`, `completed`, `completed_at`) VALUES ('24', '46', '0', NULL);
INSERT INTO `janitor_task_checklist` (`assignment_id`, `task_id`, `completed`, `completed_at`) VALUES ('24', '47', '0', NULL);
INSERT INTO `janitor_task_checklist` (`assignment_id`, `task_id`, `completed`, `completed_at`) VALUES ('24', '48', '0', NULL);
INSERT INTO `janitor_task_checklist` (`assignment_id`, `task_id`, `completed`, `completed_at`) VALUES ('24', '49', '0', NULL);
INSERT INTO `janitor_task_checklist` (`assignment_id`, `task_id`, `completed`, `completed_at`) VALUES ('24', '50', '0', NULL);
INSERT INTO `janitor_task_checklist` (`assignment_id`, `task_id`, `completed`, `completed_at`) VALUES ('24', '51', '0', NULL);
INSERT INTO `janitor_task_checklist` (`assignment_id`, `task_id`, `completed`, `completed_at`) VALUES ('24', '52', '0', NULL);
INSERT INTO `janitor_task_checklist` (`assignment_id`, `task_id`, `completed`, `completed_at`) VALUES ('24', '53', '0', NULL);
INSERT INTO `janitor_task_checklist` (`assignment_id`, `task_id`, `completed`, `completed_at`) VALUES ('24', '54', '0', NULL);
INSERT INTO `janitor_task_checklist` (`assignment_id`, `task_id`, `completed`, `completed_at`) VALUES ('24', '55', '0', NULL);
INSERT INTO `janitor_task_checklist` (`assignment_id`, `task_id`, `completed`, `completed_at`) VALUES ('24', '56', '0', NULL);
INSERT INTO `janitor_task_checklist` (`assignment_id`, `task_id`, `completed`, `completed_at`) VALUES ('24', '57', '0', NULL);
INSERT INTO `janitor_task_checklist` (`assignment_id`, `task_id`, `completed`, `completed_at`) VALUES ('24', '58', '0', NULL);
INSERT INTO `janitor_task_checklist` (`assignment_id`, `task_id`, `completed`, `completed_at`) VALUES ('24', '59', '0', NULL);
INSERT INTO `janitor_task_checklist` (`assignment_id`, `task_id`, `completed`, `completed_at`) VALUES ('24', '60', '0', NULL);
INSERT INTO `janitor_task_checklist` (`assignment_id`, `task_id`, `completed`, `completed_at`) VALUES ('24', '61', '0', NULL);
INSERT INTO `janitor_task_checklist` (`assignment_id`, `task_id`, `completed`, `completed_at`) VALUES ('24', '62', '0', NULL);
INSERT INTO `janitor_task_checklist` (`assignment_id`, `task_id`, `completed`, `completed_at`) VALUES ('24', '63', '0', NULL);
INSERT INTO `janitor_task_checklist` (`assignment_id`, `task_id`, `completed`, `completed_at`) VALUES ('24', '64', '0', NULL);
INSERT INTO `janitor_task_checklist` (`assignment_id`, `task_id`, `completed`, `completed_at`) VALUES ('24', '65', '0', NULL);
INSERT INTO `janitor_task_checklist` (`assignment_id`, `task_id`, `completed`, `completed_at`) VALUES ('24', '66', '0', NULL);
INSERT INTO `janitor_task_checklist` (`assignment_id`, `task_id`, `completed`, `completed_at`) VALUES ('24', '67', '0', NULL);
INSERT INTO `janitor_task_checklist` (`assignment_id`, `task_id`, `completed`, `completed_at`) VALUES ('24', '68', '0', NULL);
INSERT INTO `janitor_task_checklist` (`assignment_id`, `task_id`, `completed`, `completed_at`) VALUES ('24', '69', '0', NULL);
INSERT INTO `janitor_task_checklist` (`assignment_id`, `task_id`, `completed`, `completed_at`) VALUES ('24', '70', '0', NULL);
INSERT INTO `janitor_task_checklist` (`assignment_id`, `task_id`, `completed`, `completed_at`) VALUES ('24', '71', '0', NULL);
INSERT INTO `janitor_task_checklist` (`assignment_id`, `task_id`, `completed`, `completed_at`) VALUES ('24', '72', '0', NULL);
INSERT INTO `janitor_task_checklist` (`assignment_id`, `task_id`, `completed`, `completed_at`) VALUES ('24', '73', '0', NULL);
INSERT INTO `janitor_task_checklist` (`assignment_id`, `task_id`, `completed`, `completed_at`) VALUES ('24', '74', '0', NULL);
INSERT INTO `janitor_task_checklist` (`assignment_id`, `task_id`, `completed`, `completed_at`) VALUES ('24', '75', '0', NULL);
INSERT INTO `janitor_task_checklist` (`assignment_id`, `task_id`, `completed`, `completed_at`) VALUES ('24', '76', '0', NULL);
INSERT INTO `janitor_task_checklist` (`assignment_id`, `task_id`, `completed`, `completed_at`) VALUES ('24', '77', '0', NULL);
INSERT INTO `janitor_task_checklist` (`assignment_id`, `task_id`, `completed`, `completed_at`) VALUES ('24', '78', '0', NULL);
INSERT INTO `janitor_task_checklist` (`assignment_id`, `task_id`, `completed`, `completed_at`) VALUES ('24', '79', '0', NULL);
INSERT INTO `janitor_task_checklist` (`assignment_id`, `task_id`, `completed`, `completed_at`) VALUES ('24', '80', '0', NULL);
INSERT INTO `janitor_task_checklist` (`assignment_id`, `task_id`, `completed`, `completed_at`) VALUES ('24', '81', '0', NULL);
INSERT INTO `janitor_task_checklist` (`assignment_id`, `task_id`, `completed`, `completed_at`) VALUES ('24', '82', '0', NULL);
INSERT INTO `janitor_task_checklist` (`assignment_id`, `task_id`, `completed`, `completed_at`) VALUES ('24', '83', '0', NULL);
INSERT INTO `janitor_task_checklist` (`assignment_id`, `task_id`, `completed`, `completed_at`) VALUES ('24', '84', '0', NULL);
INSERT INTO `janitor_task_checklist` (`assignment_id`, `task_id`, `completed`, `completed_at`) VALUES ('24', '85', '0', NULL);
INSERT INTO `janitor_task_checklist` (`assignment_id`, `task_id`, `completed`, `completed_at`) VALUES ('24', '86', '0', NULL);
INSERT INTO `janitor_task_checklist` (`assignment_id`, `task_id`, `completed`, `completed_at`) VALUES ('24', '87', '0', NULL);
INSERT INTO `janitor_task_checklist` (`assignment_id`, `task_id`, `completed`, `completed_at`) VALUES ('24', '88', '0', NULL);
INSERT INTO `janitor_task_checklist` (`assignment_id`, `task_id`, `completed`, `completed_at`) VALUES ('24', '89', '0', NULL);
INSERT INTO `janitor_task_checklist` (`assignment_id`, `task_id`, `completed`, `completed_at`) VALUES ('24', '90', '0', NULL);
INSERT INTO `janitor_task_checklist` (`assignment_id`, `task_id`, `completed`, `completed_at`) VALUES ('24', '91', '0', NULL);
INSERT INTO `janitor_task_checklist` (`assignment_id`, `task_id`, `completed`, `completed_at`) VALUES ('24', '92', '0', NULL);
INSERT INTO `janitor_task_checklist` (`assignment_id`, `task_id`, `completed`, `completed_at`) VALUES ('24', '93', '0', NULL);
INSERT INTO `janitor_task_checklist` (`assignment_id`, `task_id`, `completed`, `completed_at`) VALUES ('24', '94', '0', NULL);
INSERT INTO `janitor_task_checklist` (`assignment_id`, `task_id`, `completed`, `completed_at`) VALUES ('24', '95', '0', NULL);
INSERT INTO `janitor_task_checklist` (`assignment_id`, `task_id`, `completed`, `completed_at`) VALUES ('24', '96', '0', NULL);
INSERT INTO `janitor_task_checklist` (`assignment_id`, `task_id`, `completed`, `completed_at`) VALUES ('24', '97', '0', NULL);
INSERT INTO `janitor_task_checklist` (`assignment_id`, `task_id`, `completed`, `completed_at`) VALUES ('24', '98', '0', NULL);
INSERT INTO `janitor_task_checklist` (`assignment_id`, `task_id`, `completed`, `completed_at`) VALUES ('24', '99', '0', NULL);
INSERT INTO `janitor_task_checklist` (`assignment_id`, `task_id`, `completed`, `completed_at`) VALUES ('24', '100', '0', NULL);
INSERT INTO `janitor_task_checklist` (`assignment_id`, `task_id`, `completed`, `completed_at`) VALUES ('24', '101', '0', NULL);
INSERT INTO `janitor_task_checklist` (`assignment_id`, `task_id`, `completed`, `completed_at`) VALUES ('24', '102', '0', NULL);
INSERT INTO `janitor_task_checklist` (`assignment_id`, `task_id`, `completed`, `completed_at`) VALUES ('24', '103', '0', NULL);
INSERT INTO `janitor_task_checklist` (`assignment_id`, `task_id`, `completed`, `completed_at`) VALUES ('24', '104', '0', NULL);
INSERT INTO `janitor_task_checklist` (`assignment_id`, `task_id`, `completed`, `completed_at`) VALUES ('24', '105', '0', NULL);
INSERT INTO `janitor_task_checklist` (`assignment_id`, `task_id`, `completed`, `completed_at`) VALUES ('24', '106', '0', NULL);
INSERT INTO `janitor_task_checklist` (`assignment_id`, `task_id`, `completed`, `completed_at`) VALUES ('25', '34', '0', NULL);
INSERT INTO `janitor_task_checklist` (`assignment_id`, `task_id`, `completed`, `completed_at`) VALUES ('25', '35', '0', NULL);
INSERT INTO `janitor_task_checklist` (`assignment_id`, `task_id`, `completed`, `completed_at`) VALUES ('25', '36', '0', NULL);
INSERT INTO `janitor_task_checklist` (`assignment_id`, `task_id`, `completed`, `completed_at`) VALUES ('25', '37', '0', NULL);
INSERT INTO `janitor_task_checklist` (`assignment_id`, `task_id`, `completed`, `completed_at`) VALUES ('25', '38', '0', NULL);
INSERT INTO `janitor_task_checklist` (`assignment_id`, `task_id`, `completed`, `completed_at`) VALUES ('25', '39', '0', NULL);
INSERT INTO `janitor_task_checklist` (`assignment_id`, `task_id`, `completed`, `completed_at`) VALUES ('25', '40', '0', NULL);
INSERT INTO `janitor_task_checklist` (`assignment_id`, `task_id`, `completed`, `completed_at`) VALUES ('25', '41', '0', NULL);
INSERT INTO `janitor_task_checklist` (`assignment_id`, `task_id`, `completed`, `completed_at`) VALUES ('25', '42', '0', NULL);
INSERT INTO `janitor_task_checklist` (`assignment_id`, `task_id`, `completed`, `completed_at`) VALUES ('25', '43', '0', NULL);
INSERT INTO `janitor_task_checklist` (`assignment_id`, `task_id`, `completed`, `completed_at`) VALUES ('25', '44', '0', NULL);
INSERT INTO `janitor_task_checklist` (`assignment_id`, `task_id`, `completed`, `completed_at`) VALUES ('25', '45', '0', NULL);
INSERT INTO `janitor_task_checklist` (`assignment_id`, `task_id`, `completed`, `completed_at`) VALUES ('25', '46', '0', NULL);
INSERT INTO `janitor_task_checklist` (`assignment_id`, `task_id`, `completed`, `completed_at`) VALUES ('25', '47', '0', NULL);
INSERT INTO `janitor_task_checklist` (`assignment_id`, `task_id`, `completed`, `completed_at`) VALUES ('25', '48', '0', NULL);
INSERT INTO `janitor_task_checklist` (`assignment_id`, `task_id`, `completed`, `completed_at`) VALUES ('25', '49', '0', NULL);
INSERT INTO `janitor_task_checklist` (`assignment_id`, `task_id`, `completed`, `completed_at`) VALUES ('25', '50', '0', NULL);
INSERT INTO `janitor_task_checklist` (`assignment_id`, `task_id`, `completed`, `completed_at`) VALUES ('25', '51', '0', NULL);
INSERT INTO `janitor_task_checklist` (`assignment_id`, `task_id`, `completed`, `completed_at`) VALUES ('25', '52', '0', NULL);
INSERT INTO `janitor_task_checklist` (`assignment_id`, `task_id`, `completed`, `completed_at`) VALUES ('25', '53', '0', NULL);
INSERT INTO `janitor_task_checklist` (`assignment_id`, `task_id`, `completed`, `completed_at`) VALUES ('25', '54', '0', NULL);
INSERT INTO `janitor_task_checklist` (`assignment_id`, `task_id`, `completed`, `completed_at`) VALUES ('25', '55', '0', NULL);
INSERT INTO `janitor_task_checklist` (`assignment_id`, `task_id`, `completed`, `completed_at`) VALUES ('25', '56', '0', NULL);
INSERT INTO `janitor_task_checklist` (`assignment_id`, `task_id`, `completed`, `completed_at`) VALUES ('25', '57', '0', NULL);
INSERT INTO `janitor_task_checklist` (`assignment_id`, `task_id`, `completed`, `completed_at`) VALUES ('25', '58', '0', NULL);
INSERT INTO `janitor_task_checklist` (`assignment_id`, `task_id`, `completed`, `completed_at`) VALUES ('25', '59', '0', NULL);
INSERT INTO `janitor_task_checklist` (`assignment_id`, `task_id`, `completed`, `completed_at`) VALUES ('25', '60', '0', NULL);
INSERT INTO `janitor_task_checklist` (`assignment_id`, `task_id`, `completed`, `completed_at`) VALUES ('25', '61', '0', NULL);
INSERT INTO `janitor_task_checklist` (`assignment_id`, `task_id`, `completed`, `completed_at`) VALUES ('25', '62', '0', NULL);
INSERT INTO `janitor_task_checklist` (`assignment_id`, `task_id`, `completed`, `completed_at`) VALUES ('25', '63', '0', NULL);
INSERT INTO `janitor_task_checklist` (`assignment_id`, `task_id`, `completed`, `completed_at`) VALUES ('25', '64', '0', NULL);
INSERT INTO `janitor_task_checklist` (`assignment_id`, `task_id`, `completed`, `completed_at`) VALUES ('25', '65', '0', NULL);
INSERT INTO `janitor_task_checklist` (`assignment_id`, `task_id`, `completed`, `completed_at`) VALUES ('25', '66', '0', NULL);
INSERT INTO `janitor_task_checklist` (`assignment_id`, `task_id`, `completed`, `completed_at`) VALUES ('25', '67', '0', NULL);
INSERT INTO `janitor_task_checklist` (`assignment_id`, `task_id`, `completed`, `completed_at`) VALUES ('25', '68', '0', NULL);
INSERT INTO `janitor_task_checklist` (`assignment_id`, `task_id`, `completed`, `completed_at`) VALUES ('25', '69', '0', NULL);
INSERT INTO `janitor_task_checklist` (`assignment_id`, `task_id`, `completed`, `completed_at`) VALUES ('25', '70', '0', NULL);
INSERT INTO `janitor_task_checklist` (`assignment_id`, `task_id`, `completed`, `completed_at`) VALUES ('25', '71', '0', NULL);
INSERT INTO `janitor_task_checklist` (`assignment_id`, `task_id`, `completed`, `completed_at`) VALUES ('25', '72', '0', NULL);
INSERT INTO `janitor_task_checklist` (`assignment_id`, `task_id`, `completed`, `completed_at`) VALUES ('25', '73', '0', NULL);
INSERT INTO `janitor_task_checklist` (`assignment_id`, `task_id`, `completed`, `completed_at`) VALUES ('25', '74', '0', NULL);
INSERT INTO `janitor_task_checklist` (`assignment_id`, `task_id`, `completed`, `completed_at`) VALUES ('25', '75', '0', NULL);
INSERT INTO `janitor_task_checklist` (`assignment_id`, `task_id`, `completed`, `completed_at`) VALUES ('25', '76', '0', NULL);
INSERT INTO `janitor_task_checklist` (`assignment_id`, `task_id`, `completed`, `completed_at`) VALUES ('25', '77', '0', NULL);
INSERT INTO `janitor_task_checklist` (`assignment_id`, `task_id`, `completed`, `completed_at`) VALUES ('25', '78', '0', NULL);
INSERT INTO `janitor_task_checklist` (`assignment_id`, `task_id`, `completed`, `completed_at`) VALUES ('25', '79', '0', NULL);
INSERT INTO `janitor_task_checklist` (`assignment_id`, `task_id`, `completed`, `completed_at`) VALUES ('25', '80', '0', NULL);
INSERT INTO `janitor_task_checklist` (`assignment_id`, `task_id`, `completed`, `completed_at`) VALUES ('25', '81', '0', NULL);
INSERT INTO `janitor_task_checklist` (`assignment_id`, `task_id`, `completed`, `completed_at`) VALUES ('25', '82', '0', NULL);
INSERT INTO `janitor_task_checklist` (`assignment_id`, `task_id`, `completed`, `completed_at`) VALUES ('25', '83', '0', NULL);
INSERT INTO `janitor_task_checklist` (`assignment_id`, `task_id`, `completed`, `completed_at`) VALUES ('25', '84', '0', NULL);
INSERT INTO `janitor_task_checklist` (`assignment_id`, `task_id`, `completed`, `completed_at`) VALUES ('25', '85', '0', NULL);
INSERT INTO `janitor_task_checklist` (`assignment_id`, `task_id`, `completed`, `completed_at`) VALUES ('25', '86', '0', NULL);
INSERT INTO `janitor_task_checklist` (`assignment_id`, `task_id`, `completed`, `completed_at`) VALUES ('25', '87', '0', NULL);
INSERT INTO `janitor_task_checklist` (`assignment_id`, `task_id`, `completed`, `completed_at`) VALUES ('25', '88', '0', NULL);
INSERT INTO `janitor_task_checklist` (`assignment_id`, `task_id`, `completed`, `completed_at`) VALUES ('25', '89', '0', NULL);
INSERT INTO `janitor_task_checklist` (`assignment_id`, `task_id`, `completed`, `completed_at`) VALUES ('25', '90', '0', NULL);
INSERT INTO `janitor_task_checklist` (`assignment_id`, `task_id`, `completed`, `completed_at`) VALUES ('25', '91', '0', NULL);
INSERT INTO `janitor_task_checklist` (`assignment_id`, `task_id`, `completed`, `completed_at`) VALUES ('25', '92', '0', NULL);
INSERT INTO `janitor_task_checklist` (`assignment_id`, `task_id`, `completed`, `completed_at`) VALUES ('25', '93', '0', NULL);
INSERT INTO `janitor_task_checklist` (`assignment_id`, `task_id`, `completed`, `completed_at`) VALUES ('25', '94', '0', NULL);
INSERT INTO `janitor_task_checklist` (`assignment_id`, `task_id`, `completed`, `completed_at`) VALUES ('25', '95', '0', NULL);
INSERT INTO `janitor_task_checklist` (`assignment_id`, `task_id`, `completed`, `completed_at`) VALUES ('25', '96', '0', NULL);
INSERT INTO `janitor_task_checklist` (`assignment_id`, `task_id`, `completed`, `completed_at`) VALUES ('25', '97', '0', NULL);
INSERT INTO `janitor_task_checklist` (`assignment_id`, `task_id`, `completed`, `completed_at`) VALUES ('25', '98', '0', NULL);
INSERT INTO `janitor_task_checklist` (`assignment_id`, `task_id`, `completed`, `completed_at`) VALUES ('25', '99', '0', NULL);
INSERT INTO `janitor_task_checklist` (`assignment_id`, `task_id`, `completed`, `completed_at`) VALUES ('25', '100', '0', NULL);
INSERT INTO `janitor_task_checklist` (`assignment_id`, `task_id`, `completed`, `completed_at`) VALUES ('25', '101', '0', NULL);
INSERT INTO `janitor_task_checklist` (`assignment_id`, `task_id`, `completed`, `completed_at`) VALUES ('25', '102', '0', NULL);
INSERT INTO `janitor_task_checklist` (`assignment_id`, `task_id`, `completed`, `completed_at`) VALUES ('25', '103', '0', NULL);
INSERT INTO `janitor_task_checklist` (`assignment_id`, `task_id`, `completed`, `completed_at`) VALUES ('25', '104', '0', NULL);
INSERT INTO `janitor_task_checklist` (`assignment_id`, `task_id`, `completed`, `completed_at`) VALUES ('25', '105', '0', NULL);
INSERT INTO `janitor_task_checklist` (`assignment_id`, `task_id`, `completed`, `completed_at`) VALUES ('25', '106', '0', NULL);
INSERT INTO `janitor_task_checklist` (`assignment_id`, `task_id`, `completed`, `completed_at`) VALUES ('26', '34', '0', NULL);
INSERT INTO `janitor_task_checklist` (`assignment_id`, `task_id`, `completed`, `completed_at`) VALUES ('26', '35', '0', NULL);
INSERT INTO `janitor_task_checklist` (`assignment_id`, `task_id`, `completed`, `completed_at`) VALUES ('26', '36', '0', NULL);
INSERT INTO `janitor_task_checklist` (`assignment_id`, `task_id`, `completed`, `completed_at`) VALUES ('26', '37', '0', NULL);
INSERT INTO `janitor_task_checklist` (`assignment_id`, `task_id`, `completed`, `completed_at`) VALUES ('26', '38', '0', NULL);
INSERT INTO `janitor_task_checklist` (`assignment_id`, `task_id`, `completed`, `completed_at`) VALUES ('26', '39', '0', NULL);
INSERT INTO `janitor_task_checklist` (`assignment_id`, `task_id`, `completed`, `completed_at`) VALUES ('26', '40', '0', NULL);
INSERT INTO `janitor_task_checklist` (`assignment_id`, `task_id`, `completed`, `completed_at`) VALUES ('26', '41', '0', NULL);
INSERT INTO `janitor_task_checklist` (`assignment_id`, `task_id`, `completed`, `completed_at`) VALUES ('26', '42', '0', NULL);
INSERT INTO `janitor_task_checklist` (`assignment_id`, `task_id`, `completed`, `completed_at`) VALUES ('26', '43', '0', NULL);
INSERT INTO `janitor_task_checklist` (`assignment_id`, `task_id`, `completed`, `completed_at`) VALUES ('26', '44', '0', NULL);
INSERT INTO `janitor_task_checklist` (`assignment_id`, `task_id`, `completed`, `completed_at`) VALUES ('26', '45', '0', NULL);
INSERT INTO `janitor_task_checklist` (`assignment_id`, `task_id`, `completed`, `completed_at`) VALUES ('26', '46', '0', NULL);
INSERT INTO `janitor_task_checklist` (`assignment_id`, `task_id`, `completed`, `completed_at`) VALUES ('26', '47', '0', NULL);
INSERT INTO `janitor_task_checklist` (`assignment_id`, `task_id`, `completed`, `completed_at`) VALUES ('26', '48', '0', NULL);
INSERT INTO `janitor_task_checklist` (`assignment_id`, `task_id`, `completed`, `completed_at`) VALUES ('26', '49', '0', NULL);
INSERT INTO `janitor_task_checklist` (`assignment_id`, `task_id`, `completed`, `completed_at`) VALUES ('26', '50', '0', NULL);
INSERT INTO `janitor_task_checklist` (`assignment_id`, `task_id`, `completed`, `completed_at`) VALUES ('26', '51', '0', NULL);
INSERT INTO `janitor_task_checklist` (`assignment_id`, `task_id`, `completed`, `completed_at`) VALUES ('26', '52', '0', NULL);
INSERT INTO `janitor_task_checklist` (`assignment_id`, `task_id`, `completed`, `completed_at`) VALUES ('26', '53', '0', NULL);
INSERT INTO `janitor_task_checklist` (`assignment_id`, `task_id`, `completed`, `completed_at`) VALUES ('26', '54', '0', NULL);
INSERT INTO `janitor_task_checklist` (`assignment_id`, `task_id`, `completed`, `completed_at`) VALUES ('26', '55', '0', NULL);
INSERT INTO `janitor_task_checklist` (`assignment_id`, `task_id`, `completed`, `completed_at`) VALUES ('26', '56', '0', NULL);
INSERT INTO `janitor_task_checklist` (`assignment_id`, `task_id`, `completed`, `completed_at`) VALUES ('26', '57', '0', NULL);
INSERT INTO `janitor_task_checklist` (`assignment_id`, `task_id`, `completed`, `completed_at`) VALUES ('26', '58', '0', NULL);
INSERT INTO `janitor_task_checklist` (`assignment_id`, `task_id`, `completed`, `completed_at`) VALUES ('26', '59', '0', NULL);
INSERT INTO `janitor_task_checklist` (`assignment_id`, `task_id`, `completed`, `completed_at`) VALUES ('26', '60', '0', NULL);
INSERT INTO `janitor_task_checklist` (`assignment_id`, `task_id`, `completed`, `completed_at`) VALUES ('26', '61', '0', NULL);
INSERT INTO `janitor_task_checklist` (`assignment_id`, `task_id`, `completed`, `completed_at`) VALUES ('26', '62', '0', NULL);
INSERT INTO `janitor_task_checklist` (`assignment_id`, `task_id`, `completed`, `completed_at`) VALUES ('26', '63', '0', NULL);
INSERT INTO `janitor_task_checklist` (`assignment_id`, `task_id`, `completed`, `completed_at`) VALUES ('26', '64', '0', NULL);
INSERT INTO `janitor_task_checklist` (`assignment_id`, `task_id`, `completed`, `completed_at`) VALUES ('26', '65', '0', NULL);
INSERT INTO `janitor_task_checklist` (`assignment_id`, `task_id`, `completed`, `completed_at`) VALUES ('26', '66', '0', NULL);
INSERT INTO `janitor_task_checklist` (`assignment_id`, `task_id`, `completed`, `completed_at`) VALUES ('26', '67', '0', NULL);
INSERT INTO `janitor_task_checklist` (`assignment_id`, `task_id`, `completed`, `completed_at`) VALUES ('26', '68', '0', NULL);
INSERT INTO `janitor_task_checklist` (`assignment_id`, `task_id`, `completed`, `completed_at`) VALUES ('26', '69', '0', NULL);
INSERT INTO `janitor_task_checklist` (`assignment_id`, `task_id`, `completed`, `completed_at`) VALUES ('26', '70', '0', NULL);
INSERT INTO `janitor_task_checklist` (`assignment_id`, `task_id`, `completed`, `completed_at`) VALUES ('26', '71', '0', NULL);
INSERT INTO `janitor_task_checklist` (`assignment_id`, `task_id`, `completed`, `completed_at`) VALUES ('26', '72', '0', NULL);
INSERT INTO `janitor_task_checklist` (`assignment_id`, `task_id`, `completed`, `completed_at`) VALUES ('26', '73', '0', NULL);
INSERT INTO `janitor_task_checklist` (`assignment_id`, `task_id`, `completed`, `completed_at`) VALUES ('26', '74', '0', NULL);
INSERT INTO `janitor_task_checklist` (`assignment_id`, `task_id`, `completed`, `completed_at`) VALUES ('26', '75', '0', NULL);
INSERT INTO `janitor_task_checklist` (`assignment_id`, `task_id`, `completed`, `completed_at`) VALUES ('26', '76', '0', NULL);
INSERT INTO `janitor_task_checklist` (`assignment_id`, `task_id`, `completed`, `completed_at`) VALUES ('26', '77', '0', NULL);
INSERT INTO `janitor_task_checklist` (`assignment_id`, `task_id`, `completed`, `completed_at`) VALUES ('26', '78', '0', NULL);
INSERT INTO `janitor_task_checklist` (`assignment_id`, `task_id`, `completed`, `completed_at`) VALUES ('26', '79', '0', NULL);
INSERT INTO `janitor_task_checklist` (`assignment_id`, `task_id`, `completed`, `completed_at`) VALUES ('26', '80', '0', NULL);
INSERT INTO `janitor_task_checklist` (`assignment_id`, `task_id`, `completed`, `completed_at`) VALUES ('26', '81', '0', NULL);
INSERT INTO `janitor_task_checklist` (`assignment_id`, `task_id`, `completed`, `completed_at`) VALUES ('26', '82', '0', NULL);
INSERT INTO `janitor_task_checklist` (`assignment_id`, `task_id`, `completed`, `completed_at`) VALUES ('26', '83', '0', NULL);
INSERT INTO `janitor_task_checklist` (`assignment_id`, `task_id`, `completed`, `completed_at`) VALUES ('26', '84', '0', NULL);
INSERT INTO `janitor_task_checklist` (`assignment_id`, `task_id`, `completed`, `completed_at`) VALUES ('26', '85', '0', NULL);
INSERT INTO `janitor_task_checklist` (`assignment_id`, `task_id`, `completed`, `completed_at`) VALUES ('26', '86', '0', NULL);
INSERT INTO `janitor_task_checklist` (`assignment_id`, `task_id`, `completed`, `completed_at`) VALUES ('26', '87', '0', NULL);
INSERT INTO `janitor_task_checklist` (`assignment_id`, `task_id`, `completed`, `completed_at`) VALUES ('26', '88', '0', NULL);
INSERT INTO `janitor_task_checklist` (`assignment_id`, `task_id`, `completed`, `completed_at`) VALUES ('26', '89', '0', NULL);
INSERT INTO `janitor_task_checklist` (`assignment_id`, `task_id`, `completed`, `completed_at`) VALUES ('26', '90', '0', NULL);
INSERT INTO `janitor_task_checklist` (`assignment_id`, `task_id`, `completed`, `completed_at`) VALUES ('26', '91', '0', NULL);
INSERT INTO `janitor_task_checklist` (`assignment_id`, `task_id`, `completed`, `completed_at`) VALUES ('26', '92', '0', NULL);
INSERT INTO `janitor_task_checklist` (`assignment_id`, `task_id`, `completed`, `completed_at`) VALUES ('26', '93', '0', NULL);
INSERT INTO `janitor_task_checklist` (`assignment_id`, `task_id`, `completed`, `completed_at`) VALUES ('26', '94', '0', NULL);
INSERT INTO `janitor_task_checklist` (`assignment_id`, `task_id`, `completed`, `completed_at`) VALUES ('26', '95', '0', NULL);
INSERT INTO `janitor_task_checklist` (`assignment_id`, `task_id`, `completed`, `completed_at`) VALUES ('26', '96', '0', NULL);
INSERT INTO `janitor_task_checklist` (`assignment_id`, `task_id`, `completed`, `completed_at`) VALUES ('26', '97', '0', NULL);
INSERT INTO `janitor_task_checklist` (`assignment_id`, `task_id`, `completed`, `completed_at`) VALUES ('26', '98', '0', NULL);
INSERT INTO `janitor_task_checklist` (`assignment_id`, `task_id`, `completed`, `completed_at`) VALUES ('26', '99', '0', NULL);
INSERT INTO `janitor_task_checklist` (`assignment_id`, `task_id`, `completed`, `completed_at`) VALUES ('26', '100', '0', NULL);
INSERT INTO `janitor_task_checklist` (`assignment_id`, `task_id`, `completed`, `completed_at`) VALUES ('26', '101', '0', NULL);
INSERT INTO `janitor_task_checklist` (`assignment_id`, `task_id`, `completed`, `completed_at`) VALUES ('26', '102', '0', NULL);
INSERT INTO `janitor_task_checklist` (`assignment_id`, `task_id`, `completed`, `completed_at`) VALUES ('26', '103', '0', NULL);
INSERT INTO `janitor_task_checklist` (`assignment_id`, `task_id`, `completed`, `completed_at`) VALUES ('26', '104', '0', NULL);
INSERT INTO `janitor_task_checklist` (`assignment_id`, `task_id`, `completed`, `completed_at`) VALUES ('26', '105', '0', NULL);
INSERT INTO `janitor_task_checklist` (`assignment_id`, `task_id`, `completed`, `completed_at`) VALUES ('26', '106', '0', NULL);
INSERT INTO `janitor_task_checklist` (`assignment_id`, `task_id`, `completed`, `completed_at`) VALUES ('27', '34', '0', NULL);
INSERT INTO `janitor_task_checklist` (`assignment_id`, `task_id`, `completed`, `completed_at`) VALUES ('27', '35', '0', NULL);
INSERT INTO `janitor_task_checklist` (`assignment_id`, `task_id`, `completed`, `completed_at`) VALUES ('27', '36', '0', NULL);
INSERT INTO `janitor_task_checklist` (`assignment_id`, `task_id`, `completed`, `completed_at`) VALUES ('27', '37', '0', NULL);
INSERT INTO `janitor_task_checklist` (`assignment_id`, `task_id`, `completed`, `completed_at`) VALUES ('27', '38', '0', NULL);
INSERT INTO `janitor_task_checklist` (`assignment_id`, `task_id`, `completed`, `completed_at`) VALUES ('27', '39', '0', NULL);
INSERT INTO `janitor_task_checklist` (`assignment_id`, `task_id`, `completed`, `completed_at`) VALUES ('27', '40', '0', NULL);
INSERT INTO `janitor_task_checklist` (`assignment_id`, `task_id`, `completed`, `completed_at`) VALUES ('27', '41', '0', NULL);
INSERT INTO `janitor_task_checklist` (`assignment_id`, `task_id`, `completed`, `completed_at`) VALUES ('27', '42', '0', NULL);
INSERT INTO `janitor_task_checklist` (`assignment_id`, `task_id`, `completed`, `completed_at`) VALUES ('27', '43', '0', NULL);
INSERT INTO `janitor_task_checklist` (`assignment_id`, `task_id`, `completed`, `completed_at`) VALUES ('27', '44', '0', NULL);
INSERT INTO `janitor_task_checklist` (`assignment_id`, `task_id`, `completed`, `completed_at`) VALUES ('27', '45', '0', NULL);
INSERT INTO `janitor_task_checklist` (`assignment_id`, `task_id`, `completed`, `completed_at`) VALUES ('27', '46', '0', NULL);
INSERT INTO `janitor_task_checklist` (`assignment_id`, `task_id`, `completed`, `completed_at`) VALUES ('27', '47', '0', NULL);
INSERT INTO `janitor_task_checklist` (`assignment_id`, `task_id`, `completed`, `completed_at`) VALUES ('27', '48', '0', NULL);
INSERT INTO `janitor_task_checklist` (`assignment_id`, `task_id`, `completed`, `completed_at`) VALUES ('27', '49', '0', NULL);
INSERT INTO `janitor_task_checklist` (`assignment_id`, `task_id`, `completed`, `completed_at`) VALUES ('27', '50', '0', NULL);
INSERT INTO `janitor_task_checklist` (`assignment_id`, `task_id`, `completed`, `completed_at`) VALUES ('27', '51', '0', NULL);
INSERT INTO `janitor_task_checklist` (`assignment_id`, `task_id`, `completed`, `completed_at`) VALUES ('27', '52', '0', NULL);
INSERT INTO `janitor_task_checklist` (`assignment_id`, `task_id`, `completed`, `completed_at`) VALUES ('27', '53', '0', NULL);
INSERT INTO `janitor_task_checklist` (`assignment_id`, `task_id`, `completed`, `completed_at`) VALUES ('27', '54', '0', NULL);
INSERT INTO `janitor_task_checklist` (`assignment_id`, `task_id`, `completed`, `completed_at`) VALUES ('27', '55', '0', NULL);
INSERT INTO `janitor_task_checklist` (`assignment_id`, `task_id`, `completed`, `completed_at`) VALUES ('27', '56', '0', NULL);
INSERT INTO `janitor_task_checklist` (`assignment_id`, `task_id`, `completed`, `completed_at`) VALUES ('27', '57', '0', NULL);
INSERT INTO `janitor_task_checklist` (`assignment_id`, `task_id`, `completed`, `completed_at`) VALUES ('27', '58', '0', NULL);
INSERT INTO `janitor_task_checklist` (`assignment_id`, `task_id`, `completed`, `completed_at`) VALUES ('27', '59', '0', NULL);
INSERT INTO `janitor_task_checklist` (`assignment_id`, `task_id`, `completed`, `completed_at`) VALUES ('27', '60', '0', NULL);
INSERT INTO `janitor_task_checklist` (`assignment_id`, `task_id`, `completed`, `completed_at`) VALUES ('27', '61', '0', NULL);
INSERT INTO `janitor_task_checklist` (`assignment_id`, `task_id`, `completed`, `completed_at`) VALUES ('27', '62', '0', NULL);
INSERT INTO `janitor_task_checklist` (`assignment_id`, `task_id`, `completed`, `completed_at`) VALUES ('27', '63', '0', NULL);
INSERT INTO `janitor_task_checklist` (`assignment_id`, `task_id`, `completed`, `completed_at`) VALUES ('27', '64', '0', NULL);
INSERT INTO `janitor_task_checklist` (`assignment_id`, `task_id`, `completed`, `completed_at`) VALUES ('27', '65', '0', NULL);
INSERT INTO `janitor_task_checklist` (`assignment_id`, `task_id`, `completed`, `completed_at`) VALUES ('27', '66', '0', NULL);
INSERT INTO `janitor_task_checklist` (`assignment_id`, `task_id`, `completed`, `completed_at`) VALUES ('27', '67', '0', NULL);
INSERT INTO `janitor_task_checklist` (`assignment_id`, `task_id`, `completed`, `completed_at`) VALUES ('27', '68', '0', NULL);
INSERT INTO `janitor_task_checklist` (`assignment_id`, `task_id`, `completed`, `completed_at`) VALUES ('27', '69', '0', NULL);
INSERT INTO `janitor_task_checklist` (`assignment_id`, `task_id`, `completed`, `completed_at`) VALUES ('27', '70', '0', NULL);
INSERT INTO `janitor_task_checklist` (`assignment_id`, `task_id`, `completed`, `completed_at`) VALUES ('27', '71', '0', NULL);
INSERT INTO `janitor_task_checklist` (`assignment_id`, `task_id`, `completed`, `completed_at`) VALUES ('27', '72', '0', NULL);
INSERT INTO `janitor_task_checklist` (`assignment_id`, `task_id`, `completed`, `completed_at`) VALUES ('27', '73', '0', NULL);
INSERT INTO `janitor_task_checklist` (`assignment_id`, `task_id`, `completed`, `completed_at`) VALUES ('27', '74', '0', NULL);
INSERT INTO `janitor_task_checklist` (`assignment_id`, `task_id`, `completed`, `completed_at`) VALUES ('27', '75', '0', NULL);
INSERT INTO `janitor_task_checklist` (`assignment_id`, `task_id`, `completed`, `completed_at`) VALUES ('27', '76', '0', NULL);
INSERT INTO `janitor_task_checklist` (`assignment_id`, `task_id`, `completed`, `completed_at`) VALUES ('27', '77', '0', NULL);
INSERT INTO `janitor_task_checklist` (`assignment_id`, `task_id`, `completed`, `completed_at`) VALUES ('27', '78', '0', NULL);
INSERT INTO `janitor_task_checklist` (`assignment_id`, `task_id`, `completed`, `completed_at`) VALUES ('27', '79', '0', NULL);
INSERT INTO `janitor_task_checklist` (`assignment_id`, `task_id`, `completed`, `completed_at`) VALUES ('27', '80', '0', NULL);
INSERT INTO `janitor_task_checklist` (`assignment_id`, `task_id`, `completed`, `completed_at`) VALUES ('27', '81', '0', NULL);
INSERT INTO `janitor_task_checklist` (`assignment_id`, `task_id`, `completed`, `completed_at`) VALUES ('27', '82', '0', NULL);
INSERT INTO `janitor_task_checklist` (`assignment_id`, `task_id`, `completed`, `completed_at`) VALUES ('27', '83', '0', NULL);
INSERT INTO `janitor_task_checklist` (`assignment_id`, `task_id`, `completed`, `completed_at`) VALUES ('27', '84', '0', NULL);
INSERT INTO `janitor_task_checklist` (`assignment_id`, `task_id`, `completed`, `completed_at`) VALUES ('27', '85', '0', NULL);
INSERT INTO `janitor_task_checklist` (`assignment_id`, `task_id`, `completed`, `completed_at`) VALUES ('27', '86', '0', NULL);
INSERT INTO `janitor_task_checklist` (`assignment_id`, `task_id`, `completed`, `completed_at`) VALUES ('27', '87', '0', NULL);
INSERT INTO `janitor_task_checklist` (`assignment_id`, `task_id`, `completed`, `completed_at`) VALUES ('27', '88', '0', NULL);
INSERT INTO `janitor_task_checklist` (`assignment_id`, `task_id`, `completed`, `completed_at`) VALUES ('27', '89', '0', NULL);
INSERT INTO `janitor_task_checklist` (`assignment_id`, `task_id`, `completed`, `completed_at`) VALUES ('27', '90', '0', NULL);
INSERT INTO `janitor_task_checklist` (`assignment_id`, `task_id`, `completed`, `completed_at`) VALUES ('27', '91', '0', NULL);
INSERT INTO `janitor_task_checklist` (`assignment_id`, `task_id`, `completed`, `completed_at`) VALUES ('27', '92', '0', NULL);
INSERT INTO `janitor_task_checklist` (`assignment_id`, `task_id`, `completed`, `completed_at`) VALUES ('27', '93', '0', NULL);
INSERT INTO `janitor_task_checklist` (`assignment_id`, `task_id`, `completed`, `completed_at`) VALUES ('27', '94', '0', NULL);
INSERT INTO `janitor_task_checklist` (`assignment_id`, `task_id`, `completed`, `completed_at`) VALUES ('27', '95', '0', NULL);
INSERT INTO `janitor_task_checklist` (`assignment_id`, `task_id`, `completed`, `completed_at`) VALUES ('27', '96', '0', NULL);
INSERT INTO `janitor_task_checklist` (`assignment_id`, `task_id`, `completed`, `completed_at`) VALUES ('27', '97', '0', NULL);
INSERT INTO `janitor_task_checklist` (`assignment_id`, `task_id`, `completed`, `completed_at`) VALUES ('27', '98', '0', NULL);
INSERT INTO `janitor_task_checklist` (`assignment_id`, `task_id`, `completed`, `completed_at`) VALUES ('27', '99', '0', NULL);
INSERT INTO `janitor_task_checklist` (`assignment_id`, `task_id`, `completed`, `completed_at`) VALUES ('27', '100', '0', NULL);
INSERT INTO `janitor_task_checklist` (`assignment_id`, `task_id`, `completed`, `completed_at`) VALUES ('27', '101', '0', NULL);
INSERT INTO `janitor_task_checklist` (`assignment_id`, `task_id`, `completed`, `completed_at`) VALUES ('27', '102', '0', NULL);
INSERT INTO `janitor_task_checklist` (`assignment_id`, `task_id`, `completed`, `completed_at`) VALUES ('27', '103', '0', NULL);
INSERT INTO `janitor_task_checklist` (`assignment_id`, `task_id`, `completed`, `completed_at`) VALUES ('27', '104', '0', NULL);
INSERT INTO `janitor_task_checklist` (`assignment_id`, `task_id`, `completed`, `completed_at`) VALUES ('27', '105', '0', NULL);
INSERT INTO `janitor_task_checklist` (`assignment_id`, `task_id`, `completed`, `completed_at`) VALUES ('27', '106', '0', NULL);
INSERT INTO `janitor_task_checklist` (`assignment_id`, `task_id`, `completed`, `completed_at`) VALUES ('28', '34', '0', NULL);
INSERT INTO `janitor_task_checklist` (`assignment_id`, `task_id`, `completed`, `completed_at`) VALUES ('28', '35', '0', NULL);
INSERT INTO `janitor_task_checklist` (`assignment_id`, `task_id`, `completed`, `completed_at`) VALUES ('28', '36', '0', NULL);
INSERT INTO `janitor_task_checklist` (`assignment_id`, `task_id`, `completed`, `completed_at`) VALUES ('28', '37', '0', NULL);
INSERT INTO `janitor_task_checklist` (`assignment_id`, `task_id`, `completed`, `completed_at`) VALUES ('28', '38', '0', NULL);
INSERT INTO `janitor_task_checklist` (`assignment_id`, `task_id`, `completed`, `completed_at`) VALUES ('28', '39', '0', NULL);
INSERT INTO `janitor_task_checklist` (`assignment_id`, `task_id`, `completed`, `completed_at`) VALUES ('28', '40', '0', NULL);
INSERT INTO `janitor_task_checklist` (`assignment_id`, `task_id`, `completed`, `completed_at`) VALUES ('28', '41', '0', NULL);
INSERT INTO `janitor_task_checklist` (`assignment_id`, `task_id`, `completed`, `completed_at`) VALUES ('28', '42', '0', NULL);
INSERT INTO `janitor_task_checklist` (`assignment_id`, `task_id`, `completed`, `completed_at`) VALUES ('28', '43', '0', NULL);
INSERT INTO `janitor_task_checklist` (`assignment_id`, `task_id`, `completed`, `completed_at`) VALUES ('28', '44', '0', NULL);
INSERT INTO `janitor_task_checklist` (`assignment_id`, `task_id`, `completed`, `completed_at`) VALUES ('28', '45', '0', NULL);
INSERT INTO `janitor_task_checklist` (`assignment_id`, `task_id`, `completed`, `completed_at`) VALUES ('28', '46', '0', NULL);
INSERT INTO `janitor_task_checklist` (`assignment_id`, `task_id`, `completed`, `completed_at`) VALUES ('28', '47', '0', NULL);
INSERT INTO `janitor_task_checklist` (`assignment_id`, `task_id`, `completed`, `completed_at`) VALUES ('28', '48', '0', NULL);
INSERT INTO `janitor_task_checklist` (`assignment_id`, `task_id`, `completed`, `completed_at`) VALUES ('28', '49', '0', NULL);
INSERT INTO `janitor_task_checklist` (`assignment_id`, `task_id`, `completed`, `completed_at`) VALUES ('28', '50', '0', NULL);
INSERT INTO `janitor_task_checklist` (`assignment_id`, `task_id`, `completed`, `completed_at`) VALUES ('28', '51', '0', NULL);
INSERT INTO `janitor_task_checklist` (`assignment_id`, `task_id`, `completed`, `completed_at`) VALUES ('28', '52', '0', NULL);
INSERT INTO `janitor_task_checklist` (`assignment_id`, `task_id`, `completed`, `completed_at`) VALUES ('28', '53', '0', NULL);
INSERT INTO `janitor_task_checklist` (`assignment_id`, `task_id`, `completed`, `completed_at`) VALUES ('28', '54', '0', NULL);
INSERT INTO `janitor_task_checklist` (`assignment_id`, `task_id`, `completed`, `completed_at`) VALUES ('28', '55', '0', NULL);
INSERT INTO `janitor_task_checklist` (`assignment_id`, `task_id`, `completed`, `completed_at`) VALUES ('28', '56', '0', NULL);
INSERT INTO `janitor_task_checklist` (`assignment_id`, `task_id`, `completed`, `completed_at`) VALUES ('28', '57', '0', NULL);
INSERT INTO `janitor_task_checklist` (`assignment_id`, `task_id`, `completed`, `completed_at`) VALUES ('28', '58', '0', NULL);
INSERT INTO `janitor_task_checklist` (`assignment_id`, `task_id`, `completed`, `completed_at`) VALUES ('28', '59', '0', NULL);
INSERT INTO `janitor_task_checklist` (`assignment_id`, `task_id`, `completed`, `completed_at`) VALUES ('28', '60', '0', NULL);
INSERT INTO `janitor_task_checklist` (`assignment_id`, `task_id`, `completed`, `completed_at`) VALUES ('28', '61', '0', NULL);
INSERT INTO `janitor_task_checklist` (`assignment_id`, `task_id`, `completed`, `completed_at`) VALUES ('28', '62', '0', NULL);
INSERT INTO `janitor_task_checklist` (`assignment_id`, `task_id`, `completed`, `completed_at`) VALUES ('28', '63', '0', NULL);
INSERT INTO `janitor_task_checklist` (`assignment_id`, `task_id`, `completed`, `completed_at`) VALUES ('28', '64', '0', NULL);
INSERT INTO `janitor_task_checklist` (`assignment_id`, `task_id`, `completed`, `completed_at`) VALUES ('28', '65', '0', NULL);
INSERT INTO `janitor_task_checklist` (`assignment_id`, `task_id`, `completed`, `completed_at`) VALUES ('28', '66', '0', NULL);
INSERT INTO `janitor_task_checklist` (`assignment_id`, `task_id`, `completed`, `completed_at`) VALUES ('28', '67', '0', NULL);
INSERT INTO `janitor_task_checklist` (`assignment_id`, `task_id`, `completed`, `completed_at`) VALUES ('28', '68', '0', NULL);
INSERT INTO `janitor_task_checklist` (`assignment_id`, `task_id`, `completed`, `completed_at`) VALUES ('28', '69', '0', NULL);
INSERT INTO `janitor_task_checklist` (`assignment_id`, `task_id`, `completed`, `completed_at`) VALUES ('28', '70', '0', NULL);
INSERT INTO `janitor_task_checklist` (`assignment_id`, `task_id`, `completed`, `completed_at`) VALUES ('28', '71', '0', NULL);
INSERT INTO `janitor_task_checklist` (`assignment_id`, `task_id`, `completed`, `completed_at`) VALUES ('28', '72', '0', NULL);
INSERT INTO `janitor_task_checklist` (`assignment_id`, `task_id`, `completed`, `completed_at`) VALUES ('28', '73', '0', NULL);
INSERT INTO `janitor_task_checklist` (`assignment_id`, `task_id`, `completed`, `completed_at`) VALUES ('28', '74', '0', NULL);
INSERT INTO `janitor_task_checklist` (`assignment_id`, `task_id`, `completed`, `completed_at`) VALUES ('28', '75', '0', NULL);
INSERT INTO `janitor_task_checklist` (`assignment_id`, `task_id`, `completed`, `completed_at`) VALUES ('28', '76', '0', NULL);
INSERT INTO `janitor_task_checklist` (`assignment_id`, `task_id`, `completed`, `completed_at`) VALUES ('28', '77', '0', NULL);
INSERT INTO `janitor_task_checklist` (`assignment_id`, `task_id`, `completed`, `completed_at`) VALUES ('28', '78', '0', NULL);
INSERT INTO `janitor_task_checklist` (`assignment_id`, `task_id`, `completed`, `completed_at`) VALUES ('28', '79', '0', NULL);
INSERT INTO `janitor_task_checklist` (`assignment_id`, `task_id`, `completed`, `completed_at`) VALUES ('28', '80', '0', NULL);
INSERT INTO `janitor_task_checklist` (`assignment_id`, `task_id`, `completed`, `completed_at`) VALUES ('28', '81', '0', NULL);
INSERT INTO `janitor_task_checklist` (`assignment_id`, `task_id`, `completed`, `completed_at`) VALUES ('28', '82', '0', NULL);
INSERT INTO `janitor_task_checklist` (`assignment_id`, `task_id`, `completed`, `completed_at`) VALUES ('28', '83', '0', NULL);
INSERT INTO `janitor_task_checklist` (`assignment_id`, `task_id`, `completed`, `completed_at`) VALUES ('28', '84', '0', NULL);
INSERT INTO `janitor_task_checklist` (`assignment_id`, `task_id`, `completed`, `completed_at`) VALUES ('28', '85', '0', NULL);
INSERT INTO `janitor_task_checklist` (`assignment_id`, `task_id`, `completed`, `completed_at`) VALUES ('28', '86', '0', NULL);
INSERT INTO `janitor_task_checklist` (`assignment_id`, `task_id`, `completed`, `completed_at`) VALUES ('28', '87', '0', NULL);
INSERT INTO `janitor_task_checklist` (`assignment_id`, `task_id`, `completed`, `completed_at`) VALUES ('28', '88', '0', NULL);
INSERT INTO `janitor_task_checklist` (`assignment_id`, `task_id`, `completed`, `completed_at`) VALUES ('28', '89', '0', NULL);
INSERT INTO `janitor_task_checklist` (`assignment_id`, `task_id`, `completed`, `completed_at`) VALUES ('28', '90', '0', NULL);
INSERT INTO `janitor_task_checklist` (`assignment_id`, `task_id`, `completed`, `completed_at`) VALUES ('28', '91', '0', NULL);
INSERT INTO `janitor_task_checklist` (`assignment_id`, `task_id`, `completed`, `completed_at`) VALUES ('28', '92', '0', NULL);
INSERT INTO `janitor_task_checklist` (`assignment_id`, `task_id`, `completed`, `completed_at`) VALUES ('28', '93', '0', NULL);
INSERT INTO `janitor_task_checklist` (`assignment_id`, `task_id`, `completed`, `completed_at`) VALUES ('28', '94', '0', NULL);
INSERT INTO `janitor_task_checklist` (`assignment_id`, `task_id`, `completed`, `completed_at`) VALUES ('28', '95', '0', NULL);
INSERT INTO `janitor_task_checklist` (`assignment_id`, `task_id`, `completed`, `completed_at`) VALUES ('28', '96', '0', NULL);
INSERT INTO `janitor_task_checklist` (`assignment_id`, `task_id`, `completed`, `completed_at`) VALUES ('28', '97', '0', NULL);
INSERT INTO `janitor_task_checklist` (`assignment_id`, `task_id`, `completed`, `completed_at`) VALUES ('28', '98', '0', NULL);
INSERT INTO `janitor_task_checklist` (`assignment_id`, `task_id`, `completed`, `completed_at`) VALUES ('28', '99', '0', NULL);
INSERT INTO `janitor_task_checklist` (`assignment_id`, `task_id`, `completed`, `completed_at`) VALUES ('28', '100', '0', NULL);
INSERT INTO `janitor_task_checklist` (`assignment_id`, `task_id`, `completed`, `completed_at`) VALUES ('28', '101', '0', NULL);
INSERT INTO `janitor_task_checklist` (`assignment_id`, `task_id`, `completed`, `completed_at`) VALUES ('28', '102', '0', NULL);
INSERT INTO `janitor_task_checklist` (`assignment_id`, `task_id`, `completed`, `completed_at`) VALUES ('28', '103', '0', NULL);
INSERT INTO `janitor_task_checklist` (`assignment_id`, `task_id`, `completed`, `completed_at`) VALUES ('28', '104', '0', NULL);
INSERT INTO `janitor_task_checklist` (`assignment_id`, `task_id`, `completed`, `completed_at`) VALUES ('28', '105', '0', NULL);
INSERT INTO `janitor_task_checklist` (`assignment_id`, `task_id`, `completed`, `completed_at`) VALUES ('28', '106', '0', NULL);
INSERT INTO `janitor_task_checklist` (`assignment_id`, `task_id`, `completed`, `completed_at`) VALUES ('29', '34', '0', NULL);
INSERT INTO `janitor_task_checklist` (`assignment_id`, `task_id`, `completed`, `completed_at`) VALUES ('29', '35', '0', NULL);
INSERT INTO `janitor_task_checklist` (`assignment_id`, `task_id`, `completed`, `completed_at`) VALUES ('29', '36', '0', NULL);
INSERT INTO `janitor_task_checklist` (`assignment_id`, `task_id`, `completed`, `completed_at`) VALUES ('29', '37', '0', NULL);
INSERT INTO `janitor_task_checklist` (`assignment_id`, `task_id`, `completed`, `completed_at`) VALUES ('29', '38', '0', NULL);
INSERT INTO `janitor_task_checklist` (`assignment_id`, `task_id`, `completed`, `completed_at`) VALUES ('29', '39', '0', NULL);
INSERT INTO `janitor_task_checklist` (`assignment_id`, `task_id`, `completed`, `completed_at`) VALUES ('29', '40', '0', NULL);
INSERT INTO `janitor_task_checklist` (`assignment_id`, `task_id`, `completed`, `completed_at`) VALUES ('29', '41', '0', NULL);
INSERT INTO `janitor_task_checklist` (`assignment_id`, `task_id`, `completed`, `completed_at`) VALUES ('29', '42', '0', NULL);
INSERT INTO `janitor_task_checklist` (`assignment_id`, `task_id`, `completed`, `completed_at`) VALUES ('29', '43', '0', NULL);
INSERT INTO `janitor_task_checklist` (`assignment_id`, `task_id`, `completed`, `completed_at`) VALUES ('29', '44', '0', NULL);
INSERT INTO `janitor_task_checklist` (`assignment_id`, `task_id`, `completed`, `completed_at`) VALUES ('29', '45', '0', NULL);
INSERT INTO `janitor_task_checklist` (`assignment_id`, `task_id`, `completed`, `completed_at`) VALUES ('29', '46', '0', NULL);
INSERT INTO `janitor_task_checklist` (`assignment_id`, `task_id`, `completed`, `completed_at`) VALUES ('29', '47', '0', NULL);
INSERT INTO `janitor_task_checklist` (`assignment_id`, `task_id`, `completed`, `completed_at`) VALUES ('29', '48', '0', NULL);
INSERT INTO `janitor_task_checklist` (`assignment_id`, `task_id`, `completed`, `completed_at`) VALUES ('29', '49', '0', NULL);
INSERT INTO `janitor_task_checklist` (`assignment_id`, `task_id`, `completed`, `completed_at`) VALUES ('29', '50', '0', NULL);
INSERT INTO `janitor_task_checklist` (`assignment_id`, `task_id`, `completed`, `completed_at`) VALUES ('29', '51', '0', NULL);
INSERT INTO `janitor_task_checklist` (`assignment_id`, `task_id`, `completed`, `completed_at`) VALUES ('29', '52', '0', NULL);
INSERT INTO `janitor_task_checklist` (`assignment_id`, `task_id`, `completed`, `completed_at`) VALUES ('29', '53', '0', NULL);
INSERT INTO `janitor_task_checklist` (`assignment_id`, `task_id`, `completed`, `completed_at`) VALUES ('29', '54', '0', NULL);
INSERT INTO `janitor_task_checklist` (`assignment_id`, `task_id`, `completed`, `completed_at`) VALUES ('29', '55', '0', NULL);
INSERT INTO `janitor_task_checklist` (`assignment_id`, `task_id`, `completed`, `completed_at`) VALUES ('29', '56', '0', NULL);
INSERT INTO `janitor_task_checklist` (`assignment_id`, `task_id`, `completed`, `completed_at`) VALUES ('29', '57', '0', NULL);
INSERT INTO `janitor_task_checklist` (`assignment_id`, `task_id`, `completed`, `completed_at`) VALUES ('29', '58', '0', NULL);
INSERT INTO `janitor_task_checklist` (`assignment_id`, `task_id`, `completed`, `completed_at`) VALUES ('29', '59', '0', NULL);
INSERT INTO `janitor_task_checklist` (`assignment_id`, `task_id`, `completed`, `completed_at`) VALUES ('29', '60', '0', NULL);
INSERT INTO `janitor_task_checklist` (`assignment_id`, `task_id`, `completed`, `completed_at`) VALUES ('29', '61', '0', NULL);
INSERT INTO `janitor_task_checklist` (`assignment_id`, `task_id`, `completed`, `completed_at`) VALUES ('29', '62', '0', NULL);
INSERT INTO `janitor_task_checklist` (`assignment_id`, `task_id`, `completed`, `completed_at`) VALUES ('29', '63', '0', NULL);
INSERT INTO `janitor_task_checklist` (`assignment_id`, `task_id`, `completed`, `completed_at`) VALUES ('29', '64', '0', NULL);
INSERT INTO `janitor_task_checklist` (`assignment_id`, `task_id`, `completed`, `completed_at`) VALUES ('29', '65', '0', NULL);
INSERT INTO `janitor_task_checklist` (`assignment_id`, `task_id`, `completed`, `completed_at`) VALUES ('29', '66', '0', NULL);
INSERT INTO `janitor_task_checklist` (`assignment_id`, `task_id`, `completed`, `completed_at`) VALUES ('29', '67', '0', NULL);
INSERT INTO `janitor_task_checklist` (`assignment_id`, `task_id`, `completed`, `completed_at`) VALUES ('29', '68', '0', NULL);
INSERT INTO `janitor_task_checklist` (`assignment_id`, `task_id`, `completed`, `completed_at`) VALUES ('29', '69', '0', NULL);
INSERT INTO `janitor_task_checklist` (`assignment_id`, `task_id`, `completed`, `completed_at`) VALUES ('29', '70', '0', NULL);
INSERT INTO `janitor_task_checklist` (`assignment_id`, `task_id`, `completed`, `completed_at`) VALUES ('29', '71', '0', NULL);
INSERT INTO `janitor_task_checklist` (`assignment_id`, `task_id`, `completed`, `completed_at`) VALUES ('29', '72', '0', NULL);
INSERT INTO `janitor_task_checklist` (`assignment_id`, `task_id`, `completed`, `completed_at`) VALUES ('29', '73', '0', NULL);
INSERT INTO `janitor_task_checklist` (`assignment_id`, `task_id`, `completed`, `completed_at`) VALUES ('29', '74', '0', NULL);
INSERT INTO `janitor_task_checklist` (`assignment_id`, `task_id`, `completed`, `completed_at`) VALUES ('29', '75', '0', NULL);
INSERT INTO `janitor_task_checklist` (`assignment_id`, `task_id`, `completed`, `completed_at`) VALUES ('29', '76', '0', NULL);
INSERT INTO `janitor_task_checklist` (`assignment_id`, `task_id`, `completed`, `completed_at`) VALUES ('29', '77', '0', NULL);
INSERT INTO `janitor_task_checklist` (`assignment_id`, `task_id`, `completed`, `completed_at`) VALUES ('29', '78', '0', NULL);
INSERT INTO `janitor_task_checklist` (`assignment_id`, `task_id`, `completed`, `completed_at`) VALUES ('29', '79', '0', NULL);
INSERT INTO `janitor_task_checklist` (`assignment_id`, `task_id`, `completed`, `completed_at`) VALUES ('29', '80', '0', NULL);
INSERT INTO `janitor_task_checklist` (`assignment_id`, `task_id`, `completed`, `completed_at`) VALUES ('29', '81', '0', NULL);
INSERT INTO `janitor_task_checklist` (`assignment_id`, `task_id`, `completed`, `completed_at`) VALUES ('29', '82', '0', NULL);
INSERT INTO `janitor_task_checklist` (`assignment_id`, `task_id`, `completed`, `completed_at`) VALUES ('29', '83', '0', NULL);
INSERT INTO `janitor_task_checklist` (`assignment_id`, `task_id`, `completed`, `completed_at`) VALUES ('29', '84', '0', NULL);
INSERT INTO `janitor_task_checklist` (`assignment_id`, `task_id`, `completed`, `completed_at`) VALUES ('29', '85', '0', NULL);
INSERT INTO `janitor_task_checklist` (`assignment_id`, `task_id`, `completed`, `completed_at`) VALUES ('29', '86', '0', NULL);
INSERT INTO `janitor_task_checklist` (`assignment_id`, `task_id`, `completed`, `completed_at`) VALUES ('29', '87', '0', NULL);
INSERT INTO `janitor_task_checklist` (`assignment_id`, `task_id`, `completed`, `completed_at`) VALUES ('29', '88', '0', NULL);
INSERT INTO `janitor_task_checklist` (`assignment_id`, `task_id`, `completed`, `completed_at`) VALUES ('29', '89', '0', NULL);
INSERT INTO `janitor_task_checklist` (`assignment_id`, `task_id`, `completed`, `completed_at`) VALUES ('29', '90', '0', NULL);
INSERT INTO `janitor_task_checklist` (`assignment_id`, `task_id`, `completed`, `completed_at`) VALUES ('29', '91', '0', NULL);
INSERT INTO `janitor_task_checklist` (`assignment_id`, `task_id`, `completed`, `completed_at`) VALUES ('29', '92', '0', NULL);
INSERT INTO `janitor_task_checklist` (`assignment_id`, `task_id`, `completed`, `completed_at`) VALUES ('29', '93', '0', NULL);
INSERT INTO `janitor_task_checklist` (`assignment_id`, `task_id`, `completed`, `completed_at`) VALUES ('29', '94', '0', NULL);
INSERT INTO `janitor_task_checklist` (`assignment_id`, `task_id`, `completed`, `completed_at`) VALUES ('29', '95', '0', NULL);
INSERT INTO `janitor_task_checklist` (`assignment_id`, `task_id`, `completed`, `completed_at`) VALUES ('29', '96', '0', NULL);
INSERT INTO `janitor_task_checklist` (`assignment_id`, `task_id`, `completed`, `completed_at`) VALUES ('29', '97', '0', NULL);
INSERT INTO `janitor_task_checklist` (`assignment_id`, `task_id`, `completed`, `completed_at`) VALUES ('29', '98', '0', NULL);
INSERT INTO `janitor_task_checklist` (`assignment_id`, `task_id`, `completed`, `completed_at`) VALUES ('29', '99', '0', NULL);
INSERT INTO `janitor_task_checklist` (`assignment_id`, `task_id`, `completed`, `completed_at`) VALUES ('29', '100', '0', NULL);
INSERT INTO `janitor_task_checklist` (`assignment_id`, `task_id`, `completed`, `completed_at`) VALUES ('29', '101', '0', NULL);
INSERT INTO `janitor_task_checklist` (`assignment_id`, `task_id`, `completed`, `completed_at`) VALUES ('29', '102', '0', NULL);
INSERT INTO `janitor_task_checklist` (`assignment_id`, `task_id`, `completed`, `completed_at`) VALUES ('29', '103', '0', NULL);
INSERT INTO `janitor_task_checklist` (`assignment_id`, `task_id`, `completed`, `completed_at`) VALUES ('29', '104', '0', NULL);
INSERT INTO `janitor_task_checklist` (`assignment_id`, `task_id`, `completed`, `completed_at`) VALUES ('29', '105', '0', NULL);
INSERT INTO `janitor_task_checklist` (`assignment_id`, `task_id`, `completed`, `completed_at`) VALUES ('29', '106', '0', NULL);
INSERT INTO `janitor_task_checklist` (`assignment_id`, `task_id`, `completed`, `completed_at`) VALUES ('30', '34', '0', NULL);
INSERT INTO `janitor_task_checklist` (`assignment_id`, `task_id`, `completed`, `completed_at`) VALUES ('30', '35', '0', NULL);
INSERT INTO `janitor_task_checklist` (`assignment_id`, `task_id`, `completed`, `completed_at`) VALUES ('30', '36', '0', NULL);
INSERT INTO `janitor_task_checklist` (`assignment_id`, `task_id`, `completed`, `completed_at`) VALUES ('30', '37', '0', NULL);
INSERT INTO `janitor_task_checklist` (`assignment_id`, `task_id`, `completed`, `completed_at`) VALUES ('30', '38', '0', NULL);
INSERT INTO `janitor_task_checklist` (`assignment_id`, `task_id`, `completed`, `completed_at`) VALUES ('30', '39', '0', NULL);
INSERT INTO `janitor_task_checklist` (`assignment_id`, `task_id`, `completed`, `completed_at`) VALUES ('30', '40', '0', NULL);
INSERT INTO `janitor_task_checklist` (`assignment_id`, `task_id`, `completed`, `completed_at`) VALUES ('30', '41', '0', NULL);
INSERT INTO `janitor_task_checklist` (`assignment_id`, `task_id`, `completed`, `completed_at`) VALUES ('30', '42', '0', NULL);
INSERT INTO `janitor_task_checklist` (`assignment_id`, `task_id`, `completed`, `completed_at`) VALUES ('30', '43', '0', NULL);
INSERT INTO `janitor_task_checklist` (`assignment_id`, `task_id`, `completed`, `completed_at`) VALUES ('30', '44', '0', NULL);
INSERT INTO `janitor_task_checklist` (`assignment_id`, `task_id`, `completed`, `completed_at`) VALUES ('30', '45', '0', NULL);
INSERT INTO `janitor_task_checklist` (`assignment_id`, `task_id`, `completed`, `completed_at`) VALUES ('30', '46', '0', NULL);
INSERT INTO `janitor_task_checklist` (`assignment_id`, `task_id`, `completed`, `completed_at`) VALUES ('30', '47', '0', NULL);
INSERT INTO `janitor_task_checklist` (`assignment_id`, `task_id`, `completed`, `completed_at`) VALUES ('30', '48', '0', NULL);
INSERT INTO `janitor_task_checklist` (`assignment_id`, `task_id`, `completed`, `completed_at`) VALUES ('30', '49', '0', NULL);
INSERT INTO `janitor_task_checklist` (`assignment_id`, `task_id`, `completed`, `completed_at`) VALUES ('30', '50', '0', NULL);
INSERT INTO `janitor_task_checklist` (`assignment_id`, `task_id`, `completed`, `completed_at`) VALUES ('30', '51', '0', NULL);
INSERT INTO `janitor_task_checklist` (`assignment_id`, `task_id`, `completed`, `completed_at`) VALUES ('30', '52', '0', NULL);
INSERT INTO `janitor_task_checklist` (`assignment_id`, `task_id`, `completed`, `completed_at`) VALUES ('30', '53', '0', NULL);
INSERT INTO `janitor_task_checklist` (`assignment_id`, `task_id`, `completed`, `completed_at`) VALUES ('30', '54', '0', NULL);
INSERT INTO `janitor_task_checklist` (`assignment_id`, `task_id`, `completed`, `completed_at`) VALUES ('30', '55', '0', NULL);
INSERT INTO `janitor_task_checklist` (`assignment_id`, `task_id`, `completed`, `completed_at`) VALUES ('30', '56', '0', NULL);
INSERT INTO `janitor_task_checklist` (`assignment_id`, `task_id`, `completed`, `completed_at`) VALUES ('30', '57', '0', NULL);
INSERT INTO `janitor_task_checklist` (`assignment_id`, `task_id`, `completed`, `completed_at`) VALUES ('30', '58', '0', NULL);
INSERT INTO `janitor_task_checklist` (`assignment_id`, `task_id`, `completed`, `completed_at`) VALUES ('30', '59', '0', NULL);
INSERT INTO `janitor_task_checklist` (`assignment_id`, `task_id`, `completed`, `completed_at`) VALUES ('30', '60', '0', NULL);
INSERT INTO `janitor_task_checklist` (`assignment_id`, `task_id`, `completed`, `completed_at`) VALUES ('30', '61', '0', NULL);
INSERT INTO `janitor_task_checklist` (`assignment_id`, `task_id`, `completed`, `completed_at`) VALUES ('30', '62', '0', NULL);
INSERT INTO `janitor_task_checklist` (`assignment_id`, `task_id`, `completed`, `completed_at`) VALUES ('30', '63', '0', NULL);
INSERT INTO `janitor_task_checklist` (`assignment_id`, `task_id`, `completed`, `completed_at`) VALUES ('30', '64', '0', NULL);
INSERT INTO `janitor_task_checklist` (`assignment_id`, `task_id`, `completed`, `completed_at`) VALUES ('30', '65', '0', NULL);
INSERT INTO `janitor_task_checklist` (`assignment_id`, `task_id`, `completed`, `completed_at`) VALUES ('30', '66', '0', NULL);
INSERT INTO `janitor_task_checklist` (`assignment_id`, `task_id`, `completed`, `completed_at`) VALUES ('30', '67', '0', NULL);
INSERT INTO `janitor_task_checklist` (`assignment_id`, `task_id`, `completed`, `completed_at`) VALUES ('30', '68', '0', NULL);
INSERT INTO `janitor_task_checklist` (`assignment_id`, `task_id`, `completed`, `completed_at`) VALUES ('30', '69', '0', NULL);
INSERT INTO `janitor_task_checklist` (`assignment_id`, `task_id`, `completed`, `completed_at`) VALUES ('30', '70', '0', NULL);
INSERT INTO `janitor_task_checklist` (`assignment_id`, `task_id`, `completed`, `completed_at`) VALUES ('30', '71', '0', NULL);
INSERT INTO `janitor_task_checklist` (`assignment_id`, `task_id`, `completed`, `completed_at`) VALUES ('30', '72', '0', NULL);
INSERT INTO `janitor_task_checklist` (`assignment_id`, `task_id`, `completed`, `completed_at`) VALUES ('30', '73', '0', NULL);
INSERT INTO `janitor_task_checklist` (`assignment_id`, `task_id`, `completed`, `completed_at`) VALUES ('30', '74', '0', NULL);
INSERT INTO `janitor_task_checklist` (`assignment_id`, `task_id`, `completed`, `completed_at`) VALUES ('30', '75', '0', NULL);
INSERT INTO `janitor_task_checklist` (`assignment_id`, `task_id`, `completed`, `completed_at`) VALUES ('30', '76', '0', NULL);
INSERT INTO `janitor_task_checklist` (`assignment_id`, `task_id`, `completed`, `completed_at`) VALUES ('30', '77', '0', NULL);
INSERT INTO `janitor_task_checklist` (`assignment_id`, `task_id`, `completed`, `completed_at`) VALUES ('30', '78', '0', NULL);
INSERT INTO `janitor_task_checklist` (`assignment_id`, `task_id`, `completed`, `completed_at`) VALUES ('30', '79', '0', NULL);
INSERT INTO `janitor_task_checklist` (`assignment_id`, `task_id`, `completed`, `completed_at`) VALUES ('30', '80', '0', NULL);
INSERT INTO `janitor_task_checklist` (`assignment_id`, `task_id`, `completed`, `completed_at`) VALUES ('30', '81', '0', NULL);
INSERT INTO `janitor_task_checklist` (`assignment_id`, `task_id`, `completed`, `completed_at`) VALUES ('30', '82', '0', NULL);
INSERT INTO `janitor_task_checklist` (`assignment_id`, `task_id`, `completed`, `completed_at`) VALUES ('30', '83', '0', NULL);
INSERT INTO `janitor_task_checklist` (`assignment_id`, `task_id`, `completed`, `completed_at`) VALUES ('30', '84', '0', NULL);
INSERT INTO `janitor_task_checklist` (`assignment_id`, `task_id`, `completed`, `completed_at`) VALUES ('30', '85', '0', NULL);
INSERT INTO `janitor_task_checklist` (`assignment_id`, `task_id`, `completed`, `completed_at`) VALUES ('30', '86', '0', NULL);
INSERT INTO `janitor_task_checklist` (`assignment_id`, `task_id`, `completed`, `completed_at`) VALUES ('30', '87', '0', NULL);
INSERT INTO `janitor_task_checklist` (`assignment_id`, `task_id`, `completed`, `completed_at`) VALUES ('30', '88', '0', NULL);
INSERT INTO `janitor_task_checklist` (`assignment_id`, `task_id`, `completed`, `completed_at`) VALUES ('30', '89', '0', NULL);
INSERT INTO `janitor_task_checklist` (`assignment_id`, `task_id`, `completed`, `completed_at`) VALUES ('30', '90', '0', NULL);
INSERT INTO `janitor_task_checklist` (`assignment_id`, `task_id`, `completed`, `completed_at`) VALUES ('30', '91', '0', NULL);
INSERT INTO `janitor_task_checklist` (`assignment_id`, `task_id`, `completed`, `completed_at`) VALUES ('30', '92', '0', NULL);
INSERT INTO `janitor_task_checklist` (`assignment_id`, `task_id`, `completed`, `completed_at`) VALUES ('30', '93', '0', NULL);
INSERT INTO `janitor_task_checklist` (`assignment_id`, `task_id`, `completed`, `completed_at`) VALUES ('30', '94', '0', NULL);
INSERT INTO `janitor_task_checklist` (`assignment_id`, `task_id`, `completed`, `completed_at`) VALUES ('30', '95', '0', NULL);
INSERT INTO `janitor_task_checklist` (`assignment_id`, `task_id`, `completed`, `completed_at`) VALUES ('30', '96', '0', NULL);
INSERT INTO `janitor_task_checklist` (`assignment_id`, `task_id`, `completed`, `completed_at`) VALUES ('30', '97', '0', NULL);
INSERT INTO `janitor_task_checklist` (`assignment_id`, `task_id`, `completed`, `completed_at`) VALUES ('30', '98', '0', NULL);
INSERT INTO `janitor_task_checklist` (`assignment_id`, `task_id`, `completed`, `completed_at`) VALUES ('30', '99', '0', NULL);
INSERT INTO `janitor_task_checklist` (`assignment_id`, `task_id`, `completed`, `completed_at`) VALUES ('30', '100', '0', NULL);
INSERT INTO `janitor_task_checklist` (`assignment_id`, `task_id`, `completed`, `completed_at`) VALUES ('30', '101', '0', NULL);
INSERT INTO `janitor_task_checklist` (`assignment_id`, `task_id`, `completed`, `completed_at`) VALUES ('30', '102', '0', NULL);
INSERT INTO `janitor_task_checklist` (`assignment_id`, `task_id`, `completed`, `completed_at`) VALUES ('30', '103', '0', NULL);
INSERT INTO `janitor_task_checklist` (`assignment_id`, `task_id`, `completed`, `completed_at`) VALUES ('30', '104', '0', NULL);
INSERT INTO `janitor_task_checklist` (`assignment_id`, `task_id`, `completed`, `completed_at`) VALUES ('30', '105', '0', NULL);
INSERT INTO `janitor_task_checklist` (`assignment_id`, `task_id`, `completed`, `completed_at`) VALUES ('30', '106', '0', NULL);
INSERT INTO `janitor_task_checklist` (`assignment_id`, `task_id`, `completed`, `completed_at`) VALUES ('31', '34', '0', NULL);
INSERT INTO `janitor_task_checklist` (`assignment_id`, `task_id`, `completed`, `completed_at`) VALUES ('31', '35', '0', NULL);
INSERT INTO `janitor_task_checklist` (`assignment_id`, `task_id`, `completed`, `completed_at`) VALUES ('31', '36', '0', NULL);
INSERT INTO `janitor_task_checklist` (`assignment_id`, `task_id`, `completed`, `completed_at`) VALUES ('31', '37', '0', NULL);
INSERT INTO `janitor_task_checklist` (`assignment_id`, `task_id`, `completed`, `completed_at`) VALUES ('31', '38', '0', NULL);
INSERT INTO `janitor_task_checklist` (`assignment_id`, `task_id`, `completed`, `completed_at`) VALUES ('31', '39', '0', NULL);
INSERT INTO `janitor_task_checklist` (`assignment_id`, `task_id`, `completed`, `completed_at`) VALUES ('31', '40', '0', NULL);
INSERT INTO `janitor_task_checklist` (`assignment_id`, `task_id`, `completed`, `completed_at`) VALUES ('31', '41', '0', NULL);
INSERT INTO `janitor_task_checklist` (`assignment_id`, `task_id`, `completed`, `completed_at`) VALUES ('31', '42', '0', NULL);
INSERT INTO `janitor_task_checklist` (`assignment_id`, `task_id`, `completed`, `completed_at`) VALUES ('31', '43', '0', NULL);
INSERT INTO `janitor_task_checklist` (`assignment_id`, `task_id`, `completed`, `completed_at`) VALUES ('31', '44', '0', NULL);
INSERT INTO `janitor_task_checklist` (`assignment_id`, `task_id`, `completed`, `completed_at`) VALUES ('31', '45', '0', NULL);
INSERT INTO `janitor_task_checklist` (`assignment_id`, `task_id`, `completed`, `completed_at`) VALUES ('31', '46', '0', NULL);
INSERT INTO `janitor_task_checklist` (`assignment_id`, `task_id`, `completed`, `completed_at`) VALUES ('31', '47', '0', NULL);
INSERT INTO `janitor_task_checklist` (`assignment_id`, `task_id`, `completed`, `completed_at`) VALUES ('31', '48', '0', NULL);
INSERT INTO `janitor_task_checklist` (`assignment_id`, `task_id`, `completed`, `completed_at`) VALUES ('31', '49', '0', NULL);
INSERT INTO `janitor_task_checklist` (`assignment_id`, `task_id`, `completed`, `completed_at`) VALUES ('31', '50', '0', NULL);
INSERT INTO `janitor_task_checklist` (`assignment_id`, `task_id`, `completed`, `completed_at`) VALUES ('31', '51', '0', NULL);
INSERT INTO `janitor_task_checklist` (`assignment_id`, `task_id`, `completed`, `completed_at`) VALUES ('31', '52', '0', NULL);
INSERT INTO `janitor_task_checklist` (`assignment_id`, `task_id`, `completed`, `completed_at`) VALUES ('31', '53', '0', NULL);
INSERT INTO `janitor_task_checklist` (`assignment_id`, `task_id`, `completed`, `completed_at`) VALUES ('31', '54', '0', NULL);
INSERT INTO `janitor_task_checklist` (`assignment_id`, `task_id`, `completed`, `completed_at`) VALUES ('31', '55', '0', NULL);
INSERT INTO `janitor_task_checklist` (`assignment_id`, `task_id`, `completed`, `completed_at`) VALUES ('31', '56', '0', NULL);
INSERT INTO `janitor_task_checklist` (`assignment_id`, `task_id`, `completed`, `completed_at`) VALUES ('31', '57', '0', NULL);
INSERT INTO `janitor_task_checklist` (`assignment_id`, `task_id`, `completed`, `completed_at`) VALUES ('31', '58', '0', NULL);
INSERT INTO `janitor_task_checklist` (`assignment_id`, `task_id`, `completed`, `completed_at`) VALUES ('31', '59', '0', NULL);
INSERT INTO `janitor_task_checklist` (`assignment_id`, `task_id`, `completed`, `completed_at`) VALUES ('31', '60', '0', NULL);
INSERT INTO `janitor_task_checklist` (`assignment_id`, `task_id`, `completed`, `completed_at`) VALUES ('31', '61', '0', NULL);
INSERT INTO `janitor_task_checklist` (`assignment_id`, `task_id`, `completed`, `completed_at`) VALUES ('31', '62', '0', NULL);
INSERT INTO `janitor_task_checklist` (`assignment_id`, `task_id`, `completed`, `completed_at`) VALUES ('31', '63', '0', NULL);
INSERT INTO `janitor_task_checklist` (`assignment_id`, `task_id`, `completed`, `completed_at`) VALUES ('31', '64', '0', NULL);
INSERT INTO `janitor_task_checklist` (`assignment_id`, `task_id`, `completed`, `completed_at`) VALUES ('31', '65', '0', NULL);
INSERT INTO `janitor_task_checklist` (`assignment_id`, `task_id`, `completed`, `completed_at`) VALUES ('31', '66', '0', NULL);
INSERT INTO `janitor_task_checklist` (`assignment_id`, `task_id`, `completed`, `completed_at`) VALUES ('31', '67', '0', NULL);
INSERT INTO `janitor_task_checklist` (`assignment_id`, `task_id`, `completed`, `completed_at`) VALUES ('31', '68', '0', NULL);
INSERT INTO `janitor_task_checklist` (`assignment_id`, `task_id`, `completed`, `completed_at`) VALUES ('31', '69', '0', NULL);
INSERT INTO `janitor_task_checklist` (`assignment_id`, `task_id`, `completed`, `completed_at`) VALUES ('31', '70', '0', NULL);
INSERT INTO `janitor_task_checklist` (`assignment_id`, `task_id`, `completed`, `completed_at`) VALUES ('31', '71', '0', NULL);
INSERT INTO `janitor_task_checklist` (`assignment_id`, `task_id`, `completed`, `completed_at`) VALUES ('31', '72', '0', NULL);
INSERT INTO `janitor_task_checklist` (`assignment_id`, `task_id`, `completed`, `completed_at`) VALUES ('31', '73', '0', NULL);
INSERT INTO `janitor_task_checklist` (`assignment_id`, `task_id`, `completed`, `completed_at`) VALUES ('31', '74', '0', NULL);
INSERT INTO `janitor_task_checklist` (`assignment_id`, `task_id`, `completed`, `completed_at`) VALUES ('31', '75', '0', NULL);
INSERT INTO `janitor_task_checklist` (`assignment_id`, `task_id`, `completed`, `completed_at`) VALUES ('31', '76', '0', NULL);
INSERT INTO `janitor_task_checklist` (`assignment_id`, `task_id`, `completed`, `completed_at`) VALUES ('31', '77', '0', NULL);
INSERT INTO `janitor_task_checklist` (`assignment_id`, `task_id`, `completed`, `completed_at`) VALUES ('31', '78', '0', NULL);
INSERT INTO `janitor_task_checklist` (`assignment_id`, `task_id`, `completed`, `completed_at`) VALUES ('31', '79', '0', NULL);
INSERT INTO `janitor_task_checklist` (`assignment_id`, `task_id`, `completed`, `completed_at`) VALUES ('31', '80', '0', NULL);
INSERT INTO `janitor_task_checklist` (`assignment_id`, `task_id`, `completed`, `completed_at`) VALUES ('31', '81', '0', NULL);
INSERT INTO `janitor_task_checklist` (`assignment_id`, `task_id`, `completed`, `completed_at`) VALUES ('31', '82', '0', NULL);
INSERT INTO `janitor_task_checklist` (`assignment_id`, `task_id`, `completed`, `completed_at`) VALUES ('31', '83', '0', NULL);
INSERT INTO `janitor_task_checklist` (`assignment_id`, `task_id`, `completed`, `completed_at`) VALUES ('31', '84', '0', NULL);
INSERT INTO `janitor_task_checklist` (`assignment_id`, `task_id`, `completed`, `completed_at`) VALUES ('31', '85', '0', NULL);
INSERT INTO `janitor_task_checklist` (`assignment_id`, `task_id`, `completed`, `completed_at`) VALUES ('31', '86', '0', NULL);
INSERT INTO `janitor_task_checklist` (`assignment_id`, `task_id`, `completed`, `completed_at`) VALUES ('31', '87', '0', NULL);
INSERT INTO `janitor_task_checklist` (`assignment_id`, `task_id`, `completed`, `completed_at`) VALUES ('31', '88', '0', NULL);
INSERT INTO `janitor_task_checklist` (`assignment_id`, `task_id`, `completed`, `completed_at`) VALUES ('31', '89', '0', NULL);
INSERT INTO `janitor_task_checklist` (`assignment_id`, `task_id`, `completed`, `completed_at`) VALUES ('31', '90', '0', NULL);
INSERT INTO `janitor_task_checklist` (`assignment_id`, `task_id`, `completed`, `completed_at`) VALUES ('31', '91', '0', NULL);
INSERT INTO `janitor_task_checklist` (`assignment_id`, `task_id`, `completed`, `completed_at`) VALUES ('31', '92', '0', NULL);
INSERT INTO `janitor_task_checklist` (`assignment_id`, `task_id`, `completed`, `completed_at`) VALUES ('31', '93', '0', NULL);
INSERT INTO `janitor_task_checklist` (`assignment_id`, `task_id`, `completed`, `completed_at`) VALUES ('31', '94', '0', NULL);
INSERT INTO `janitor_task_checklist` (`assignment_id`, `task_id`, `completed`, `completed_at`) VALUES ('31', '95', '0', NULL);
INSERT INTO `janitor_task_checklist` (`assignment_id`, `task_id`, `completed`, `completed_at`) VALUES ('31', '96', '0', NULL);
INSERT INTO `janitor_task_checklist` (`assignment_id`, `task_id`, `completed`, `completed_at`) VALUES ('31', '97', '0', NULL);
INSERT INTO `janitor_task_checklist` (`assignment_id`, `task_id`, `completed`, `completed_at`) VALUES ('31', '98', '0', NULL);
INSERT INTO `janitor_task_checklist` (`assignment_id`, `task_id`, `completed`, `completed_at`) VALUES ('31', '99', '0', NULL);
INSERT INTO `janitor_task_checklist` (`assignment_id`, `task_id`, `completed`, `completed_at`) VALUES ('31', '100', '0', NULL);
INSERT INTO `janitor_task_checklist` (`assignment_id`, `task_id`, `completed`, `completed_at`) VALUES ('31', '101', '0', NULL);
INSERT INTO `janitor_task_checklist` (`assignment_id`, `task_id`, `completed`, `completed_at`) VALUES ('31', '102', '0', NULL);
INSERT INTO `janitor_task_checklist` (`assignment_id`, `task_id`, `completed`, `completed_at`) VALUES ('31', '103', '0', NULL);
INSERT INTO `janitor_task_checklist` (`assignment_id`, `task_id`, `completed`, `completed_at`) VALUES ('31', '104', '0', NULL);
INSERT INTO `janitor_task_checklist` (`assignment_id`, `task_id`, `completed`, `completed_at`) VALUES ('31', '105', '0', NULL);
INSERT INTO `janitor_task_checklist` (`assignment_id`, `task_id`, `completed`, `completed_at`) VALUES ('31', '106', '0', NULL);
INSERT INTO `janitor_task_checklist` (`assignment_id`, `task_id`, `completed`, `completed_at`) VALUES ('32', '34', '0', NULL);
INSERT INTO `janitor_task_checklist` (`assignment_id`, `task_id`, `completed`, `completed_at`) VALUES ('32', '35', '0', NULL);
INSERT INTO `janitor_task_checklist` (`assignment_id`, `task_id`, `completed`, `completed_at`) VALUES ('32', '36', '0', NULL);
INSERT INTO `janitor_task_checklist` (`assignment_id`, `task_id`, `completed`, `completed_at`) VALUES ('32', '37', '0', NULL);
INSERT INTO `janitor_task_checklist` (`assignment_id`, `task_id`, `completed`, `completed_at`) VALUES ('32', '38', '0', NULL);
INSERT INTO `janitor_task_checklist` (`assignment_id`, `task_id`, `completed`, `completed_at`) VALUES ('32', '39', '0', NULL);
INSERT INTO `janitor_task_checklist` (`assignment_id`, `task_id`, `completed`, `completed_at`) VALUES ('32', '40', '0', NULL);
INSERT INTO `janitor_task_checklist` (`assignment_id`, `task_id`, `completed`, `completed_at`) VALUES ('32', '41', '0', NULL);
INSERT INTO `janitor_task_checklist` (`assignment_id`, `task_id`, `completed`, `completed_at`) VALUES ('32', '42', '0', NULL);
INSERT INTO `janitor_task_checklist` (`assignment_id`, `task_id`, `completed`, `completed_at`) VALUES ('32', '43', '0', NULL);
INSERT INTO `janitor_task_checklist` (`assignment_id`, `task_id`, `completed`, `completed_at`) VALUES ('32', '44', '0', NULL);
INSERT INTO `janitor_task_checklist` (`assignment_id`, `task_id`, `completed`, `completed_at`) VALUES ('32', '45', '0', NULL);
INSERT INTO `janitor_task_checklist` (`assignment_id`, `task_id`, `completed`, `completed_at`) VALUES ('32', '46', '0', NULL);
INSERT INTO `janitor_task_checklist` (`assignment_id`, `task_id`, `completed`, `completed_at`) VALUES ('32', '47', '0', NULL);
INSERT INTO `janitor_task_checklist` (`assignment_id`, `task_id`, `completed`, `completed_at`) VALUES ('32', '48', '0', NULL);
INSERT INTO `janitor_task_checklist` (`assignment_id`, `task_id`, `completed`, `completed_at`) VALUES ('32', '49', '0', NULL);
INSERT INTO `janitor_task_checklist` (`assignment_id`, `task_id`, `completed`, `completed_at`) VALUES ('32', '50', '0', NULL);
INSERT INTO `janitor_task_checklist` (`assignment_id`, `task_id`, `completed`, `completed_at`) VALUES ('32', '51', '0', NULL);
INSERT INTO `janitor_task_checklist` (`assignment_id`, `task_id`, `completed`, `completed_at`) VALUES ('32', '52', '0', NULL);
INSERT INTO `janitor_task_checklist` (`assignment_id`, `task_id`, `completed`, `completed_at`) VALUES ('32', '53', '0', NULL);
INSERT INTO `janitor_task_checklist` (`assignment_id`, `task_id`, `completed`, `completed_at`) VALUES ('32', '54', '0', NULL);
INSERT INTO `janitor_task_checklist` (`assignment_id`, `task_id`, `completed`, `completed_at`) VALUES ('32', '55', '0', NULL);
INSERT INTO `janitor_task_checklist` (`assignment_id`, `task_id`, `completed`, `completed_at`) VALUES ('32', '56', '0', NULL);
INSERT INTO `janitor_task_checklist` (`assignment_id`, `task_id`, `completed`, `completed_at`) VALUES ('32', '57', '0', NULL);
INSERT INTO `janitor_task_checklist` (`assignment_id`, `task_id`, `completed`, `completed_at`) VALUES ('32', '58', '0', NULL);
INSERT INTO `janitor_task_checklist` (`assignment_id`, `task_id`, `completed`, `completed_at`) VALUES ('32', '59', '0', NULL);
INSERT INTO `janitor_task_checklist` (`assignment_id`, `task_id`, `completed`, `completed_at`) VALUES ('32', '60', '0', NULL);
INSERT INTO `janitor_task_checklist` (`assignment_id`, `task_id`, `completed`, `completed_at`) VALUES ('32', '61', '0', NULL);
INSERT INTO `janitor_task_checklist` (`assignment_id`, `task_id`, `completed`, `completed_at`) VALUES ('32', '62', '0', NULL);
INSERT INTO `janitor_task_checklist` (`assignment_id`, `task_id`, `completed`, `completed_at`) VALUES ('32', '63', '0', NULL);
INSERT INTO `janitor_task_checklist` (`assignment_id`, `task_id`, `completed`, `completed_at`) VALUES ('32', '64', '0', NULL);
INSERT INTO `janitor_task_checklist` (`assignment_id`, `task_id`, `completed`, `completed_at`) VALUES ('32', '65', '0', NULL);
INSERT INTO `janitor_task_checklist` (`assignment_id`, `task_id`, `completed`, `completed_at`) VALUES ('32', '66', '0', NULL);
INSERT INTO `janitor_task_checklist` (`assignment_id`, `task_id`, `completed`, `completed_at`) VALUES ('32', '67', '0', NULL);
INSERT INTO `janitor_task_checklist` (`assignment_id`, `task_id`, `completed`, `completed_at`) VALUES ('32', '68', '0', NULL);
INSERT INTO `janitor_task_checklist` (`assignment_id`, `task_id`, `completed`, `completed_at`) VALUES ('32', '69', '0', NULL);
INSERT INTO `janitor_task_checklist` (`assignment_id`, `task_id`, `completed`, `completed_at`) VALUES ('32', '70', '0', NULL);
INSERT INTO `janitor_task_checklist` (`assignment_id`, `task_id`, `completed`, `completed_at`) VALUES ('32', '71', '0', NULL);
INSERT INTO `janitor_task_checklist` (`assignment_id`, `task_id`, `completed`, `completed_at`) VALUES ('32', '72', '0', NULL);
INSERT INTO `janitor_task_checklist` (`assignment_id`, `task_id`, `completed`, `completed_at`) VALUES ('32', '73', '0', NULL);
INSERT INTO `janitor_task_checklist` (`assignment_id`, `task_id`, `completed`, `completed_at`) VALUES ('32', '74', '0', NULL);
INSERT INTO `janitor_task_checklist` (`assignment_id`, `task_id`, `completed`, `completed_at`) VALUES ('32', '75', '0', NULL);
INSERT INTO `janitor_task_checklist` (`assignment_id`, `task_id`, `completed`, `completed_at`) VALUES ('32', '76', '0', NULL);
INSERT INTO `janitor_task_checklist` (`assignment_id`, `task_id`, `completed`, `completed_at`) VALUES ('32', '77', '0', NULL);
INSERT INTO `janitor_task_checklist` (`assignment_id`, `task_id`, `completed`, `completed_at`) VALUES ('32', '78', '0', NULL);
INSERT INTO `janitor_task_checklist` (`assignment_id`, `task_id`, `completed`, `completed_at`) VALUES ('32', '79', '0', NULL);
INSERT INTO `janitor_task_checklist` (`assignment_id`, `task_id`, `completed`, `completed_at`) VALUES ('32', '80', '0', NULL);
INSERT INTO `janitor_task_checklist` (`assignment_id`, `task_id`, `completed`, `completed_at`) VALUES ('32', '81', '0', NULL);
INSERT INTO `janitor_task_checklist` (`assignment_id`, `task_id`, `completed`, `completed_at`) VALUES ('32', '82', '0', NULL);
INSERT INTO `janitor_task_checklist` (`assignment_id`, `task_id`, `completed`, `completed_at`) VALUES ('32', '83', '0', NULL);
INSERT INTO `janitor_task_checklist` (`assignment_id`, `task_id`, `completed`, `completed_at`) VALUES ('32', '84', '0', NULL);
INSERT INTO `janitor_task_checklist` (`assignment_id`, `task_id`, `completed`, `completed_at`) VALUES ('32', '85', '0', NULL);
INSERT INTO `janitor_task_checklist` (`assignment_id`, `task_id`, `completed`, `completed_at`) VALUES ('32', '86', '0', NULL);
INSERT INTO `janitor_task_checklist` (`assignment_id`, `task_id`, `completed`, `completed_at`) VALUES ('32', '87', '0', NULL);
INSERT INTO `janitor_task_checklist` (`assignment_id`, `task_id`, `completed`, `completed_at`) VALUES ('32', '88', '0', NULL);
INSERT INTO `janitor_task_checklist` (`assignment_id`, `task_id`, `completed`, `completed_at`) VALUES ('32', '89', '0', NULL);
INSERT INTO `janitor_task_checklist` (`assignment_id`, `task_id`, `completed`, `completed_at`) VALUES ('32', '90', '0', NULL);
INSERT INTO `janitor_task_checklist` (`assignment_id`, `task_id`, `completed`, `completed_at`) VALUES ('32', '91', '0', NULL);
INSERT INTO `janitor_task_checklist` (`assignment_id`, `task_id`, `completed`, `completed_at`) VALUES ('32', '92', '0', NULL);
INSERT INTO `janitor_task_checklist` (`assignment_id`, `task_id`, `completed`, `completed_at`) VALUES ('32', '93', '0', NULL);
INSERT INTO `janitor_task_checklist` (`assignment_id`, `task_id`, `completed`, `completed_at`) VALUES ('32', '94', '0', NULL);
INSERT INTO `janitor_task_checklist` (`assignment_id`, `task_id`, `completed`, `completed_at`) VALUES ('32', '95', '0', NULL);
INSERT INTO `janitor_task_checklist` (`assignment_id`, `task_id`, `completed`, `completed_at`) VALUES ('32', '96', '0', NULL);
INSERT INTO `janitor_task_checklist` (`assignment_id`, `task_id`, `completed`, `completed_at`) VALUES ('32', '97', '0', NULL);
INSERT INTO `janitor_task_checklist` (`assignment_id`, `task_id`, `completed`, `completed_at`) VALUES ('32', '98', '0', NULL);
INSERT INTO `janitor_task_checklist` (`assignment_id`, `task_id`, `completed`, `completed_at`) VALUES ('32', '99', '0', NULL);
INSERT INTO `janitor_task_checklist` (`assignment_id`, `task_id`, `completed`, `completed_at`) VALUES ('32', '100', '0', NULL);
INSERT INTO `janitor_task_checklist` (`assignment_id`, `task_id`, `completed`, `completed_at`) VALUES ('32', '101', '0', NULL);
INSERT INTO `janitor_task_checklist` (`assignment_id`, `task_id`, `completed`, `completed_at`) VALUES ('32', '102', '0', NULL);
INSERT INTO `janitor_task_checklist` (`assignment_id`, `task_id`, `completed`, `completed_at`) VALUES ('32', '103', '0', NULL);
INSERT INTO `janitor_task_checklist` (`assignment_id`, `task_id`, `completed`, `completed_at`) VALUES ('32', '104', '0', NULL);
INSERT INTO `janitor_task_checklist` (`assignment_id`, `task_id`, `completed`, `completed_at`) VALUES ('32', '105', '0', NULL);
INSERT INTO `janitor_task_checklist` (`assignment_id`, `task_id`, `completed`, `completed_at`) VALUES ('32', '106', '0', NULL);
INSERT INTO `janitor_task_checklist` (`assignment_id`, `task_id`, `completed`, `completed_at`) VALUES ('33', '34', '0', NULL);
INSERT INTO `janitor_task_checklist` (`assignment_id`, `task_id`, `completed`, `completed_at`) VALUES ('33', '35', '0', NULL);
INSERT INTO `janitor_task_checklist` (`assignment_id`, `task_id`, `completed`, `completed_at`) VALUES ('33', '36', '0', NULL);
INSERT INTO `janitor_task_checklist` (`assignment_id`, `task_id`, `completed`, `completed_at`) VALUES ('33', '37', '0', NULL);
INSERT INTO `janitor_task_checklist` (`assignment_id`, `task_id`, `completed`, `completed_at`) VALUES ('33', '38', '0', NULL);
INSERT INTO `janitor_task_checklist` (`assignment_id`, `task_id`, `completed`, `completed_at`) VALUES ('33', '39', '0', NULL);
INSERT INTO `janitor_task_checklist` (`assignment_id`, `task_id`, `completed`, `completed_at`) VALUES ('33', '40', '0', NULL);
INSERT INTO `janitor_task_checklist` (`assignment_id`, `task_id`, `completed`, `completed_at`) VALUES ('33', '41', '0', NULL);
INSERT INTO `janitor_task_checklist` (`assignment_id`, `task_id`, `completed`, `completed_at`) VALUES ('33', '42', '0', NULL);
INSERT INTO `janitor_task_checklist` (`assignment_id`, `task_id`, `completed`, `completed_at`) VALUES ('33', '43', '0', NULL);
INSERT INTO `janitor_task_checklist` (`assignment_id`, `task_id`, `completed`, `completed_at`) VALUES ('33', '44', '0', NULL);
INSERT INTO `janitor_task_checklist` (`assignment_id`, `task_id`, `completed`, `completed_at`) VALUES ('33', '45', '0', NULL);
INSERT INTO `janitor_task_checklist` (`assignment_id`, `task_id`, `completed`, `completed_at`) VALUES ('33', '46', '0', NULL);
INSERT INTO `janitor_task_checklist` (`assignment_id`, `task_id`, `completed`, `completed_at`) VALUES ('33', '47', '0', NULL);
INSERT INTO `janitor_task_checklist` (`assignment_id`, `task_id`, `completed`, `completed_at`) VALUES ('33', '48', '0', NULL);
INSERT INTO `janitor_task_checklist` (`assignment_id`, `task_id`, `completed`, `completed_at`) VALUES ('33', '49', '0', NULL);
INSERT INTO `janitor_task_checklist` (`assignment_id`, `task_id`, `completed`, `completed_at`) VALUES ('33', '50', '0', NULL);
INSERT INTO `janitor_task_checklist` (`assignment_id`, `task_id`, `completed`, `completed_at`) VALUES ('33', '51', '0', NULL);
INSERT INTO `janitor_task_checklist` (`assignment_id`, `task_id`, `completed`, `completed_at`) VALUES ('33', '52', '0', NULL);
INSERT INTO `janitor_task_checklist` (`assignment_id`, `task_id`, `completed`, `completed_at`) VALUES ('33', '53', '0', NULL);
INSERT INTO `janitor_task_checklist` (`assignment_id`, `task_id`, `completed`, `completed_at`) VALUES ('33', '54', '0', NULL);
INSERT INTO `janitor_task_checklist` (`assignment_id`, `task_id`, `completed`, `completed_at`) VALUES ('33', '55', '0', NULL);
INSERT INTO `janitor_task_checklist` (`assignment_id`, `task_id`, `completed`, `completed_at`) VALUES ('33', '56', '0', NULL);
INSERT INTO `janitor_task_checklist` (`assignment_id`, `task_id`, `completed`, `completed_at`) VALUES ('33', '57', '0', NULL);
INSERT INTO `janitor_task_checklist` (`assignment_id`, `task_id`, `completed`, `completed_at`) VALUES ('33', '58', '0', NULL);
INSERT INTO `janitor_task_checklist` (`assignment_id`, `task_id`, `completed`, `completed_at`) VALUES ('33', '59', '0', NULL);
INSERT INTO `janitor_task_checklist` (`assignment_id`, `task_id`, `completed`, `completed_at`) VALUES ('33', '60', '0', NULL);
INSERT INTO `janitor_task_checklist` (`assignment_id`, `task_id`, `completed`, `completed_at`) VALUES ('33', '61', '0', NULL);
INSERT INTO `janitor_task_checklist` (`assignment_id`, `task_id`, `completed`, `completed_at`) VALUES ('33', '62', '0', NULL);
INSERT INTO `janitor_task_checklist` (`assignment_id`, `task_id`, `completed`, `completed_at`) VALUES ('33', '63', '0', NULL);
INSERT INTO `janitor_task_checklist` (`assignment_id`, `task_id`, `completed`, `completed_at`) VALUES ('33', '64', '0', NULL);
INSERT INTO `janitor_task_checklist` (`assignment_id`, `task_id`, `completed`, `completed_at`) VALUES ('33', '65', '0', NULL);
INSERT INTO `janitor_task_checklist` (`assignment_id`, `task_id`, `completed`, `completed_at`) VALUES ('33', '66', '0', NULL);
INSERT INTO `janitor_task_checklist` (`assignment_id`, `task_id`, `completed`, `completed_at`) VALUES ('33', '67', '0', NULL);
INSERT INTO `janitor_task_checklist` (`assignment_id`, `task_id`, `completed`, `completed_at`) VALUES ('33', '68', '0', NULL);
INSERT INTO `janitor_task_checklist` (`assignment_id`, `task_id`, `completed`, `completed_at`) VALUES ('33', '69', '0', NULL);
INSERT INTO `janitor_task_checklist` (`assignment_id`, `task_id`, `completed`, `completed_at`) VALUES ('33', '70', '0', NULL);
INSERT INTO `janitor_task_checklist` (`assignment_id`, `task_id`, `completed`, `completed_at`) VALUES ('33', '71', '0', NULL);
INSERT INTO `janitor_task_checklist` (`assignment_id`, `task_id`, `completed`, `completed_at`) VALUES ('33', '72', '0', NULL);
INSERT INTO `janitor_task_checklist` (`assignment_id`, `task_id`, `completed`, `completed_at`) VALUES ('33', '73', '0', NULL);
INSERT INTO `janitor_task_checklist` (`assignment_id`, `task_id`, `completed`, `completed_at`) VALUES ('33', '74', '0', NULL);
INSERT INTO `janitor_task_checklist` (`assignment_id`, `task_id`, `completed`, `completed_at`) VALUES ('33', '75', '0', NULL);
INSERT INTO `janitor_task_checklist` (`assignment_id`, `task_id`, `completed`, `completed_at`) VALUES ('33', '76', '0', NULL);
INSERT INTO `janitor_task_checklist` (`assignment_id`, `task_id`, `completed`, `completed_at`) VALUES ('33', '77', '0', NULL);
INSERT INTO `janitor_task_checklist` (`assignment_id`, `task_id`, `completed`, `completed_at`) VALUES ('33', '78', '0', NULL);
INSERT INTO `janitor_task_checklist` (`assignment_id`, `task_id`, `completed`, `completed_at`) VALUES ('33', '79', '0', NULL);
INSERT INTO `janitor_task_checklist` (`assignment_id`, `task_id`, `completed`, `completed_at`) VALUES ('33', '80', '0', NULL);
INSERT INTO `janitor_task_checklist` (`assignment_id`, `task_id`, `completed`, `completed_at`) VALUES ('33', '81', '0', NULL);
INSERT INTO `janitor_task_checklist` (`assignment_id`, `task_id`, `completed`, `completed_at`) VALUES ('33', '82', '0', NULL);
INSERT INTO `janitor_task_checklist` (`assignment_id`, `task_id`, `completed`, `completed_at`) VALUES ('33', '83', '0', NULL);
INSERT INTO `janitor_task_checklist` (`assignment_id`, `task_id`, `completed`, `completed_at`) VALUES ('33', '84', '0', NULL);
INSERT INTO `janitor_task_checklist` (`assignment_id`, `task_id`, `completed`, `completed_at`) VALUES ('33', '85', '0', NULL);
INSERT INTO `janitor_task_checklist` (`assignment_id`, `task_id`, `completed`, `completed_at`) VALUES ('33', '86', '0', NULL);
INSERT INTO `janitor_task_checklist` (`assignment_id`, `task_id`, `completed`, `completed_at`) VALUES ('33', '87', '0', NULL);
INSERT INTO `janitor_task_checklist` (`assignment_id`, `task_id`, `completed`, `completed_at`) VALUES ('33', '88', '0', NULL);
INSERT INTO `janitor_task_checklist` (`assignment_id`, `task_id`, `completed`, `completed_at`) VALUES ('33', '89', '0', NULL);
INSERT INTO `janitor_task_checklist` (`assignment_id`, `task_id`, `completed`, `completed_at`) VALUES ('33', '90', '0', NULL);
INSERT INTO `janitor_task_checklist` (`assignment_id`, `task_id`, `completed`, `completed_at`) VALUES ('33', '91', '0', NULL);
INSERT INTO `janitor_task_checklist` (`assignment_id`, `task_id`, `completed`, `completed_at`) VALUES ('33', '92', '0', NULL);
INSERT INTO `janitor_task_checklist` (`assignment_id`, `task_id`, `completed`, `completed_at`) VALUES ('33', '93', '0', NULL);
INSERT INTO `janitor_task_checklist` (`assignment_id`, `task_id`, `completed`, `completed_at`) VALUES ('33', '94', '0', NULL);
INSERT INTO `janitor_task_checklist` (`assignment_id`, `task_id`, `completed`, `completed_at`) VALUES ('33', '95', '0', NULL);
INSERT INTO `janitor_task_checklist` (`assignment_id`, `task_id`, `completed`, `completed_at`) VALUES ('33', '96', '0', NULL);
INSERT INTO `janitor_task_checklist` (`assignment_id`, `task_id`, `completed`, `completed_at`) VALUES ('33', '97', '0', NULL);
INSERT INTO `janitor_task_checklist` (`assignment_id`, `task_id`, `completed`, `completed_at`) VALUES ('33', '98', '0', NULL);
INSERT INTO `janitor_task_checklist` (`assignment_id`, `task_id`, `completed`, `completed_at`) VALUES ('33', '99', '0', NULL);
INSERT INTO `janitor_task_checklist` (`assignment_id`, `task_id`, `completed`, `completed_at`) VALUES ('33', '100', '0', NULL);
INSERT INTO `janitor_task_checklist` (`assignment_id`, `task_id`, `completed`, `completed_at`) VALUES ('33', '101', '0', NULL);
INSERT INTO `janitor_task_checklist` (`assignment_id`, `task_id`, `completed`, `completed_at`) VALUES ('33', '102', '0', NULL);
INSERT INTO `janitor_task_checklist` (`assignment_id`, `task_id`, `completed`, `completed_at`) VALUES ('33', '103', '0', NULL);
INSERT INTO `janitor_task_checklist` (`assignment_id`, `task_id`, `completed`, `completed_at`) VALUES ('33', '104', '0', NULL);
INSERT INTO `janitor_task_checklist` (`assignment_id`, `task_id`, `completed`, `completed_at`) VALUES ('33', '105', '0', NULL);
INSERT INTO `janitor_task_checklist` (`assignment_id`, `task_id`, `completed`, `completed_at`) VALUES ('33', '106', '0', NULL);
INSERT INTO `janitor_task_checklist` (`assignment_id`, `task_id`, `completed`, `completed_at`) VALUES ('34', '34', '0', NULL);
INSERT INTO `janitor_task_checklist` (`assignment_id`, `task_id`, `completed`, `completed_at`) VALUES ('34', '35', '0', NULL);
INSERT INTO `janitor_task_checklist` (`assignment_id`, `task_id`, `completed`, `completed_at`) VALUES ('34', '36', '0', NULL);
INSERT INTO `janitor_task_checklist` (`assignment_id`, `task_id`, `completed`, `completed_at`) VALUES ('34', '37', '0', NULL);
INSERT INTO `janitor_task_checklist` (`assignment_id`, `task_id`, `completed`, `completed_at`) VALUES ('34', '38', '0', NULL);
INSERT INTO `janitor_task_checklist` (`assignment_id`, `task_id`, `completed`, `completed_at`) VALUES ('34', '39', '0', NULL);
INSERT INTO `janitor_task_checklist` (`assignment_id`, `task_id`, `completed`, `completed_at`) VALUES ('34', '40', '0', NULL);
INSERT INTO `janitor_task_checklist` (`assignment_id`, `task_id`, `completed`, `completed_at`) VALUES ('34', '41', '0', NULL);
INSERT INTO `janitor_task_checklist` (`assignment_id`, `task_id`, `completed`, `completed_at`) VALUES ('34', '42', '0', NULL);
INSERT INTO `janitor_task_checklist` (`assignment_id`, `task_id`, `completed`, `completed_at`) VALUES ('34', '43', '0', NULL);
INSERT INTO `janitor_task_checklist` (`assignment_id`, `task_id`, `completed`, `completed_at`) VALUES ('34', '44', '0', NULL);
INSERT INTO `janitor_task_checklist` (`assignment_id`, `task_id`, `completed`, `completed_at`) VALUES ('34', '45', '0', NULL);
INSERT INTO `janitor_task_checklist` (`assignment_id`, `task_id`, `completed`, `completed_at`) VALUES ('34', '46', '0', NULL);
INSERT INTO `janitor_task_checklist` (`assignment_id`, `task_id`, `completed`, `completed_at`) VALUES ('34', '47', '0', NULL);
INSERT INTO `janitor_task_checklist` (`assignment_id`, `task_id`, `completed`, `completed_at`) VALUES ('34', '48', '0', NULL);
INSERT INTO `janitor_task_checklist` (`assignment_id`, `task_id`, `completed`, `completed_at`) VALUES ('34', '49', '0', NULL);
INSERT INTO `janitor_task_checklist` (`assignment_id`, `task_id`, `completed`, `completed_at`) VALUES ('34', '50', '0', NULL);
INSERT INTO `janitor_task_checklist` (`assignment_id`, `task_id`, `completed`, `completed_at`) VALUES ('34', '51', '0', NULL);
INSERT INTO `janitor_task_checklist` (`assignment_id`, `task_id`, `completed`, `completed_at`) VALUES ('34', '52', '0', NULL);
INSERT INTO `janitor_task_checklist` (`assignment_id`, `task_id`, `completed`, `completed_at`) VALUES ('34', '53', '0', NULL);
INSERT INTO `janitor_task_checklist` (`assignment_id`, `task_id`, `completed`, `completed_at`) VALUES ('34', '54', '0', NULL);
INSERT INTO `janitor_task_checklist` (`assignment_id`, `task_id`, `completed`, `completed_at`) VALUES ('34', '55', '0', NULL);
INSERT INTO `janitor_task_checklist` (`assignment_id`, `task_id`, `completed`, `completed_at`) VALUES ('34', '56', '0', NULL);
INSERT INTO `janitor_task_checklist` (`assignment_id`, `task_id`, `completed`, `completed_at`) VALUES ('34', '57', '0', NULL);
INSERT INTO `janitor_task_checklist` (`assignment_id`, `task_id`, `completed`, `completed_at`) VALUES ('34', '58', '0', NULL);
INSERT INTO `janitor_task_checklist` (`assignment_id`, `task_id`, `completed`, `completed_at`) VALUES ('34', '59', '0', NULL);
INSERT INTO `janitor_task_checklist` (`assignment_id`, `task_id`, `completed`, `completed_at`) VALUES ('34', '60', '0', NULL);
INSERT INTO `janitor_task_checklist` (`assignment_id`, `task_id`, `completed`, `completed_at`) VALUES ('34', '61', '0', NULL);
INSERT INTO `janitor_task_checklist` (`assignment_id`, `task_id`, `completed`, `completed_at`) VALUES ('34', '62', '0', NULL);
INSERT INTO `janitor_task_checklist` (`assignment_id`, `task_id`, `completed`, `completed_at`) VALUES ('34', '63', '0', NULL);
INSERT INTO `janitor_task_checklist` (`assignment_id`, `task_id`, `completed`, `completed_at`) VALUES ('34', '64', '0', NULL);
INSERT INTO `janitor_task_checklist` (`assignment_id`, `task_id`, `completed`, `completed_at`) VALUES ('34', '65', '0', NULL);
INSERT INTO `janitor_task_checklist` (`assignment_id`, `task_id`, `completed`, `completed_at`) VALUES ('34', '66', '0', NULL);
INSERT INTO `janitor_task_checklist` (`assignment_id`, `task_id`, `completed`, `completed_at`) VALUES ('34', '67', '0', NULL);
INSERT INTO `janitor_task_checklist` (`assignment_id`, `task_id`, `completed`, `completed_at`) VALUES ('34', '68', '0', NULL);
INSERT INTO `janitor_task_checklist` (`assignment_id`, `task_id`, `completed`, `completed_at`) VALUES ('34', '69', '0', NULL);
INSERT INTO `janitor_task_checklist` (`assignment_id`, `task_id`, `completed`, `completed_at`) VALUES ('34', '70', '0', NULL);
INSERT INTO `janitor_task_checklist` (`assignment_id`, `task_id`, `completed`, `completed_at`) VALUES ('34', '71', '0', NULL);
INSERT INTO `janitor_task_checklist` (`assignment_id`, `task_id`, `completed`, `completed_at`) VALUES ('34', '72', '0', NULL);
INSERT INTO `janitor_task_checklist` (`assignment_id`, `task_id`, `completed`, `completed_at`) VALUES ('34', '73', '0', NULL);
INSERT INTO `janitor_task_checklist` (`assignment_id`, `task_id`, `completed`, `completed_at`) VALUES ('34', '74', '0', NULL);
INSERT INTO `janitor_task_checklist` (`assignment_id`, `task_id`, `completed`, `completed_at`) VALUES ('34', '75', '0', NULL);
INSERT INTO `janitor_task_checklist` (`assignment_id`, `task_id`, `completed`, `completed_at`) VALUES ('34', '76', '0', NULL);
INSERT INTO `janitor_task_checklist` (`assignment_id`, `task_id`, `completed`, `completed_at`) VALUES ('34', '77', '0', NULL);
INSERT INTO `janitor_task_checklist` (`assignment_id`, `task_id`, `completed`, `completed_at`) VALUES ('34', '78', '0', NULL);
INSERT INTO `janitor_task_checklist` (`assignment_id`, `task_id`, `completed`, `completed_at`) VALUES ('34', '79', '0', NULL);
INSERT INTO `janitor_task_checklist` (`assignment_id`, `task_id`, `completed`, `completed_at`) VALUES ('34', '80', '0', NULL);
INSERT INTO `janitor_task_checklist` (`assignment_id`, `task_id`, `completed`, `completed_at`) VALUES ('34', '81', '0', NULL);
INSERT INTO `janitor_task_checklist` (`assignment_id`, `task_id`, `completed`, `completed_at`) VALUES ('34', '82', '0', NULL);
INSERT INTO `janitor_task_checklist` (`assignment_id`, `task_id`, `completed`, `completed_at`) VALUES ('34', '83', '0', NULL);
INSERT INTO `janitor_task_checklist` (`assignment_id`, `task_id`, `completed`, `completed_at`) VALUES ('34', '84', '0', NULL);
INSERT INTO `janitor_task_checklist` (`assignment_id`, `task_id`, `completed`, `completed_at`) VALUES ('34', '85', '0', NULL);
INSERT INTO `janitor_task_checklist` (`assignment_id`, `task_id`, `completed`, `completed_at`) VALUES ('34', '86', '0', NULL);
INSERT INTO `janitor_task_checklist` (`assignment_id`, `task_id`, `completed`, `completed_at`) VALUES ('34', '87', '0', NULL);
INSERT INTO `janitor_task_checklist` (`assignment_id`, `task_id`, `completed`, `completed_at`) VALUES ('34', '88', '0', NULL);
INSERT INTO `janitor_task_checklist` (`assignment_id`, `task_id`, `completed`, `completed_at`) VALUES ('34', '89', '0', NULL);
INSERT INTO `janitor_task_checklist` (`assignment_id`, `task_id`, `completed`, `completed_at`) VALUES ('34', '90', '0', NULL);
INSERT INTO `janitor_task_checklist` (`assignment_id`, `task_id`, `completed`, `completed_at`) VALUES ('34', '91', '0', NULL);
INSERT INTO `janitor_task_checklist` (`assignment_id`, `task_id`, `completed`, `completed_at`) VALUES ('34', '92', '0', NULL);
INSERT INTO `janitor_task_checklist` (`assignment_id`, `task_id`, `completed`, `completed_at`) VALUES ('34', '93', '0', NULL);
INSERT INTO `janitor_task_checklist` (`assignment_id`, `task_id`, `completed`, `completed_at`) VALUES ('34', '94', '0', NULL);
INSERT INTO `janitor_task_checklist` (`assignment_id`, `task_id`, `completed`, `completed_at`) VALUES ('34', '95', '0', NULL);
INSERT INTO `janitor_task_checklist` (`assignment_id`, `task_id`, `completed`, `completed_at`) VALUES ('34', '96', '0', NULL);
INSERT INTO `janitor_task_checklist` (`assignment_id`, `task_id`, `completed`, `completed_at`) VALUES ('34', '97', '0', NULL);
INSERT INTO `janitor_task_checklist` (`assignment_id`, `task_id`, `completed`, `completed_at`) VALUES ('34', '98', '0', NULL);
INSERT INTO `janitor_task_checklist` (`assignment_id`, `task_id`, `completed`, `completed_at`) VALUES ('34', '99', '0', NULL);
INSERT INTO `janitor_task_checklist` (`assignment_id`, `task_id`, `completed`, `completed_at`) VALUES ('34', '100', '0', NULL);
INSERT INTO `janitor_task_checklist` (`assignment_id`, `task_id`, `completed`, `completed_at`) VALUES ('34', '101', '0', NULL);
INSERT INTO `janitor_task_checklist` (`assignment_id`, `task_id`, `completed`, `completed_at`) VALUES ('34', '102', '0', NULL);
INSERT INTO `janitor_task_checklist` (`assignment_id`, `task_id`, `completed`, `completed_at`) VALUES ('34', '103', '0', NULL);
INSERT INTO `janitor_task_checklist` (`assignment_id`, `task_id`, `completed`, `completed_at`) VALUES ('34', '104', '0', NULL);
INSERT INTO `janitor_task_checklist` (`assignment_id`, `task_id`, `completed`, `completed_at`) VALUES ('34', '105', '0', NULL);
INSERT INTO `janitor_task_checklist` (`assignment_id`, `task_id`, `completed`, `completed_at`) VALUES ('34', '106', '0', NULL);
INSERT INTO `janitor_task_checklist` (`assignment_id`, `task_id`, `completed`, `completed_at`) VALUES ('35', '34', '0', NULL);
INSERT INTO `janitor_task_checklist` (`assignment_id`, `task_id`, `completed`, `completed_at`) VALUES ('35', '35', '0', NULL);
INSERT INTO `janitor_task_checklist` (`assignment_id`, `task_id`, `completed`, `completed_at`) VALUES ('35', '36', '0', NULL);
INSERT INTO `janitor_task_checklist` (`assignment_id`, `task_id`, `completed`, `completed_at`) VALUES ('35', '37', '0', NULL);
INSERT INTO `janitor_task_checklist` (`assignment_id`, `task_id`, `completed`, `completed_at`) VALUES ('35', '38', '0', NULL);
INSERT INTO `janitor_task_checklist` (`assignment_id`, `task_id`, `completed`, `completed_at`) VALUES ('35', '39', '0', NULL);
INSERT INTO `janitor_task_checklist` (`assignment_id`, `task_id`, `completed`, `completed_at`) VALUES ('35', '40', '0', NULL);
INSERT INTO `janitor_task_checklist` (`assignment_id`, `task_id`, `completed`, `completed_at`) VALUES ('35', '41', '0', NULL);
INSERT INTO `janitor_task_checklist` (`assignment_id`, `task_id`, `completed`, `completed_at`) VALUES ('35', '42', '0', NULL);
INSERT INTO `janitor_task_checklist` (`assignment_id`, `task_id`, `completed`, `completed_at`) VALUES ('35', '43', '0', NULL);
INSERT INTO `janitor_task_checklist` (`assignment_id`, `task_id`, `completed`, `completed_at`) VALUES ('35', '44', '0', NULL);
INSERT INTO `janitor_task_checklist` (`assignment_id`, `task_id`, `completed`, `completed_at`) VALUES ('35', '45', '0', NULL);
INSERT INTO `janitor_task_checklist` (`assignment_id`, `task_id`, `completed`, `completed_at`) VALUES ('35', '46', '0', NULL);
INSERT INTO `janitor_task_checklist` (`assignment_id`, `task_id`, `completed`, `completed_at`) VALUES ('35', '47', '0', NULL);
INSERT INTO `janitor_task_checklist` (`assignment_id`, `task_id`, `completed`, `completed_at`) VALUES ('35', '48', '0', NULL);
INSERT INTO `janitor_task_checklist` (`assignment_id`, `task_id`, `completed`, `completed_at`) VALUES ('35', '49', '0', NULL);
INSERT INTO `janitor_task_checklist` (`assignment_id`, `task_id`, `completed`, `completed_at`) VALUES ('35', '50', '0', NULL);
INSERT INTO `janitor_task_checklist` (`assignment_id`, `task_id`, `completed`, `completed_at`) VALUES ('35', '51', '0', NULL);
INSERT INTO `janitor_task_checklist` (`assignment_id`, `task_id`, `completed`, `completed_at`) VALUES ('35', '52', '0', NULL);
INSERT INTO `janitor_task_checklist` (`assignment_id`, `task_id`, `completed`, `completed_at`) VALUES ('35', '53', '0', NULL);
INSERT INTO `janitor_task_checklist` (`assignment_id`, `task_id`, `completed`, `completed_at`) VALUES ('35', '54', '0', NULL);
INSERT INTO `janitor_task_checklist` (`assignment_id`, `task_id`, `completed`, `completed_at`) VALUES ('35', '55', '0', NULL);
INSERT INTO `janitor_task_checklist` (`assignment_id`, `task_id`, `completed`, `completed_at`) VALUES ('35', '56', '0', NULL);
INSERT INTO `janitor_task_checklist` (`assignment_id`, `task_id`, `completed`, `completed_at`) VALUES ('35', '57', '0', NULL);
INSERT INTO `janitor_task_checklist` (`assignment_id`, `task_id`, `completed`, `completed_at`) VALUES ('35', '58', '0', NULL);
INSERT INTO `janitor_task_checklist` (`assignment_id`, `task_id`, `completed`, `completed_at`) VALUES ('35', '59', '0', NULL);
INSERT INTO `janitor_task_checklist` (`assignment_id`, `task_id`, `completed`, `completed_at`) VALUES ('35', '60', '0', NULL);
INSERT INTO `janitor_task_checklist` (`assignment_id`, `task_id`, `completed`, `completed_at`) VALUES ('35', '61', '0', NULL);
INSERT INTO `janitor_task_checklist` (`assignment_id`, `task_id`, `completed`, `completed_at`) VALUES ('35', '62', '0', NULL);
INSERT INTO `janitor_task_checklist` (`assignment_id`, `task_id`, `completed`, `completed_at`) VALUES ('35', '63', '0', NULL);
INSERT INTO `janitor_task_checklist` (`assignment_id`, `task_id`, `completed`, `completed_at`) VALUES ('35', '64', '0', NULL);
INSERT INTO `janitor_task_checklist` (`assignment_id`, `task_id`, `completed`, `completed_at`) VALUES ('35', '65', '0', NULL);
INSERT INTO `janitor_task_checklist` (`assignment_id`, `task_id`, `completed`, `completed_at`) VALUES ('35', '66', '0', NULL);
INSERT INTO `janitor_task_checklist` (`assignment_id`, `task_id`, `completed`, `completed_at`) VALUES ('35', '67', '0', NULL);
INSERT INTO `janitor_task_checklist` (`assignment_id`, `task_id`, `completed`, `completed_at`) VALUES ('35', '68', '0', NULL);
INSERT INTO `janitor_task_checklist` (`assignment_id`, `task_id`, `completed`, `completed_at`) VALUES ('35', '69', '0', NULL);
INSERT INTO `janitor_task_checklist` (`assignment_id`, `task_id`, `completed`, `completed_at`) VALUES ('35', '70', '0', NULL);
INSERT INTO `janitor_task_checklist` (`assignment_id`, `task_id`, `completed`, `completed_at`) VALUES ('35', '71', '0', NULL);
INSERT INTO `janitor_task_checklist` (`assignment_id`, `task_id`, `completed`, `completed_at`) VALUES ('35', '72', '0', NULL);
INSERT INTO `janitor_task_checklist` (`assignment_id`, `task_id`, `completed`, `completed_at`) VALUES ('35', '73', '0', NULL);
INSERT INTO `janitor_task_checklist` (`assignment_id`, `task_id`, `completed`, `completed_at`) VALUES ('35', '74', '0', NULL);
INSERT INTO `janitor_task_checklist` (`assignment_id`, `task_id`, `completed`, `completed_at`) VALUES ('35', '75', '0', NULL);
INSERT INTO `janitor_task_checklist` (`assignment_id`, `task_id`, `completed`, `completed_at`) VALUES ('35', '76', '0', NULL);
INSERT INTO `janitor_task_checklist` (`assignment_id`, `task_id`, `completed`, `completed_at`) VALUES ('35', '77', '0', NULL);
INSERT INTO `janitor_task_checklist` (`assignment_id`, `task_id`, `completed`, `completed_at`) VALUES ('35', '78', '0', NULL);
INSERT INTO `janitor_task_checklist` (`assignment_id`, `task_id`, `completed`, `completed_at`) VALUES ('35', '79', '0', NULL);
INSERT INTO `janitor_task_checklist` (`assignment_id`, `task_id`, `completed`, `completed_at`) VALUES ('35', '80', '0', NULL);
INSERT INTO `janitor_task_checklist` (`assignment_id`, `task_id`, `completed`, `completed_at`) VALUES ('35', '81', '0', NULL);
INSERT INTO `janitor_task_checklist` (`assignment_id`, `task_id`, `completed`, `completed_at`) VALUES ('35', '82', '0', NULL);
INSERT INTO `janitor_task_checklist` (`assignment_id`, `task_id`, `completed`, `completed_at`) VALUES ('35', '83', '0', NULL);
INSERT INTO `janitor_task_checklist` (`assignment_id`, `task_id`, `completed`, `completed_at`) VALUES ('35', '84', '0', NULL);
INSERT INTO `janitor_task_checklist` (`assignment_id`, `task_id`, `completed`, `completed_at`) VALUES ('35', '85', '0', NULL);
INSERT INTO `janitor_task_checklist` (`assignment_id`, `task_id`, `completed`, `completed_at`) VALUES ('35', '86', '0', NULL);
INSERT INTO `janitor_task_checklist` (`assignment_id`, `task_id`, `completed`, `completed_at`) VALUES ('35', '87', '0', NULL);
INSERT INTO `janitor_task_checklist` (`assignment_id`, `task_id`, `completed`, `completed_at`) VALUES ('35', '88', '0', NULL);
INSERT INTO `janitor_task_checklist` (`assignment_id`, `task_id`, `completed`, `completed_at`) VALUES ('35', '89', '0', NULL);
INSERT INTO `janitor_task_checklist` (`assignment_id`, `task_id`, `completed`, `completed_at`) VALUES ('35', '90', '0', NULL);
INSERT INTO `janitor_task_checklist` (`assignment_id`, `task_id`, `completed`, `completed_at`) VALUES ('35', '91', '0', NULL);
INSERT INTO `janitor_task_checklist` (`assignment_id`, `task_id`, `completed`, `completed_at`) VALUES ('35', '92', '0', NULL);
INSERT INTO `janitor_task_checklist` (`assignment_id`, `task_id`, `completed`, `completed_at`) VALUES ('35', '93', '0', NULL);
INSERT INTO `janitor_task_checklist` (`assignment_id`, `task_id`, `completed`, `completed_at`) VALUES ('35', '94', '0', NULL);
INSERT INTO `janitor_task_checklist` (`assignment_id`, `task_id`, `completed`, `completed_at`) VALUES ('35', '95', '0', NULL);
INSERT INTO `janitor_task_checklist` (`assignment_id`, `task_id`, `completed`, `completed_at`) VALUES ('35', '96', '0', NULL);
INSERT INTO `janitor_task_checklist` (`assignment_id`, `task_id`, `completed`, `completed_at`) VALUES ('35', '97', '0', NULL);
INSERT INTO `janitor_task_checklist` (`assignment_id`, `task_id`, `completed`, `completed_at`) VALUES ('35', '98', '0', NULL);
INSERT INTO `janitor_task_checklist` (`assignment_id`, `task_id`, `completed`, `completed_at`) VALUES ('35', '99', '0', NULL);
INSERT INTO `janitor_task_checklist` (`assignment_id`, `task_id`, `completed`, `completed_at`) VALUES ('35', '100', '0', NULL);
INSERT INTO `janitor_task_checklist` (`assignment_id`, `task_id`, `completed`, `completed_at`) VALUES ('35', '101', '0', NULL);
INSERT INTO `janitor_task_checklist` (`assignment_id`, `task_id`, `completed`, `completed_at`) VALUES ('35', '102', '0', NULL);
INSERT INTO `janitor_task_checklist` (`assignment_id`, `task_id`, `completed`, `completed_at`) VALUES ('35', '103', '0', NULL);
INSERT INTO `janitor_task_checklist` (`assignment_id`, `task_id`, `completed`, `completed_at`) VALUES ('35', '104', '0', NULL);
INSERT INTO `janitor_task_checklist` (`assignment_id`, `task_id`, `completed`, `completed_at`) VALUES ('35', '105', '0', NULL);
INSERT INTO `janitor_task_checklist` (`assignment_id`, `task_id`, `completed`, `completed_at`) VALUES ('35', '106', '0', NULL);
INSERT INTO `janitor_task_checklist` (`assignment_id`, `task_id`, `completed`, `completed_at`) VALUES ('36', '34', '0', NULL);
INSERT INTO `janitor_task_checklist` (`assignment_id`, `task_id`, `completed`, `completed_at`) VALUES ('36', '35', '0', NULL);
INSERT INTO `janitor_task_checklist` (`assignment_id`, `task_id`, `completed`, `completed_at`) VALUES ('36', '36', '0', NULL);
INSERT INTO `janitor_task_checklist` (`assignment_id`, `task_id`, `completed`, `completed_at`) VALUES ('36', '37', '0', NULL);
INSERT INTO `janitor_task_checklist` (`assignment_id`, `task_id`, `completed`, `completed_at`) VALUES ('36', '38', '0', NULL);
INSERT INTO `janitor_task_checklist` (`assignment_id`, `task_id`, `completed`, `completed_at`) VALUES ('36', '39', '0', NULL);
INSERT INTO `janitor_task_checklist` (`assignment_id`, `task_id`, `completed`, `completed_at`) VALUES ('36', '40', '0', NULL);
INSERT INTO `janitor_task_checklist` (`assignment_id`, `task_id`, `completed`, `completed_at`) VALUES ('36', '41', '0', NULL);
INSERT INTO `janitor_task_checklist` (`assignment_id`, `task_id`, `completed`, `completed_at`) VALUES ('36', '42', '0', NULL);
INSERT INTO `janitor_task_checklist` (`assignment_id`, `task_id`, `completed`, `completed_at`) VALUES ('36', '43', '0', NULL);
INSERT INTO `janitor_task_checklist` (`assignment_id`, `task_id`, `completed`, `completed_at`) VALUES ('36', '44', '0', NULL);
INSERT INTO `janitor_task_checklist` (`assignment_id`, `task_id`, `completed`, `completed_at`) VALUES ('36', '45', '0', NULL);
INSERT INTO `janitor_task_checklist` (`assignment_id`, `task_id`, `completed`, `completed_at`) VALUES ('36', '46', '0', NULL);
INSERT INTO `janitor_task_checklist` (`assignment_id`, `task_id`, `completed`, `completed_at`) VALUES ('36', '47', '0', NULL);
INSERT INTO `janitor_task_checklist` (`assignment_id`, `task_id`, `completed`, `completed_at`) VALUES ('36', '48', '0', NULL);
INSERT INTO `janitor_task_checklist` (`assignment_id`, `task_id`, `completed`, `completed_at`) VALUES ('36', '49', '0', NULL);
INSERT INTO `janitor_task_checklist` (`assignment_id`, `task_id`, `completed`, `completed_at`) VALUES ('36', '50', '0', NULL);
INSERT INTO `janitor_task_checklist` (`assignment_id`, `task_id`, `completed`, `completed_at`) VALUES ('36', '51', '0', NULL);
INSERT INTO `janitor_task_checklist` (`assignment_id`, `task_id`, `completed`, `completed_at`) VALUES ('36', '52', '0', NULL);
INSERT INTO `janitor_task_checklist` (`assignment_id`, `task_id`, `completed`, `completed_at`) VALUES ('36', '53', '0', NULL);
INSERT INTO `janitor_task_checklist` (`assignment_id`, `task_id`, `completed`, `completed_at`) VALUES ('36', '54', '0', NULL);
INSERT INTO `janitor_task_checklist` (`assignment_id`, `task_id`, `completed`, `completed_at`) VALUES ('36', '55', '0', NULL);
INSERT INTO `janitor_task_checklist` (`assignment_id`, `task_id`, `completed`, `completed_at`) VALUES ('36', '56', '0', NULL);
INSERT INTO `janitor_task_checklist` (`assignment_id`, `task_id`, `completed`, `completed_at`) VALUES ('36', '57', '0', NULL);
INSERT INTO `janitor_task_checklist` (`assignment_id`, `task_id`, `completed`, `completed_at`) VALUES ('36', '58', '0', NULL);
INSERT INTO `janitor_task_checklist` (`assignment_id`, `task_id`, `completed`, `completed_at`) VALUES ('36', '59', '0', NULL);
INSERT INTO `janitor_task_checklist` (`assignment_id`, `task_id`, `completed`, `completed_at`) VALUES ('36', '60', '0', NULL);
INSERT INTO `janitor_task_checklist` (`assignment_id`, `task_id`, `completed`, `completed_at`) VALUES ('36', '61', '0', NULL);
INSERT INTO `janitor_task_checklist` (`assignment_id`, `task_id`, `completed`, `completed_at`) VALUES ('36', '62', '0', NULL);
INSERT INTO `janitor_task_checklist` (`assignment_id`, `task_id`, `completed`, `completed_at`) VALUES ('36', '63', '0', NULL);
INSERT INTO `janitor_task_checklist` (`assignment_id`, `task_id`, `completed`, `completed_at`) VALUES ('36', '64', '0', NULL);
INSERT INTO `janitor_task_checklist` (`assignment_id`, `task_id`, `completed`, `completed_at`) VALUES ('36', '65', '0', NULL);
INSERT INTO `janitor_task_checklist` (`assignment_id`, `task_id`, `completed`, `completed_at`) VALUES ('36', '66', '0', NULL);
INSERT INTO `janitor_task_checklist` (`assignment_id`, `task_id`, `completed`, `completed_at`) VALUES ('36', '67', '0', NULL);
INSERT INTO `janitor_task_checklist` (`assignment_id`, `task_id`, `completed`, `completed_at`) VALUES ('36', '68', '0', NULL);
INSERT INTO `janitor_task_checklist` (`assignment_id`, `task_id`, `completed`, `completed_at`) VALUES ('36', '69', '0', NULL);
INSERT INTO `janitor_task_checklist` (`assignment_id`, `task_id`, `completed`, `completed_at`) VALUES ('36', '70', '0', NULL);
INSERT INTO `janitor_task_checklist` (`assignment_id`, `task_id`, `completed`, `completed_at`) VALUES ('36', '71', '0', NULL);
INSERT INTO `janitor_task_checklist` (`assignment_id`, `task_id`, `completed`, `completed_at`) VALUES ('36', '72', '0', NULL);
INSERT INTO `janitor_task_checklist` (`assignment_id`, `task_id`, `completed`, `completed_at`) VALUES ('36', '73', '0', NULL);
INSERT INTO `janitor_task_checklist` (`assignment_id`, `task_id`, `completed`, `completed_at`) VALUES ('36', '74', '0', NULL);
INSERT INTO `janitor_task_checklist` (`assignment_id`, `task_id`, `completed`, `completed_at`) VALUES ('36', '75', '0', NULL);
INSERT INTO `janitor_task_checklist` (`assignment_id`, `task_id`, `completed`, `completed_at`) VALUES ('36', '76', '0', NULL);
INSERT INTO `janitor_task_checklist` (`assignment_id`, `task_id`, `completed`, `completed_at`) VALUES ('36', '77', '0', NULL);
INSERT INTO `janitor_task_checklist` (`assignment_id`, `task_id`, `completed`, `completed_at`) VALUES ('36', '78', '0', NULL);
INSERT INTO `janitor_task_checklist` (`assignment_id`, `task_id`, `completed`, `completed_at`) VALUES ('36', '79', '0', NULL);
INSERT INTO `janitor_task_checklist` (`assignment_id`, `task_id`, `completed`, `completed_at`) VALUES ('36', '80', '0', NULL);
INSERT INTO `janitor_task_checklist` (`assignment_id`, `task_id`, `completed`, `completed_at`) VALUES ('36', '81', '0', NULL);
INSERT INTO `janitor_task_checklist` (`assignment_id`, `task_id`, `completed`, `completed_at`) VALUES ('36', '82', '0', NULL);
INSERT INTO `janitor_task_checklist` (`assignment_id`, `task_id`, `completed`, `completed_at`) VALUES ('36', '83', '0', NULL);
INSERT INTO `janitor_task_checklist` (`assignment_id`, `task_id`, `completed`, `completed_at`) VALUES ('36', '84', '0', NULL);
INSERT INTO `janitor_task_checklist` (`assignment_id`, `task_id`, `completed`, `completed_at`) VALUES ('36', '85', '0', NULL);
INSERT INTO `janitor_task_checklist` (`assignment_id`, `task_id`, `completed`, `completed_at`) VALUES ('36', '86', '0', NULL);
INSERT INTO `janitor_task_checklist` (`assignment_id`, `task_id`, `completed`, `completed_at`) VALUES ('36', '87', '0', NULL);
INSERT INTO `janitor_task_checklist` (`assignment_id`, `task_id`, `completed`, `completed_at`) VALUES ('36', '88', '0', NULL);
INSERT INTO `janitor_task_checklist` (`assignment_id`, `task_id`, `completed`, `completed_at`) VALUES ('36', '89', '0', NULL);
INSERT INTO `janitor_task_checklist` (`assignment_id`, `task_id`, `completed`, `completed_at`) VALUES ('36', '90', '0', NULL);
INSERT INTO `janitor_task_checklist` (`assignment_id`, `task_id`, `completed`, `completed_at`) VALUES ('36', '91', '0', NULL);
INSERT INTO `janitor_task_checklist` (`assignment_id`, `task_id`, `completed`, `completed_at`) VALUES ('36', '92', '0', NULL);
INSERT INTO `janitor_task_checklist` (`assignment_id`, `task_id`, `completed`, `completed_at`) VALUES ('36', '93', '0', NULL);
INSERT INTO `janitor_task_checklist` (`assignment_id`, `task_id`, `completed`, `completed_at`) VALUES ('36', '94', '0', NULL);
INSERT INTO `janitor_task_checklist` (`assignment_id`, `task_id`, `completed`, `completed_at`) VALUES ('36', '95', '0', NULL);
INSERT INTO `janitor_task_checklist` (`assignment_id`, `task_id`, `completed`, `completed_at`) VALUES ('36', '96', '0', NULL);
INSERT INTO `janitor_task_checklist` (`assignment_id`, `task_id`, `completed`, `completed_at`) VALUES ('36', '97', '0', NULL);
INSERT INTO `janitor_task_checklist` (`assignment_id`, `task_id`, `completed`, `completed_at`) VALUES ('36', '98', '0', NULL);
INSERT INTO `janitor_task_checklist` (`assignment_id`, `task_id`, `completed`, `completed_at`) VALUES ('36', '99', '0', NULL);
INSERT INTO `janitor_task_checklist` (`assignment_id`, `task_id`, `completed`, `completed_at`) VALUES ('36', '100', '0', NULL);
INSERT INTO `janitor_task_checklist` (`assignment_id`, `task_id`, `completed`, `completed_at`) VALUES ('36', '101', '0', NULL);
INSERT INTO `janitor_task_checklist` (`assignment_id`, `task_id`, `completed`, `completed_at`) VALUES ('36', '102', '0', NULL);
INSERT INTO `janitor_task_checklist` (`assignment_id`, `task_id`, `completed`, `completed_at`) VALUES ('36', '103', '0', NULL);
INSERT INTO `janitor_task_checklist` (`assignment_id`, `task_id`, `completed`, `completed_at`) VALUES ('36', '104', '0', NULL);
INSERT INTO `janitor_task_checklist` (`assignment_id`, `task_id`, `completed`, `completed_at`) VALUES ('36', '105', '0', NULL);
INSERT INTO `janitor_task_checklist` (`assignment_id`, `task_id`, `completed`, `completed_at`) VALUES ('36', '106', '0', NULL);
INSERT INTO `janitor_task_checklist` (`assignment_id`, `task_id`, `completed`, `completed_at`) VALUES ('37', '34', '0', NULL);
INSERT INTO `janitor_task_checklist` (`assignment_id`, `task_id`, `completed`, `completed_at`) VALUES ('37', '35', '0', NULL);
INSERT INTO `janitor_task_checklist` (`assignment_id`, `task_id`, `completed`, `completed_at`) VALUES ('37', '36', '0', NULL);
INSERT INTO `janitor_task_checklist` (`assignment_id`, `task_id`, `completed`, `completed_at`) VALUES ('37', '37', '0', NULL);
INSERT INTO `janitor_task_checklist` (`assignment_id`, `task_id`, `completed`, `completed_at`) VALUES ('37', '38', '0', NULL);
INSERT INTO `janitor_task_checklist` (`assignment_id`, `task_id`, `completed`, `completed_at`) VALUES ('37', '39', '0', NULL);
INSERT INTO `janitor_task_checklist` (`assignment_id`, `task_id`, `completed`, `completed_at`) VALUES ('37', '40', '0', NULL);
INSERT INTO `janitor_task_checklist` (`assignment_id`, `task_id`, `completed`, `completed_at`) VALUES ('37', '41', '0', NULL);
INSERT INTO `janitor_task_checklist` (`assignment_id`, `task_id`, `completed`, `completed_at`) VALUES ('37', '42', '0', NULL);
INSERT INTO `janitor_task_checklist` (`assignment_id`, `task_id`, `completed`, `completed_at`) VALUES ('37', '43', '0', NULL);
INSERT INTO `janitor_task_checklist` (`assignment_id`, `task_id`, `completed`, `completed_at`) VALUES ('37', '44', '0', NULL);
INSERT INTO `janitor_task_checklist` (`assignment_id`, `task_id`, `completed`, `completed_at`) VALUES ('37', '45', '0', NULL);
INSERT INTO `janitor_task_checklist` (`assignment_id`, `task_id`, `completed`, `completed_at`) VALUES ('37', '46', '0', NULL);
INSERT INTO `janitor_task_checklist` (`assignment_id`, `task_id`, `completed`, `completed_at`) VALUES ('37', '47', '0', NULL);
INSERT INTO `janitor_task_checklist` (`assignment_id`, `task_id`, `completed`, `completed_at`) VALUES ('37', '48', '0', NULL);
INSERT INTO `janitor_task_checklist` (`assignment_id`, `task_id`, `completed`, `completed_at`) VALUES ('37', '49', '0', NULL);
INSERT INTO `janitor_task_checklist` (`assignment_id`, `task_id`, `completed`, `completed_at`) VALUES ('37', '50', '0', NULL);
INSERT INTO `janitor_task_checklist` (`assignment_id`, `task_id`, `completed`, `completed_at`) VALUES ('37', '51', '0', NULL);
INSERT INTO `janitor_task_checklist` (`assignment_id`, `task_id`, `completed`, `completed_at`) VALUES ('37', '52', '0', NULL);
INSERT INTO `janitor_task_checklist` (`assignment_id`, `task_id`, `completed`, `completed_at`) VALUES ('37', '53', '0', NULL);
INSERT INTO `janitor_task_checklist` (`assignment_id`, `task_id`, `completed`, `completed_at`) VALUES ('37', '54', '0', NULL);
INSERT INTO `janitor_task_checklist` (`assignment_id`, `task_id`, `completed`, `completed_at`) VALUES ('37', '55', '0', NULL);
INSERT INTO `janitor_task_checklist` (`assignment_id`, `task_id`, `completed`, `completed_at`) VALUES ('37', '56', '0', NULL);
INSERT INTO `janitor_task_checklist` (`assignment_id`, `task_id`, `completed`, `completed_at`) VALUES ('37', '57', '0', NULL);
INSERT INTO `janitor_task_checklist` (`assignment_id`, `task_id`, `completed`, `completed_at`) VALUES ('37', '58', '0', NULL);
INSERT INTO `janitor_task_checklist` (`assignment_id`, `task_id`, `completed`, `completed_at`) VALUES ('37', '59', '0', NULL);
INSERT INTO `janitor_task_checklist` (`assignment_id`, `task_id`, `completed`, `completed_at`) VALUES ('37', '60', '0', NULL);
INSERT INTO `janitor_task_checklist` (`assignment_id`, `task_id`, `completed`, `completed_at`) VALUES ('37', '61', '0', NULL);
INSERT INTO `janitor_task_checklist` (`assignment_id`, `task_id`, `completed`, `completed_at`) VALUES ('37', '62', '0', NULL);
INSERT INTO `janitor_task_checklist` (`assignment_id`, `task_id`, `completed`, `completed_at`) VALUES ('37', '63', '0', NULL);
INSERT INTO `janitor_task_checklist` (`assignment_id`, `task_id`, `completed`, `completed_at`) VALUES ('37', '64', '0', NULL);
INSERT INTO `janitor_task_checklist` (`assignment_id`, `task_id`, `completed`, `completed_at`) VALUES ('37', '65', '0', NULL);
INSERT INTO `janitor_task_checklist` (`assignment_id`, `task_id`, `completed`, `completed_at`) VALUES ('37', '66', '0', NULL);
INSERT INTO `janitor_task_checklist` (`assignment_id`, `task_id`, `completed`, `completed_at`) VALUES ('37', '67', '0', NULL);
INSERT INTO `janitor_task_checklist` (`assignment_id`, `task_id`, `completed`, `completed_at`) VALUES ('37', '68', '0', NULL);
INSERT INTO `janitor_task_checklist` (`assignment_id`, `task_id`, `completed`, `completed_at`) VALUES ('37', '69', '0', NULL);
INSERT INTO `janitor_task_checklist` (`assignment_id`, `task_id`, `completed`, `completed_at`) VALUES ('37', '70', '0', NULL);
INSERT INTO `janitor_task_checklist` (`assignment_id`, `task_id`, `completed`, `completed_at`) VALUES ('37', '71', '0', NULL);
INSERT INTO `janitor_task_checklist` (`assignment_id`, `task_id`, `completed`, `completed_at`) VALUES ('37', '72', '0', NULL);
INSERT INTO `janitor_task_checklist` (`assignment_id`, `task_id`, `completed`, `completed_at`) VALUES ('37', '73', '0', NULL);
INSERT INTO `janitor_task_checklist` (`assignment_id`, `task_id`, `completed`, `completed_at`) VALUES ('37', '74', '0', NULL);
INSERT INTO `janitor_task_checklist` (`assignment_id`, `task_id`, `completed`, `completed_at`) VALUES ('37', '75', '0', NULL);
INSERT INTO `janitor_task_checklist` (`assignment_id`, `task_id`, `completed`, `completed_at`) VALUES ('37', '76', '0', NULL);
INSERT INTO `janitor_task_checklist` (`assignment_id`, `task_id`, `completed`, `completed_at`) VALUES ('37', '77', '0', NULL);
INSERT INTO `janitor_task_checklist` (`assignment_id`, `task_id`, `completed`, `completed_at`) VALUES ('37', '78', '0', NULL);
INSERT INTO `janitor_task_checklist` (`assignment_id`, `task_id`, `completed`, `completed_at`) VALUES ('37', '79', '0', NULL);
INSERT INTO `janitor_task_checklist` (`assignment_id`, `task_id`, `completed`, `completed_at`) VALUES ('37', '80', '0', NULL);
INSERT INTO `janitor_task_checklist` (`assignment_id`, `task_id`, `completed`, `completed_at`) VALUES ('37', '81', '0', NULL);
INSERT INTO `janitor_task_checklist` (`assignment_id`, `task_id`, `completed`, `completed_at`) VALUES ('37', '82', '0', NULL);
INSERT INTO `janitor_task_checklist` (`assignment_id`, `task_id`, `completed`, `completed_at`) VALUES ('37', '83', '0', NULL);
INSERT INTO `janitor_task_checklist` (`assignment_id`, `task_id`, `completed`, `completed_at`) VALUES ('37', '84', '0', NULL);
INSERT INTO `janitor_task_checklist` (`assignment_id`, `task_id`, `completed`, `completed_at`) VALUES ('37', '85', '0', NULL);
INSERT INTO `janitor_task_checklist` (`assignment_id`, `task_id`, `completed`, `completed_at`) VALUES ('37', '86', '0', NULL);
INSERT INTO `janitor_task_checklist` (`assignment_id`, `task_id`, `completed`, `completed_at`) VALUES ('37', '87', '0', NULL);
INSERT INTO `janitor_task_checklist` (`assignment_id`, `task_id`, `completed`, `completed_at`) VALUES ('37', '88', '0', NULL);
INSERT INTO `janitor_task_checklist` (`assignment_id`, `task_id`, `completed`, `completed_at`) VALUES ('37', '89', '0', NULL);
INSERT INTO `janitor_task_checklist` (`assignment_id`, `task_id`, `completed`, `completed_at`) VALUES ('37', '90', '0', NULL);
INSERT INTO `janitor_task_checklist` (`assignment_id`, `task_id`, `completed`, `completed_at`) VALUES ('37', '91', '0', NULL);
INSERT INTO `janitor_task_checklist` (`assignment_id`, `task_id`, `completed`, `completed_at`) VALUES ('37', '92', '0', NULL);
INSERT INTO `janitor_task_checklist` (`assignment_id`, `task_id`, `completed`, `completed_at`) VALUES ('37', '93', '0', NULL);
INSERT INTO `janitor_task_checklist` (`assignment_id`, `task_id`, `completed`, `completed_at`) VALUES ('37', '94', '0', NULL);
INSERT INTO `janitor_task_checklist` (`assignment_id`, `task_id`, `completed`, `completed_at`) VALUES ('37', '95', '0', NULL);
INSERT INTO `janitor_task_checklist` (`assignment_id`, `task_id`, `completed`, `completed_at`) VALUES ('37', '96', '0', NULL);
INSERT INTO `janitor_task_checklist` (`assignment_id`, `task_id`, `completed`, `completed_at`) VALUES ('37', '97', '0', NULL);
INSERT INTO `janitor_task_checklist` (`assignment_id`, `task_id`, `completed`, `completed_at`) VALUES ('37', '98', '0', NULL);
INSERT INTO `janitor_task_checklist` (`assignment_id`, `task_id`, `completed`, `completed_at`) VALUES ('37', '99', '0', NULL);
INSERT INTO `janitor_task_checklist` (`assignment_id`, `task_id`, `completed`, `completed_at`) VALUES ('37', '100', '0', NULL);
INSERT INTO `janitor_task_checklist` (`assignment_id`, `task_id`, `completed`, `completed_at`) VALUES ('37', '101', '0', NULL);
INSERT INTO `janitor_task_checklist` (`assignment_id`, `task_id`, `completed`, `completed_at`) VALUES ('37', '102', '0', NULL);
INSERT INTO `janitor_task_checklist` (`assignment_id`, `task_id`, `completed`, `completed_at`) VALUES ('37', '103', '0', NULL);
INSERT INTO `janitor_task_checklist` (`assignment_id`, `task_id`, `completed`, `completed_at`) VALUES ('37', '104', '0', NULL);
INSERT INTO `janitor_task_checklist` (`assignment_id`, `task_id`, `completed`, `completed_at`) VALUES ('37', '105', '0', NULL);
INSERT INTO `janitor_task_checklist` (`assignment_id`, `task_id`, `completed`, `completed_at`) VALUES ('37', '106', '0', NULL);
INSERT INTO `janitor_task_checklist` (`assignment_id`, `task_id`, `completed`, `completed_at`) VALUES ('38', '34', '0', NULL);
INSERT INTO `janitor_task_checklist` (`assignment_id`, `task_id`, `completed`, `completed_at`) VALUES ('38', '35', '0', NULL);
INSERT INTO `janitor_task_checklist` (`assignment_id`, `task_id`, `completed`, `completed_at`) VALUES ('38', '36', '0', NULL);
INSERT INTO `janitor_task_checklist` (`assignment_id`, `task_id`, `completed`, `completed_at`) VALUES ('38', '37', '0', NULL);
INSERT INTO `janitor_task_checklist` (`assignment_id`, `task_id`, `completed`, `completed_at`) VALUES ('38', '38', '0', NULL);
INSERT INTO `janitor_task_checklist` (`assignment_id`, `task_id`, `completed`, `completed_at`) VALUES ('38', '39', '0', NULL);
INSERT INTO `janitor_task_checklist` (`assignment_id`, `task_id`, `completed`, `completed_at`) VALUES ('38', '40', '0', NULL);
INSERT INTO `janitor_task_checklist` (`assignment_id`, `task_id`, `completed`, `completed_at`) VALUES ('38', '41', '0', NULL);
INSERT INTO `janitor_task_checklist` (`assignment_id`, `task_id`, `completed`, `completed_at`) VALUES ('38', '42', '0', NULL);
INSERT INTO `janitor_task_checklist` (`assignment_id`, `task_id`, `completed`, `completed_at`) VALUES ('38', '43', '0', NULL);
INSERT INTO `janitor_task_checklist` (`assignment_id`, `task_id`, `completed`, `completed_at`) VALUES ('38', '44', '0', NULL);
INSERT INTO `janitor_task_checklist` (`assignment_id`, `task_id`, `completed`, `completed_at`) VALUES ('38', '45', '0', NULL);
INSERT INTO `janitor_task_checklist` (`assignment_id`, `task_id`, `completed`, `completed_at`) VALUES ('38', '46', '0', NULL);
INSERT INTO `janitor_task_checklist` (`assignment_id`, `task_id`, `completed`, `completed_at`) VALUES ('38', '47', '0', NULL);
INSERT INTO `janitor_task_checklist` (`assignment_id`, `task_id`, `completed`, `completed_at`) VALUES ('38', '48', '0', NULL);
INSERT INTO `janitor_task_checklist` (`assignment_id`, `task_id`, `completed`, `completed_at`) VALUES ('38', '49', '0', NULL);
INSERT INTO `janitor_task_checklist` (`assignment_id`, `task_id`, `completed`, `completed_at`) VALUES ('38', '50', '0', NULL);
INSERT INTO `janitor_task_checklist` (`assignment_id`, `task_id`, `completed`, `completed_at`) VALUES ('38', '51', '0', NULL);
INSERT INTO `janitor_task_checklist` (`assignment_id`, `task_id`, `completed`, `completed_at`) VALUES ('38', '52', '0', NULL);
INSERT INTO `janitor_task_checklist` (`assignment_id`, `task_id`, `completed`, `completed_at`) VALUES ('38', '53', '0', NULL);
INSERT INTO `janitor_task_checklist` (`assignment_id`, `task_id`, `completed`, `completed_at`) VALUES ('38', '54', '0', NULL);
INSERT INTO `janitor_task_checklist` (`assignment_id`, `task_id`, `completed`, `completed_at`) VALUES ('38', '55', '0', NULL);
INSERT INTO `janitor_task_checklist` (`assignment_id`, `task_id`, `completed`, `completed_at`) VALUES ('38', '56', '0', NULL);
INSERT INTO `janitor_task_checklist` (`assignment_id`, `task_id`, `completed`, `completed_at`) VALUES ('38', '57', '0', NULL);
INSERT INTO `janitor_task_checklist` (`assignment_id`, `task_id`, `completed`, `completed_at`) VALUES ('38', '58', '0', NULL);
INSERT INTO `janitor_task_checklist` (`assignment_id`, `task_id`, `completed`, `completed_at`) VALUES ('38', '59', '0', NULL);
INSERT INTO `janitor_task_checklist` (`assignment_id`, `task_id`, `completed`, `completed_at`) VALUES ('38', '60', '0', NULL);
INSERT INTO `janitor_task_checklist` (`assignment_id`, `task_id`, `completed`, `completed_at`) VALUES ('38', '61', '0', NULL);
INSERT INTO `janitor_task_checklist` (`assignment_id`, `task_id`, `completed`, `completed_at`) VALUES ('38', '62', '0', NULL);
INSERT INTO `janitor_task_checklist` (`assignment_id`, `task_id`, `completed`, `completed_at`) VALUES ('38', '63', '0', NULL);
INSERT INTO `janitor_task_checklist` (`assignment_id`, `task_id`, `completed`, `completed_at`) VALUES ('38', '64', '0', NULL);
INSERT INTO `janitor_task_checklist` (`assignment_id`, `task_id`, `completed`, `completed_at`) VALUES ('38', '65', '0', NULL);
INSERT INTO `janitor_task_checklist` (`assignment_id`, `task_id`, `completed`, `completed_at`) VALUES ('38', '66', '0', NULL);
INSERT INTO `janitor_task_checklist` (`assignment_id`, `task_id`, `completed`, `completed_at`) VALUES ('38', '67', '0', NULL);
INSERT INTO `janitor_task_checklist` (`assignment_id`, `task_id`, `completed`, `completed_at`) VALUES ('38', '68', '0', NULL);
INSERT INTO `janitor_task_checklist` (`assignment_id`, `task_id`, `completed`, `completed_at`) VALUES ('38', '69', '0', NULL);
INSERT INTO `janitor_task_checklist` (`assignment_id`, `task_id`, `completed`, `completed_at`) VALUES ('38', '70', '0', NULL);
INSERT INTO `janitor_task_checklist` (`assignment_id`, `task_id`, `completed`, `completed_at`) VALUES ('38', '71', '0', NULL);
INSERT INTO `janitor_task_checklist` (`assignment_id`, `task_id`, `completed`, `completed_at`) VALUES ('38', '72', '0', NULL);
INSERT INTO `janitor_task_checklist` (`assignment_id`, `task_id`, `completed`, `completed_at`) VALUES ('38', '73', '0', NULL);
INSERT INTO `janitor_task_checklist` (`assignment_id`, `task_id`, `completed`, `completed_at`) VALUES ('38', '74', '0', NULL);
INSERT INTO `janitor_task_checklist` (`assignment_id`, `task_id`, `completed`, `completed_at`) VALUES ('38', '75', '0', NULL);
INSERT INTO `janitor_task_checklist` (`assignment_id`, `task_id`, `completed`, `completed_at`) VALUES ('38', '76', '0', NULL);
INSERT INTO `janitor_task_checklist` (`assignment_id`, `task_id`, `completed`, `completed_at`) VALUES ('38', '77', '0', NULL);
INSERT INTO `janitor_task_checklist` (`assignment_id`, `task_id`, `completed`, `completed_at`) VALUES ('38', '78', '0', NULL);
INSERT INTO `janitor_task_checklist` (`assignment_id`, `task_id`, `completed`, `completed_at`) VALUES ('38', '79', '0', NULL);
INSERT INTO `janitor_task_checklist` (`assignment_id`, `task_id`, `completed`, `completed_at`) VALUES ('38', '80', '0', NULL);
INSERT INTO `janitor_task_checklist` (`assignment_id`, `task_id`, `completed`, `completed_at`) VALUES ('38', '81', '0', NULL);
INSERT INTO `janitor_task_checklist` (`assignment_id`, `task_id`, `completed`, `completed_at`) VALUES ('38', '82', '0', NULL);
INSERT INTO `janitor_task_checklist` (`assignment_id`, `task_id`, `completed`, `completed_at`) VALUES ('38', '83', '0', NULL);
INSERT INTO `janitor_task_checklist` (`assignment_id`, `task_id`, `completed`, `completed_at`) VALUES ('38', '84', '0', NULL);
INSERT INTO `janitor_task_checklist` (`assignment_id`, `task_id`, `completed`, `completed_at`) VALUES ('38', '85', '0', NULL);
INSERT INTO `janitor_task_checklist` (`assignment_id`, `task_id`, `completed`, `completed_at`) VALUES ('38', '86', '0', NULL);
INSERT INTO `janitor_task_checklist` (`assignment_id`, `task_id`, `completed`, `completed_at`) VALUES ('38', '87', '0', NULL);
INSERT INTO `janitor_task_checklist` (`assignment_id`, `task_id`, `completed`, `completed_at`) VALUES ('38', '88', '0', NULL);
INSERT INTO `janitor_task_checklist` (`assignment_id`, `task_id`, `completed`, `completed_at`) VALUES ('38', '89', '0', NULL);
INSERT INTO `janitor_task_checklist` (`assignment_id`, `task_id`, `completed`, `completed_at`) VALUES ('38', '90', '0', NULL);
INSERT INTO `janitor_task_checklist` (`assignment_id`, `task_id`, `completed`, `completed_at`) VALUES ('38', '91', '0', NULL);
INSERT INTO `janitor_task_checklist` (`assignment_id`, `task_id`, `completed`, `completed_at`) VALUES ('38', '92', '0', NULL);
INSERT INTO `janitor_task_checklist` (`assignment_id`, `task_id`, `completed`, `completed_at`) VALUES ('38', '93', '0', NULL);
INSERT INTO `janitor_task_checklist` (`assignment_id`, `task_id`, `completed`, `completed_at`) VALUES ('38', '94', '0', NULL);
INSERT INTO `janitor_task_checklist` (`assignment_id`, `task_id`, `completed`, `completed_at`) VALUES ('38', '95', '0', NULL);
INSERT INTO `janitor_task_checklist` (`assignment_id`, `task_id`, `completed`, `completed_at`) VALUES ('38', '96', '0', NULL);
INSERT INTO `janitor_task_checklist` (`assignment_id`, `task_id`, `completed`, `completed_at`) VALUES ('38', '97', '0', NULL);
INSERT INTO `janitor_task_checklist` (`assignment_id`, `task_id`, `completed`, `completed_at`) VALUES ('38', '98', '0', NULL);
INSERT INTO `janitor_task_checklist` (`assignment_id`, `task_id`, `completed`, `completed_at`) VALUES ('38', '99', '0', NULL);
INSERT INTO `janitor_task_checklist` (`assignment_id`, `task_id`, `completed`, `completed_at`) VALUES ('38', '100', '0', NULL);
INSERT INTO `janitor_task_checklist` (`assignment_id`, `task_id`, `completed`, `completed_at`) VALUES ('38', '101', '0', NULL);
INSERT INTO `janitor_task_checklist` (`assignment_id`, `task_id`, `completed`, `completed_at`) VALUES ('38', '102', '0', NULL);
INSERT INTO `janitor_task_checklist` (`assignment_id`, `task_id`, `completed`, `completed_at`) VALUES ('38', '103', '0', NULL);
INSERT INTO `janitor_task_checklist` (`assignment_id`, `task_id`, `completed`, `completed_at`) VALUES ('38', '104', '0', NULL);
INSERT INTO `janitor_task_checklist` (`assignment_id`, `task_id`, `completed`, `completed_at`) VALUES ('38', '105', '0', NULL);
INSERT INTO `janitor_task_checklist` (`assignment_id`, `task_id`, `completed`, `completed_at`) VALUES ('38', '106', '0', NULL);
INSERT INTO `janitor_task_checklist` (`assignment_id`, `task_id`, `completed`, `completed_at`) VALUES ('39', '34', '0', NULL);
INSERT INTO `janitor_task_checklist` (`assignment_id`, `task_id`, `completed`, `completed_at`) VALUES ('39', '35', '0', NULL);
INSERT INTO `janitor_task_checklist` (`assignment_id`, `task_id`, `completed`, `completed_at`) VALUES ('39', '36', '0', NULL);
INSERT INTO `janitor_task_checklist` (`assignment_id`, `task_id`, `completed`, `completed_at`) VALUES ('39', '37', '0', NULL);
INSERT INTO `janitor_task_checklist` (`assignment_id`, `task_id`, `completed`, `completed_at`) VALUES ('39', '38', '0', NULL);
INSERT INTO `janitor_task_checklist` (`assignment_id`, `task_id`, `completed`, `completed_at`) VALUES ('39', '39', '0', NULL);
INSERT INTO `janitor_task_checklist` (`assignment_id`, `task_id`, `completed`, `completed_at`) VALUES ('39', '40', '0', NULL);
INSERT INTO `janitor_task_checklist` (`assignment_id`, `task_id`, `completed`, `completed_at`) VALUES ('39', '41', '0', NULL);
INSERT INTO `janitor_task_checklist` (`assignment_id`, `task_id`, `completed`, `completed_at`) VALUES ('39', '42', '0', NULL);
INSERT INTO `janitor_task_checklist` (`assignment_id`, `task_id`, `completed`, `completed_at`) VALUES ('39', '43', '0', NULL);
INSERT INTO `janitor_task_checklist` (`assignment_id`, `task_id`, `completed`, `completed_at`) VALUES ('39', '44', '0', NULL);
INSERT INTO `janitor_task_checklist` (`assignment_id`, `task_id`, `completed`, `completed_at`) VALUES ('39', '45', '0', NULL);
INSERT INTO `janitor_task_checklist` (`assignment_id`, `task_id`, `completed`, `completed_at`) VALUES ('39', '46', '0', NULL);
INSERT INTO `janitor_task_checklist` (`assignment_id`, `task_id`, `completed`, `completed_at`) VALUES ('39', '47', '0', NULL);
INSERT INTO `janitor_task_checklist` (`assignment_id`, `task_id`, `completed`, `completed_at`) VALUES ('39', '48', '0', NULL);
INSERT INTO `janitor_task_checklist` (`assignment_id`, `task_id`, `completed`, `completed_at`) VALUES ('39', '49', '0', NULL);
INSERT INTO `janitor_task_checklist` (`assignment_id`, `task_id`, `completed`, `completed_at`) VALUES ('39', '50', '0', NULL);
INSERT INTO `janitor_task_checklist` (`assignment_id`, `task_id`, `completed`, `completed_at`) VALUES ('39', '51', '0', NULL);
INSERT INTO `janitor_task_checklist` (`assignment_id`, `task_id`, `completed`, `completed_at`) VALUES ('39', '52', '0', NULL);
INSERT INTO `janitor_task_checklist` (`assignment_id`, `task_id`, `completed`, `completed_at`) VALUES ('39', '53', '0', NULL);
INSERT INTO `janitor_task_checklist` (`assignment_id`, `task_id`, `completed`, `completed_at`) VALUES ('39', '54', '0', NULL);
INSERT INTO `janitor_task_checklist` (`assignment_id`, `task_id`, `completed`, `completed_at`) VALUES ('39', '55', '0', NULL);
INSERT INTO `janitor_task_checklist` (`assignment_id`, `task_id`, `completed`, `completed_at`) VALUES ('39', '56', '0', NULL);
INSERT INTO `janitor_task_checklist` (`assignment_id`, `task_id`, `completed`, `completed_at`) VALUES ('39', '57', '0', NULL);
INSERT INTO `janitor_task_checklist` (`assignment_id`, `task_id`, `completed`, `completed_at`) VALUES ('39', '58', '0', NULL);
INSERT INTO `janitor_task_checklist` (`assignment_id`, `task_id`, `completed`, `completed_at`) VALUES ('39', '59', '0', NULL);
INSERT INTO `janitor_task_checklist` (`assignment_id`, `task_id`, `completed`, `completed_at`) VALUES ('39', '60', '0', NULL);
INSERT INTO `janitor_task_checklist` (`assignment_id`, `task_id`, `completed`, `completed_at`) VALUES ('39', '61', '0', NULL);
INSERT INTO `janitor_task_checklist` (`assignment_id`, `task_id`, `completed`, `completed_at`) VALUES ('39', '62', '0', NULL);
INSERT INTO `janitor_task_checklist` (`assignment_id`, `task_id`, `completed`, `completed_at`) VALUES ('39', '63', '0', NULL);
INSERT INTO `janitor_task_checklist` (`assignment_id`, `task_id`, `completed`, `completed_at`) VALUES ('39', '64', '0', NULL);
INSERT INTO `janitor_task_checklist` (`assignment_id`, `task_id`, `completed`, `completed_at`) VALUES ('39', '65', '0', NULL);
INSERT INTO `janitor_task_checklist` (`assignment_id`, `task_id`, `completed`, `completed_at`) VALUES ('39', '66', '0', NULL);
INSERT INTO `janitor_task_checklist` (`assignment_id`, `task_id`, `completed`, `completed_at`) VALUES ('39', '67', '0', NULL);
INSERT INTO `janitor_task_checklist` (`assignment_id`, `task_id`, `completed`, `completed_at`) VALUES ('39', '68', '0', NULL);
INSERT INTO `janitor_task_checklist` (`assignment_id`, `task_id`, `completed`, `completed_at`) VALUES ('39', '69', '0', NULL);
INSERT INTO `janitor_task_checklist` (`assignment_id`, `task_id`, `completed`, `completed_at`) VALUES ('39', '70', '0', NULL);
INSERT INTO `janitor_task_checklist` (`assignment_id`, `task_id`, `completed`, `completed_at`) VALUES ('39', '71', '0', NULL);
INSERT INTO `janitor_task_checklist` (`assignment_id`, `task_id`, `completed`, `completed_at`) VALUES ('39', '72', '0', NULL);
INSERT INTO `janitor_task_checklist` (`assignment_id`, `task_id`, `completed`, `completed_at`) VALUES ('39', '73', '0', NULL);
INSERT INTO `janitor_task_checklist` (`assignment_id`, `task_id`, `completed`, `completed_at`) VALUES ('39', '74', '0', NULL);
INSERT INTO `janitor_task_checklist` (`assignment_id`, `task_id`, `completed`, `completed_at`) VALUES ('39', '75', '0', NULL);
INSERT INTO `janitor_task_checklist` (`assignment_id`, `task_id`, `completed`, `completed_at`) VALUES ('39', '76', '0', NULL);
INSERT INTO `janitor_task_checklist` (`assignment_id`, `task_id`, `completed`, `completed_at`) VALUES ('39', '77', '0', NULL);
INSERT INTO `janitor_task_checklist` (`assignment_id`, `task_id`, `completed`, `completed_at`) VALUES ('39', '78', '0', NULL);
INSERT INTO `janitor_task_checklist` (`assignment_id`, `task_id`, `completed`, `completed_at`) VALUES ('39', '79', '0', NULL);
INSERT INTO `janitor_task_checklist` (`assignment_id`, `task_id`, `completed`, `completed_at`) VALUES ('39', '80', '0', NULL);
INSERT INTO `janitor_task_checklist` (`assignment_id`, `task_id`, `completed`, `completed_at`) VALUES ('39', '81', '0', NULL);
INSERT INTO `janitor_task_checklist` (`assignment_id`, `task_id`, `completed`, `completed_at`) VALUES ('39', '82', '0', NULL);
INSERT INTO `janitor_task_checklist` (`assignment_id`, `task_id`, `completed`, `completed_at`) VALUES ('39', '83', '0', NULL);
INSERT INTO `janitor_task_checklist` (`assignment_id`, `task_id`, `completed`, `completed_at`) VALUES ('39', '84', '0', NULL);
INSERT INTO `janitor_task_checklist` (`assignment_id`, `task_id`, `completed`, `completed_at`) VALUES ('39', '85', '0', NULL);
INSERT INTO `janitor_task_checklist` (`assignment_id`, `task_id`, `completed`, `completed_at`) VALUES ('39', '86', '0', NULL);
INSERT INTO `janitor_task_checklist` (`assignment_id`, `task_id`, `completed`, `completed_at`) VALUES ('39', '87', '0', NULL);
INSERT INTO `janitor_task_checklist` (`assignment_id`, `task_id`, `completed`, `completed_at`) VALUES ('39', '88', '0', NULL);
INSERT INTO `janitor_task_checklist` (`assignment_id`, `task_id`, `completed`, `completed_at`) VALUES ('39', '89', '0', NULL);
INSERT INTO `janitor_task_checklist` (`assignment_id`, `task_id`, `completed`, `completed_at`) VALUES ('39', '90', '0', NULL);
INSERT INTO `janitor_task_checklist` (`assignment_id`, `task_id`, `completed`, `completed_at`) VALUES ('39', '91', '0', NULL);
INSERT INTO `janitor_task_checklist` (`assignment_id`, `task_id`, `completed`, `completed_at`) VALUES ('39', '92', '0', NULL);
INSERT INTO `janitor_task_checklist` (`assignment_id`, `task_id`, `completed`, `completed_at`) VALUES ('39', '93', '0', NULL);
INSERT INTO `janitor_task_checklist` (`assignment_id`, `task_id`, `completed`, `completed_at`) VALUES ('39', '94', '0', NULL);
INSERT INTO `janitor_task_checklist` (`assignment_id`, `task_id`, `completed`, `completed_at`) VALUES ('39', '95', '0', NULL);
INSERT INTO `janitor_task_checklist` (`assignment_id`, `task_id`, `completed`, `completed_at`) VALUES ('39', '96', '0', NULL);
INSERT INTO `janitor_task_checklist` (`assignment_id`, `task_id`, `completed`, `completed_at`) VALUES ('39', '97', '0', NULL);
INSERT INTO `janitor_task_checklist` (`assignment_id`, `task_id`, `completed`, `completed_at`) VALUES ('39', '98', '0', NULL);
INSERT INTO `janitor_task_checklist` (`assignment_id`, `task_id`, `completed`, `completed_at`) VALUES ('39', '99', '0', NULL);
INSERT INTO `janitor_task_checklist` (`assignment_id`, `task_id`, `completed`, `completed_at`) VALUES ('39', '100', '0', NULL);
INSERT INTO `janitor_task_checklist` (`assignment_id`, `task_id`, `completed`, `completed_at`) VALUES ('39', '101', '0', NULL);
INSERT INTO `janitor_task_checklist` (`assignment_id`, `task_id`, `completed`, `completed_at`) VALUES ('39', '102', '0', NULL);
INSERT INTO `janitor_task_checklist` (`assignment_id`, `task_id`, `completed`, `completed_at`) VALUES ('39', '103', '0', NULL);
INSERT INTO `janitor_task_checklist` (`assignment_id`, `task_id`, `completed`, `completed_at`) VALUES ('39', '104', '0', NULL);
INSERT INTO `janitor_task_checklist` (`assignment_id`, `task_id`, `completed`, `completed_at`) VALUES ('39', '105', '0', NULL);
INSERT INTO `janitor_task_checklist` (`assignment_id`, `task_id`, `completed`, `completed_at`) VALUES ('39', '106', '0', NULL);
INSERT INTO `janitor_task_checklist` (`assignment_id`, `task_id`, `completed`, `completed_at`) VALUES ('40', '34', '0', NULL);
INSERT INTO `janitor_task_checklist` (`assignment_id`, `task_id`, `completed`, `completed_at`) VALUES ('40', '35', '0', NULL);
INSERT INTO `janitor_task_checklist` (`assignment_id`, `task_id`, `completed`, `completed_at`) VALUES ('40', '36', '0', NULL);
INSERT INTO `janitor_task_checklist` (`assignment_id`, `task_id`, `completed`, `completed_at`) VALUES ('40', '37', '0', NULL);
INSERT INTO `janitor_task_checklist` (`assignment_id`, `task_id`, `completed`, `completed_at`) VALUES ('40', '38', '0', NULL);
INSERT INTO `janitor_task_checklist` (`assignment_id`, `task_id`, `completed`, `completed_at`) VALUES ('40', '39', '0', NULL);
INSERT INTO `janitor_task_checklist` (`assignment_id`, `task_id`, `completed`, `completed_at`) VALUES ('40', '40', '0', NULL);
INSERT INTO `janitor_task_checklist` (`assignment_id`, `task_id`, `completed`, `completed_at`) VALUES ('40', '41', '0', NULL);
INSERT INTO `janitor_task_checklist` (`assignment_id`, `task_id`, `completed`, `completed_at`) VALUES ('40', '42', '0', NULL);
INSERT INTO `janitor_task_checklist` (`assignment_id`, `task_id`, `completed`, `completed_at`) VALUES ('40', '43', '0', NULL);
INSERT INTO `janitor_task_checklist` (`assignment_id`, `task_id`, `completed`, `completed_at`) VALUES ('40', '44', '0', NULL);
INSERT INTO `janitor_task_checklist` (`assignment_id`, `task_id`, `completed`, `completed_at`) VALUES ('40', '45', '0', NULL);
INSERT INTO `janitor_task_checklist` (`assignment_id`, `task_id`, `completed`, `completed_at`) VALUES ('40', '46', '0', NULL);
INSERT INTO `janitor_task_checklist` (`assignment_id`, `task_id`, `completed`, `completed_at`) VALUES ('40', '47', '0', NULL);
INSERT INTO `janitor_task_checklist` (`assignment_id`, `task_id`, `completed`, `completed_at`) VALUES ('40', '48', '0', NULL);
INSERT INTO `janitor_task_checklist` (`assignment_id`, `task_id`, `completed`, `completed_at`) VALUES ('40', '49', '0', NULL);
INSERT INTO `janitor_task_checklist` (`assignment_id`, `task_id`, `completed`, `completed_at`) VALUES ('40', '50', '0', NULL);
INSERT INTO `janitor_task_checklist` (`assignment_id`, `task_id`, `completed`, `completed_at`) VALUES ('40', '51', '0', NULL);
INSERT INTO `janitor_task_checklist` (`assignment_id`, `task_id`, `completed`, `completed_at`) VALUES ('40', '52', '0', NULL);
INSERT INTO `janitor_task_checklist` (`assignment_id`, `task_id`, `completed`, `completed_at`) VALUES ('40', '53', '0', NULL);
INSERT INTO `janitor_task_checklist` (`assignment_id`, `task_id`, `completed`, `completed_at`) VALUES ('40', '54', '0', NULL);
INSERT INTO `janitor_task_checklist` (`assignment_id`, `task_id`, `completed`, `completed_at`) VALUES ('40', '55', '0', NULL);
INSERT INTO `janitor_task_checklist` (`assignment_id`, `task_id`, `completed`, `completed_at`) VALUES ('40', '56', '0', NULL);
INSERT INTO `janitor_task_checklist` (`assignment_id`, `task_id`, `completed`, `completed_at`) VALUES ('40', '57', '0', NULL);
INSERT INTO `janitor_task_checklist` (`assignment_id`, `task_id`, `completed`, `completed_at`) VALUES ('40', '58', '0', NULL);
INSERT INTO `janitor_task_checklist` (`assignment_id`, `task_id`, `completed`, `completed_at`) VALUES ('40', '59', '0', NULL);
INSERT INTO `janitor_task_checklist` (`assignment_id`, `task_id`, `completed`, `completed_at`) VALUES ('40', '60', '0', NULL);
INSERT INTO `janitor_task_checklist` (`assignment_id`, `task_id`, `completed`, `completed_at`) VALUES ('40', '61', '0', NULL);
INSERT INTO `janitor_task_checklist` (`assignment_id`, `task_id`, `completed`, `completed_at`) VALUES ('40', '62', '0', NULL);
INSERT INTO `janitor_task_checklist` (`assignment_id`, `task_id`, `completed`, `completed_at`) VALUES ('40', '63', '0', NULL);
INSERT INTO `janitor_task_checklist` (`assignment_id`, `task_id`, `completed`, `completed_at`) VALUES ('40', '64', '0', NULL);
INSERT INTO `janitor_task_checklist` (`assignment_id`, `task_id`, `completed`, `completed_at`) VALUES ('40', '65', '0', NULL);
INSERT INTO `janitor_task_checklist` (`assignment_id`, `task_id`, `completed`, `completed_at`) VALUES ('40', '66', '0', NULL);
INSERT INTO `janitor_task_checklist` (`assignment_id`, `task_id`, `completed`, `completed_at`) VALUES ('40', '67', '0', NULL);
INSERT INTO `janitor_task_checklist` (`assignment_id`, `task_id`, `completed`, `completed_at`) VALUES ('40', '68', '0', NULL);
INSERT INTO `janitor_task_checklist` (`assignment_id`, `task_id`, `completed`, `completed_at`) VALUES ('40', '69', '0', NULL);
INSERT INTO `janitor_task_checklist` (`assignment_id`, `task_id`, `completed`, `completed_at`) VALUES ('40', '70', '0', NULL);
INSERT INTO `janitor_task_checklist` (`assignment_id`, `task_id`, `completed`, `completed_at`) VALUES ('40', '71', '0', NULL);
INSERT INTO `janitor_task_checklist` (`assignment_id`, `task_id`, `completed`, `completed_at`) VALUES ('40', '72', '0', NULL);
INSERT INTO `janitor_task_checklist` (`assignment_id`, `task_id`, `completed`, `completed_at`) VALUES ('40', '73', '0', NULL);
INSERT INTO `janitor_task_checklist` (`assignment_id`, `task_id`, `completed`, `completed_at`) VALUES ('40', '74', '0', NULL);
INSERT INTO `janitor_task_checklist` (`assignment_id`, `task_id`, `completed`, `completed_at`) VALUES ('40', '75', '0', NULL);
INSERT INTO `janitor_task_checklist` (`assignment_id`, `task_id`, `completed`, `completed_at`) VALUES ('40', '76', '0', NULL);
INSERT INTO `janitor_task_checklist` (`assignment_id`, `task_id`, `completed`, `completed_at`) VALUES ('40', '77', '0', NULL);
INSERT INTO `janitor_task_checklist` (`assignment_id`, `task_id`, `completed`, `completed_at`) VALUES ('40', '78', '0', NULL);
INSERT INTO `janitor_task_checklist` (`assignment_id`, `task_id`, `completed`, `completed_at`) VALUES ('40', '79', '0', NULL);
INSERT INTO `janitor_task_checklist` (`assignment_id`, `task_id`, `completed`, `completed_at`) VALUES ('40', '80', '0', NULL);
INSERT INTO `janitor_task_checklist` (`assignment_id`, `task_id`, `completed`, `completed_at`) VALUES ('40', '81', '0', NULL);
INSERT INTO `janitor_task_checklist` (`assignment_id`, `task_id`, `completed`, `completed_at`) VALUES ('40', '82', '0', NULL);
INSERT INTO `janitor_task_checklist` (`assignment_id`, `task_id`, `completed`, `completed_at`) VALUES ('40', '83', '0', NULL);
INSERT INTO `janitor_task_checklist` (`assignment_id`, `task_id`, `completed`, `completed_at`) VALUES ('40', '84', '0', NULL);
INSERT INTO `janitor_task_checklist` (`assignment_id`, `task_id`, `completed`, `completed_at`) VALUES ('40', '85', '0', NULL);
INSERT INTO `janitor_task_checklist` (`assignment_id`, `task_id`, `completed`, `completed_at`) VALUES ('40', '86', '0', NULL);
INSERT INTO `janitor_task_checklist` (`assignment_id`, `task_id`, `completed`, `completed_at`) VALUES ('40', '87', '0', NULL);
INSERT INTO `janitor_task_checklist` (`assignment_id`, `task_id`, `completed`, `completed_at`) VALUES ('40', '88', '0', NULL);
INSERT INTO `janitor_task_checklist` (`assignment_id`, `task_id`, `completed`, `completed_at`) VALUES ('40', '89', '0', NULL);
INSERT INTO `janitor_task_checklist` (`assignment_id`, `task_id`, `completed`, `completed_at`) VALUES ('40', '90', '0', NULL);
INSERT INTO `janitor_task_checklist` (`assignment_id`, `task_id`, `completed`, `completed_at`) VALUES ('40', '91', '0', NULL);
INSERT INTO `janitor_task_checklist` (`assignment_id`, `task_id`, `completed`, `completed_at`) VALUES ('40', '92', '0', NULL);
INSERT INTO `janitor_task_checklist` (`assignment_id`, `task_id`, `completed`, `completed_at`) VALUES ('40', '93', '0', NULL);
INSERT INTO `janitor_task_checklist` (`assignment_id`, `task_id`, `completed`, `completed_at`) VALUES ('40', '94', '0', NULL);
INSERT INTO `janitor_task_checklist` (`assignment_id`, `task_id`, `completed`, `completed_at`) VALUES ('40', '95', '0', NULL);
INSERT INTO `janitor_task_checklist` (`assignment_id`, `task_id`, `completed`, `completed_at`) VALUES ('40', '96', '0', NULL);
INSERT INTO `janitor_task_checklist` (`assignment_id`, `task_id`, `completed`, `completed_at`) VALUES ('40', '97', '0', NULL);
INSERT INTO `janitor_task_checklist` (`assignment_id`, `task_id`, `completed`, `completed_at`) VALUES ('40', '98', '0', NULL);
INSERT INTO `janitor_task_checklist` (`assignment_id`, `task_id`, `completed`, `completed_at`) VALUES ('40', '99', '0', NULL);
INSERT INTO `janitor_task_checklist` (`assignment_id`, `task_id`, `completed`, `completed_at`) VALUES ('40', '100', '0', NULL);
INSERT INTO `janitor_task_checklist` (`assignment_id`, `task_id`, `completed`, `completed_at`) VALUES ('40', '101', '0', NULL);
INSERT INTO `janitor_task_checklist` (`assignment_id`, `task_id`, `completed`, `completed_at`) VALUES ('40', '102', '0', NULL);
INSERT INTO `janitor_task_checklist` (`assignment_id`, `task_id`, `completed`, `completed_at`) VALUES ('40', '103', '0', NULL);
INSERT INTO `janitor_task_checklist` (`assignment_id`, `task_id`, `completed`, `completed_at`) VALUES ('40', '104', '0', NULL);
INSERT INTO `janitor_task_checklist` (`assignment_id`, `task_id`, `completed`, `completed_at`) VALUES ('40', '105', '0', NULL);
INSERT INTO `janitor_task_checklist` (`assignment_id`, `task_id`, `completed`, `completed_at`) VALUES ('40', '106', '0', NULL);
INSERT INTO `janitor_task_checklist` (`assignment_id`, `task_id`, `completed`, `completed_at`) VALUES ('41', '34', '0', NULL);
INSERT INTO `janitor_task_checklist` (`assignment_id`, `task_id`, `completed`, `completed_at`) VALUES ('41', '35', '0', NULL);
INSERT INTO `janitor_task_checklist` (`assignment_id`, `task_id`, `completed`, `completed_at`) VALUES ('41', '36', '0', NULL);
INSERT INTO `janitor_task_checklist` (`assignment_id`, `task_id`, `completed`, `completed_at`) VALUES ('41', '37', '0', NULL);
INSERT INTO `janitor_task_checklist` (`assignment_id`, `task_id`, `completed`, `completed_at`) VALUES ('41', '38', '0', NULL);
INSERT INTO `janitor_task_checklist` (`assignment_id`, `task_id`, `completed`, `completed_at`) VALUES ('41', '39', '0', NULL);
INSERT INTO `janitor_task_checklist` (`assignment_id`, `task_id`, `completed`, `completed_at`) VALUES ('41', '40', '0', NULL);
INSERT INTO `janitor_task_checklist` (`assignment_id`, `task_id`, `completed`, `completed_at`) VALUES ('41', '41', '0', NULL);
INSERT INTO `janitor_task_checklist` (`assignment_id`, `task_id`, `completed`, `completed_at`) VALUES ('41', '42', '0', NULL);
INSERT INTO `janitor_task_checklist` (`assignment_id`, `task_id`, `completed`, `completed_at`) VALUES ('41', '43', '0', NULL);
INSERT INTO `janitor_task_checklist` (`assignment_id`, `task_id`, `completed`, `completed_at`) VALUES ('41', '44', '0', NULL);
INSERT INTO `janitor_task_checklist` (`assignment_id`, `task_id`, `completed`, `completed_at`) VALUES ('41', '45', '0', NULL);
INSERT INTO `janitor_task_checklist` (`assignment_id`, `task_id`, `completed`, `completed_at`) VALUES ('41', '46', '0', NULL);
INSERT INTO `janitor_task_checklist` (`assignment_id`, `task_id`, `completed`, `completed_at`) VALUES ('41', '47', '0', NULL);
INSERT INTO `janitor_task_checklist` (`assignment_id`, `task_id`, `completed`, `completed_at`) VALUES ('41', '48', '0', NULL);
INSERT INTO `janitor_task_checklist` (`assignment_id`, `task_id`, `completed`, `completed_at`) VALUES ('41', '49', '0', NULL);
INSERT INTO `janitor_task_checklist` (`assignment_id`, `task_id`, `completed`, `completed_at`) VALUES ('41', '50', '0', NULL);
INSERT INTO `janitor_task_checklist` (`assignment_id`, `task_id`, `completed`, `completed_at`) VALUES ('41', '51', '0', NULL);
INSERT INTO `janitor_task_checklist` (`assignment_id`, `task_id`, `completed`, `completed_at`) VALUES ('41', '52', '0', NULL);
INSERT INTO `janitor_task_checklist` (`assignment_id`, `task_id`, `completed`, `completed_at`) VALUES ('41', '53', '0', NULL);
INSERT INTO `janitor_task_checklist` (`assignment_id`, `task_id`, `completed`, `completed_at`) VALUES ('41', '54', '0', NULL);
INSERT INTO `janitor_task_checklist` (`assignment_id`, `task_id`, `completed`, `completed_at`) VALUES ('41', '55', '0', NULL);
INSERT INTO `janitor_task_checklist` (`assignment_id`, `task_id`, `completed`, `completed_at`) VALUES ('41', '56', '0', NULL);
INSERT INTO `janitor_task_checklist` (`assignment_id`, `task_id`, `completed`, `completed_at`) VALUES ('41', '57', '0', NULL);
INSERT INTO `janitor_task_checklist` (`assignment_id`, `task_id`, `completed`, `completed_at`) VALUES ('41', '58', '0', NULL);
INSERT INTO `janitor_task_checklist` (`assignment_id`, `task_id`, `completed`, `completed_at`) VALUES ('41', '59', '0', NULL);
INSERT INTO `janitor_task_checklist` (`assignment_id`, `task_id`, `completed`, `completed_at`) VALUES ('41', '60', '0', NULL);
INSERT INTO `janitor_task_checklist` (`assignment_id`, `task_id`, `completed`, `completed_at`) VALUES ('41', '61', '0', NULL);
INSERT INTO `janitor_task_checklist` (`assignment_id`, `task_id`, `completed`, `completed_at`) VALUES ('41', '62', '0', NULL);
INSERT INTO `janitor_task_checklist` (`assignment_id`, `task_id`, `completed`, `completed_at`) VALUES ('41', '63', '0', NULL);
INSERT INTO `janitor_task_checklist` (`assignment_id`, `task_id`, `completed`, `completed_at`) VALUES ('41', '64', '0', NULL);
INSERT INTO `janitor_task_checklist` (`assignment_id`, `task_id`, `completed`, `completed_at`) VALUES ('41', '65', '0', NULL);
INSERT INTO `janitor_task_checklist` (`assignment_id`, `task_id`, `completed`, `completed_at`) VALUES ('41', '66', '0', NULL);
INSERT INTO `janitor_task_checklist` (`assignment_id`, `task_id`, `completed`, `completed_at`) VALUES ('41', '67', '0', NULL);
INSERT INTO `janitor_task_checklist` (`assignment_id`, `task_id`, `completed`, `completed_at`) VALUES ('41', '68', '0', NULL);
INSERT INTO `janitor_task_checklist` (`assignment_id`, `task_id`, `completed`, `completed_at`) VALUES ('41', '69', '0', NULL);
INSERT INTO `janitor_task_checklist` (`assignment_id`, `task_id`, `completed`, `completed_at`) VALUES ('41', '70', '0', NULL);
INSERT INTO `janitor_task_checklist` (`assignment_id`, `task_id`, `completed`, `completed_at`) VALUES ('41', '71', '0', NULL);
INSERT INTO `janitor_task_checklist` (`assignment_id`, `task_id`, `completed`, `completed_at`) VALUES ('41', '72', '0', NULL);
INSERT INTO `janitor_task_checklist` (`assignment_id`, `task_id`, `completed`, `completed_at`) VALUES ('41', '73', '0', NULL);
INSERT INTO `janitor_task_checklist` (`assignment_id`, `task_id`, `completed`, `completed_at`) VALUES ('41', '74', '0', NULL);
INSERT INTO `janitor_task_checklist` (`assignment_id`, `task_id`, `completed`, `completed_at`) VALUES ('41', '75', '0', NULL);
INSERT INTO `janitor_task_checklist` (`assignment_id`, `task_id`, `completed`, `completed_at`) VALUES ('41', '76', '0', NULL);
INSERT INTO `janitor_task_checklist` (`assignment_id`, `task_id`, `completed`, `completed_at`) VALUES ('41', '77', '0', NULL);
INSERT INTO `janitor_task_checklist` (`assignment_id`, `task_id`, `completed`, `completed_at`) VALUES ('41', '78', '0', NULL);
INSERT INTO `janitor_task_checklist` (`assignment_id`, `task_id`, `completed`, `completed_at`) VALUES ('41', '79', '0', NULL);
INSERT INTO `janitor_task_checklist` (`assignment_id`, `task_id`, `completed`, `completed_at`) VALUES ('41', '80', '0', NULL);
INSERT INTO `janitor_task_checklist` (`assignment_id`, `task_id`, `completed`, `completed_at`) VALUES ('41', '81', '0', NULL);
INSERT INTO `janitor_task_checklist` (`assignment_id`, `task_id`, `completed`, `completed_at`) VALUES ('41', '82', '0', NULL);
INSERT INTO `janitor_task_checklist` (`assignment_id`, `task_id`, `completed`, `completed_at`) VALUES ('41', '83', '0', NULL);
INSERT INTO `janitor_task_checklist` (`assignment_id`, `task_id`, `completed`, `completed_at`) VALUES ('41', '84', '0', NULL);
INSERT INTO `janitor_task_checklist` (`assignment_id`, `task_id`, `completed`, `completed_at`) VALUES ('41', '85', '0', NULL);
INSERT INTO `janitor_task_checklist` (`assignment_id`, `task_id`, `completed`, `completed_at`) VALUES ('41', '86', '0', NULL);
INSERT INTO `janitor_task_checklist` (`assignment_id`, `task_id`, `completed`, `completed_at`) VALUES ('41', '87', '0', NULL);
INSERT INTO `janitor_task_checklist` (`assignment_id`, `task_id`, `completed`, `completed_at`) VALUES ('41', '88', '0', NULL);
INSERT INTO `janitor_task_checklist` (`assignment_id`, `task_id`, `completed`, `completed_at`) VALUES ('41', '89', '0', NULL);
INSERT INTO `janitor_task_checklist` (`assignment_id`, `task_id`, `completed`, `completed_at`) VALUES ('41', '90', '0', NULL);
INSERT INTO `janitor_task_checklist` (`assignment_id`, `task_id`, `completed`, `completed_at`) VALUES ('41', '91', '0', NULL);
INSERT INTO `janitor_task_checklist` (`assignment_id`, `task_id`, `completed`, `completed_at`) VALUES ('41', '92', '0', NULL);
INSERT INTO `janitor_task_checklist` (`assignment_id`, `task_id`, `completed`, `completed_at`) VALUES ('41', '93', '0', NULL);
INSERT INTO `janitor_task_checklist` (`assignment_id`, `task_id`, `completed`, `completed_at`) VALUES ('41', '94', '0', NULL);
INSERT INTO `janitor_task_checklist` (`assignment_id`, `task_id`, `completed`, `completed_at`) VALUES ('41', '95', '0', NULL);
INSERT INTO `janitor_task_checklist` (`assignment_id`, `task_id`, `completed`, `completed_at`) VALUES ('41', '96', '0', NULL);
INSERT INTO `janitor_task_checklist` (`assignment_id`, `task_id`, `completed`, `completed_at`) VALUES ('41', '97', '0', NULL);
INSERT INTO `janitor_task_checklist` (`assignment_id`, `task_id`, `completed`, `completed_at`) VALUES ('41', '98', '0', NULL);
INSERT INTO `janitor_task_checklist` (`assignment_id`, `task_id`, `completed`, `completed_at`) VALUES ('41', '99', '0', NULL);
INSERT INTO `janitor_task_checklist` (`assignment_id`, `task_id`, `completed`, `completed_at`) VALUES ('41', '100', '0', NULL);
INSERT INTO `janitor_task_checklist` (`assignment_id`, `task_id`, `completed`, `completed_at`) VALUES ('41', '101', '0', NULL);
INSERT INTO `janitor_task_checklist` (`assignment_id`, `task_id`, `completed`, `completed_at`) VALUES ('41', '102', '0', NULL);
INSERT INTO `janitor_task_checklist` (`assignment_id`, `task_id`, `completed`, `completed_at`) VALUES ('41', '103', '0', NULL);
INSERT INTO `janitor_task_checklist` (`assignment_id`, `task_id`, `completed`, `completed_at`) VALUES ('41', '104', '0', NULL);
INSERT INTO `janitor_task_checklist` (`assignment_id`, `task_id`, `completed`, `completed_at`) VALUES ('41', '105', '0', NULL);
INSERT INTO `janitor_task_checklist` (`assignment_id`, `task_id`, `completed`, `completed_at`) VALUES ('41', '106', '0', NULL);
INSERT INTO `janitor_task_checklist` (`assignment_id`, `task_id`, `completed`, `completed_at`) VALUES ('42', '34', '0', NULL);
INSERT INTO `janitor_task_checklist` (`assignment_id`, `task_id`, `completed`, `completed_at`) VALUES ('42', '35', '0', NULL);
INSERT INTO `janitor_task_checklist` (`assignment_id`, `task_id`, `completed`, `completed_at`) VALUES ('42', '36', '0', NULL);
INSERT INTO `janitor_task_checklist` (`assignment_id`, `task_id`, `completed`, `completed_at`) VALUES ('42', '37', '0', NULL);
INSERT INTO `janitor_task_checklist` (`assignment_id`, `task_id`, `completed`, `completed_at`) VALUES ('42', '38', '0', NULL);
INSERT INTO `janitor_task_checklist` (`assignment_id`, `task_id`, `completed`, `completed_at`) VALUES ('42', '39', '0', NULL);
INSERT INTO `janitor_task_checklist` (`assignment_id`, `task_id`, `completed`, `completed_at`) VALUES ('42', '40', '0', NULL);
INSERT INTO `janitor_task_checklist` (`assignment_id`, `task_id`, `completed`, `completed_at`) VALUES ('42', '41', '0', NULL);
INSERT INTO `janitor_task_checklist` (`assignment_id`, `task_id`, `completed`, `completed_at`) VALUES ('42', '42', '0', NULL);
INSERT INTO `janitor_task_checklist` (`assignment_id`, `task_id`, `completed`, `completed_at`) VALUES ('42', '43', '0', NULL);
INSERT INTO `janitor_task_checklist` (`assignment_id`, `task_id`, `completed`, `completed_at`) VALUES ('42', '44', '0', NULL);
INSERT INTO `janitor_task_checklist` (`assignment_id`, `task_id`, `completed`, `completed_at`) VALUES ('42', '45', '0', NULL);
INSERT INTO `janitor_task_checklist` (`assignment_id`, `task_id`, `completed`, `completed_at`) VALUES ('42', '46', '0', NULL);
INSERT INTO `janitor_task_checklist` (`assignment_id`, `task_id`, `completed`, `completed_at`) VALUES ('42', '47', '0', NULL);
INSERT INTO `janitor_task_checklist` (`assignment_id`, `task_id`, `completed`, `completed_at`) VALUES ('42', '48', '0', NULL);
INSERT INTO `janitor_task_checklist` (`assignment_id`, `task_id`, `completed`, `completed_at`) VALUES ('42', '49', '0', NULL);
INSERT INTO `janitor_task_checklist` (`assignment_id`, `task_id`, `completed`, `completed_at`) VALUES ('42', '50', '0', NULL);
INSERT INTO `janitor_task_checklist` (`assignment_id`, `task_id`, `completed`, `completed_at`) VALUES ('42', '51', '0', NULL);
INSERT INTO `janitor_task_checklist` (`assignment_id`, `task_id`, `completed`, `completed_at`) VALUES ('42', '52', '0', NULL);
INSERT INTO `janitor_task_checklist` (`assignment_id`, `task_id`, `completed`, `completed_at`) VALUES ('42', '53', '0', NULL);
INSERT INTO `janitor_task_checklist` (`assignment_id`, `task_id`, `completed`, `completed_at`) VALUES ('42', '54', '0', NULL);
INSERT INTO `janitor_task_checklist` (`assignment_id`, `task_id`, `completed`, `completed_at`) VALUES ('42', '55', '0', NULL);
INSERT INTO `janitor_task_checklist` (`assignment_id`, `task_id`, `completed`, `completed_at`) VALUES ('42', '56', '0', NULL);
INSERT INTO `janitor_task_checklist` (`assignment_id`, `task_id`, `completed`, `completed_at`) VALUES ('42', '57', '0', NULL);
INSERT INTO `janitor_task_checklist` (`assignment_id`, `task_id`, `completed`, `completed_at`) VALUES ('42', '58', '0', NULL);
INSERT INTO `janitor_task_checklist` (`assignment_id`, `task_id`, `completed`, `completed_at`) VALUES ('42', '59', '0', NULL);
INSERT INTO `janitor_task_checklist` (`assignment_id`, `task_id`, `completed`, `completed_at`) VALUES ('42', '60', '0', NULL);
INSERT INTO `janitor_task_checklist` (`assignment_id`, `task_id`, `completed`, `completed_at`) VALUES ('42', '61', '0', NULL);
INSERT INTO `janitor_task_checklist` (`assignment_id`, `task_id`, `completed`, `completed_at`) VALUES ('42', '62', '0', NULL);
INSERT INTO `janitor_task_checklist` (`assignment_id`, `task_id`, `completed`, `completed_at`) VALUES ('42', '63', '0', NULL);
INSERT INTO `janitor_task_checklist` (`assignment_id`, `task_id`, `completed`, `completed_at`) VALUES ('42', '64', '0', NULL);
INSERT INTO `janitor_task_checklist` (`assignment_id`, `task_id`, `completed`, `completed_at`) VALUES ('42', '65', '0', NULL);
INSERT INTO `janitor_task_checklist` (`assignment_id`, `task_id`, `completed`, `completed_at`) VALUES ('42', '66', '0', NULL);
INSERT INTO `janitor_task_checklist` (`assignment_id`, `task_id`, `completed`, `completed_at`) VALUES ('42', '67', '0', NULL);
INSERT INTO `janitor_task_checklist` (`assignment_id`, `task_id`, `completed`, `completed_at`) VALUES ('42', '68', '0', NULL);
INSERT INTO `janitor_task_checklist` (`assignment_id`, `task_id`, `completed`, `completed_at`) VALUES ('42', '69', '0', NULL);
INSERT INTO `janitor_task_checklist` (`assignment_id`, `task_id`, `completed`, `completed_at`) VALUES ('42', '70', '0', NULL);
INSERT INTO `janitor_task_checklist` (`assignment_id`, `task_id`, `completed`, `completed_at`) VALUES ('42', '71', '0', NULL);
INSERT INTO `janitor_task_checklist` (`assignment_id`, `task_id`, `completed`, `completed_at`) VALUES ('42', '72', '0', NULL);
INSERT INTO `janitor_task_checklist` (`assignment_id`, `task_id`, `completed`, `completed_at`) VALUES ('42', '73', '0', NULL);
INSERT INTO `janitor_task_checklist` (`assignment_id`, `task_id`, `completed`, `completed_at`) VALUES ('42', '74', '0', NULL);
INSERT INTO `janitor_task_checklist` (`assignment_id`, `task_id`, `completed`, `completed_at`) VALUES ('42', '75', '0', NULL);
INSERT INTO `janitor_task_checklist` (`assignment_id`, `task_id`, `completed`, `completed_at`) VALUES ('42', '76', '0', NULL);
INSERT INTO `janitor_task_checklist` (`assignment_id`, `task_id`, `completed`, `completed_at`) VALUES ('42', '77', '0', NULL);
INSERT INTO `janitor_task_checklist` (`assignment_id`, `task_id`, `completed`, `completed_at`) VALUES ('42', '78', '0', NULL);
INSERT INTO `janitor_task_checklist` (`assignment_id`, `task_id`, `completed`, `completed_at`) VALUES ('42', '79', '0', NULL);
INSERT INTO `janitor_task_checklist` (`assignment_id`, `task_id`, `completed`, `completed_at`) VALUES ('42', '80', '0', NULL);
INSERT INTO `janitor_task_checklist` (`assignment_id`, `task_id`, `completed`, `completed_at`) VALUES ('42', '81', '0', NULL);
INSERT INTO `janitor_task_checklist` (`assignment_id`, `task_id`, `completed`, `completed_at`) VALUES ('42', '82', '0', NULL);
INSERT INTO `janitor_task_checklist` (`assignment_id`, `task_id`, `completed`, `completed_at`) VALUES ('42', '83', '0', NULL);
INSERT INTO `janitor_task_checklist` (`assignment_id`, `task_id`, `completed`, `completed_at`) VALUES ('42', '84', '0', NULL);
INSERT INTO `janitor_task_checklist` (`assignment_id`, `task_id`, `completed`, `completed_at`) VALUES ('42', '85', '0', NULL);
INSERT INTO `janitor_task_checklist` (`assignment_id`, `task_id`, `completed`, `completed_at`) VALUES ('42', '86', '0', NULL);
INSERT INTO `janitor_task_checklist` (`assignment_id`, `task_id`, `completed`, `completed_at`) VALUES ('42', '87', '0', NULL);
INSERT INTO `janitor_task_checklist` (`assignment_id`, `task_id`, `completed`, `completed_at`) VALUES ('42', '88', '0', NULL);
INSERT INTO `janitor_task_checklist` (`assignment_id`, `task_id`, `completed`, `completed_at`) VALUES ('42', '89', '0', NULL);
INSERT INTO `janitor_task_checklist` (`assignment_id`, `task_id`, `completed`, `completed_at`) VALUES ('42', '90', '0', NULL);
INSERT INTO `janitor_task_checklist` (`assignment_id`, `task_id`, `completed`, `completed_at`) VALUES ('42', '91', '0', NULL);
INSERT INTO `janitor_task_checklist` (`assignment_id`, `task_id`, `completed`, `completed_at`) VALUES ('42', '92', '0', NULL);
INSERT INTO `janitor_task_checklist` (`assignment_id`, `task_id`, `completed`, `completed_at`) VALUES ('42', '93', '0', NULL);
INSERT INTO `janitor_task_checklist` (`assignment_id`, `task_id`, `completed`, `completed_at`) VALUES ('42', '94', '0', NULL);
INSERT INTO `janitor_task_checklist` (`assignment_id`, `task_id`, `completed`, `completed_at`) VALUES ('42', '95', '0', NULL);
INSERT INTO `janitor_task_checklist` (`assignment_id`, `task_id`, `completed`, `completed_at`) VALUES ('42', '96', '0', NULL);
INSERT INTO `janitor_task_checklist` (`assignment_id`, `task_id`, `completed`, `completed_at`) VALUES ('42', '97', '0', NULL);
INSERT INTO `janitor_task_checklist` (`assignment_id`, `task_id`, `completed`, `completed_at`) VALUES ('42', '98', '0', NULL);
INSERT INTO `janitor_task_checklist` (`assignment_id`, `task_id`, `completed`, `completed_at`) VALUES ('42', '99', '0', NULL);
INSERT INTO `janitor_task_checklist` (`assignment_id`, `task_id`, `completed`, `completed_at`) VALUES ('42', '100', '0', NULL);
INSERT INTO `janitor_task_checklist` (`assignment_id`, `task_id`, `completed`, `completed_at`) VALUES ('42', '101', '0', NULL);
INSERT INTO `janitor_task_checklist` (`assignment_id`, `task_id`, `completed`, `completed_at`) VALUES ('42', '102', '0', NULL);
INSERT INTO `janitor_task_checklist` (`assignment_id`, `task_id`, `completed`, `completed_at`) VALUES ('42', '103', '0', NULL);
INSERT INTO `janitor_task_checklist` (`assignment_id`, `task_id`, `completed`, `completed_at`) VALUES ('42', '104', '0', NULL);
INSERT INTO `janitor_task_checklist` (`assignment_id`, `task_id`, `completed`, `completed_at`) VALUES ('42', '105', '0', NULL);
INSERT INTO `janitor_task_checklist` (`assignment_id`, `task_id`, `completed`, `completed_at`) VALUES ('42', '106', '0', NULL);
INSERT INTO `janitor_task_checklist` (`assignment_id`, `task_id`, `completed`, `completed_at`) VALUES ('43', '34', '0', NULL);
INSERT INTO `janitor_task_checklist` (`assignment_id`, `task_id`, `completed`, `completed_at`) VALUES ('43', '35', '0', NULL);
INSERT INTO `janitor_task_checklist` (`assignment_id`, `task_id`, `completed`, `completed_at`) VALUES ('43', '36', '0', NULL);
INSERT INTO `janitor_task_checklist` (`assignment_id`, `task_id`, `completed`, `completed_at`) VALUES ('43', '37', '0', NULL);
INSERT INTO `janitor_task_checklist` (`assignment_id`, `task_id`, `completed`, `completed_at`) VALUES ('43', '38', '0', NULL);
INSERT INTO `janitor_task_checklist` (`assignment_id`, `task_id`, `completed`, `completed_at`) VALUES ('43', '39', '0', NULL);
INSERT INTO `janitor_task_checklist` (`assignment_id`, `task_id`, `completed`, `completed_at`) VALUES ('43', '40', '0', NULL);
INSERT INTO `janitor_task_checklist` (`assignment_id`, `task_id`, `completed`, `completed_at`) VALUES ('43', '41', '0', NULL);
INSERT INTO `janitor_task_checklist` (`assignment_id`, `task_id`, `completed`, `completed_at`) VALUES ('43', '42', '0', NULL);
INSERT INTO `janitor_task_checklist` (`assignment_id`, `task_id`, `completed`, `completed_at`) VALUES ('43', '43', '0', NULL);
INSERT INTO `janitor_task_checklist` (`assignment_id`, `task_id`, `completed`, `completed_at`) VALUES ('43', '44', '0', NULL);
INSERT INTO `janitor_task_checklist` (`assignment_id`, `task_id`, `completed`, `completed_at`) VALUES ('43', '45', '0', NULL);
INSERT INTO `janitor_task_checklist` (`assignment_id`, `task_id`, `completed`, `completed_at`) VALUES ('43', '46', '0', NULL);
INSERT INTO `janitor_task_checklist` (`assignment_id`, `task_id`, `completed`, `completed_at`) VALUES ('43', '47', '0', NULL);
INSERT INTO `janitor_task_checklist` (`assignment_id`, `task_id`, `completed`, `completed_at`) VALUES ('43', '48', '0', NULL);
INSERT INTO `janitor_task_checklist` (`assignment_id`, `task_id`, `completed`, `completed_at`) VALUES ('43', '49', '0', NULL);
INSERT INTO `janitor_task_checklist` (`assignment_id`, `task_id`, `completed`, `completed_at`) VALUES ('43', '50', '0', NULL);
INSERT INTO `janitor_task_checklist` (`assignment_id`, `task_id`, `completed`, `completed_at`) VALUES ('43', '51', '0', NULL);
INSERT INTO `janitor_task_checklist` (`assignment_id`, `task_id`, `completed`, `completed_at`) VALUES ('43', '52', '0', NULL);
INSERT INTO `janitor_task_checklist` (`assignment_id`, `task_id`, `completed`, `completed_at`) VALUES ('43', '53', '0', NULL);
INSERT INTO `janitor_task_checklist` (`assignment_id`, `task_id`, `completed`, `completed_at`) VALUES ('43', '54', '0', NULL);
INSERT INTO `janitor_task_checklist` (`assignment_id`, `task_id`, `completed`, `completed_at`) VALUES ('43', '55', '0', NULL);
INSERT INTO `janitor_task_checklist` (`assignment_id`, `task_id`, `completed`, `completed_at`) VALUES ('43', '56', '0', NULL);
INSERT INTO `janitor_task_checklist` (`assignment_id`, `task_id`, `completed`, `completed_at`) VALUES ('43', '57', '0', NULL);
INSERT INTO `janitor_task_checklist` (`assignment_id`, `task_id`, `completed`, `completed_at`) VALUES ('43', '58', '0', NULL);
INSERT INTO `janitor_task_checklist` (`assignment_id`, `task_id`, `completed`, `completed_at`) VALUES ('43', '59', '0', NULL);
INSERT INTO `janitor_task_checklist` (`assignment_id`, `task_id`, `completed`, `completed_at`) VALUES ('43', '60', '0', NULL);
INSERT INTO `janitor_task_checklist` (`assignment_id`, `task_id`, `completed`, `completed_at`) VALUES ('43', '61', '0', NULL);
INSERT INTO `janitor_task_checklist` (`assignment_id`, `task_id`, `completed`, `completed_at`) VALUES ('43', '62', '0', NULL);
INSERT INTO `janitor_task_checklist` (`assignment_id`, `task_id`, `completed`, `completed_at`) VALUES ('43', '63', '0', NULL);
INSERT INTO `janitor_task_checklist` (`assignment_id`, `task_id`, `completed`, `completed_at`) VALUES ('43', '64', '0', NULL);
INSERT INTO `janitor_task_checklist` (`assignment_id`, `task_id`, `completed`, `completed_at`) VALUES ('43', '65', '0', NULL);
INSERT INTO `janitor_task_checklist` (`assignment_id`, `task_id`, `completed`, `completed_at`) VALUES ('43', '66', '0', NULL);
INSERT INTO `janitor_task_checklist` (`assignment_id`, `task_id`, `completed`, `completed_at`) VALUES ('43', '67', '0', NULL);
INSERT INTO `janitor_task_checklist` (`assignment_id`, `task_id`, `completed`, `completed_at`) VALUES ('43', '68', '0', NULL);
INSERT INTO `janitor_task_checklist` (`assignment_id`, `task_id`, `completed`, `completed_at`) VALUES ('43', '69', '0', NULL);
INSERT INTO `janitor_task_checklist` (`assignment_id`, `task_id`, `completed`, `completed_at`) VALUES ('43', '70', '0', NULL);
INSERT INTO `janitor_task_checklist` (`assignment_id`, `task_id`, `completed`, `completed_at`) VALUES ('43', '71', '0', NULL);
INSERT INTO `janitor_task_checklist` (`assignment_id`, `task_id`, `completed`, `completed_at`) VALUES ('43', '72', '0', NULL);
INSERT INTO `janitor_task_checklist` (`assignment_id`, `task_id`, `completed`, `completed_at`) VALUES ('43', '73', '0', NULL);
INSERT INTO `janitor_task_checklist` (`assignment_id`, `task_id`, `completed`, `completed_at`) VALUES ('43', '74', '0', NULL);
INSERT INTO `janitor_task_checklist` (`assignment_id`, `task_id`, `completed`, `completed_at`) VALUES ('43', '75', '0', NULL);
INSERT INTO `janitor_task_checklist` (`assignment_id`, `task_id`, `completed`, `completed_at`) VALUES ('43', '76', '0', NULL);
INSERT INTO `janitor_task_checklist` (`assignment_id`, `task_id`, `completed`, `completed_at`) VALUES ('43', '77', '0', NULL);
INSERT INTO `janitor_task_checklist` (`assignment_id`, `task_id`, `completed`, `completed_at`) VALUES ('43', '78', '0', NULL);
INSERT INTO `janitor_task_checklist` (`assignment_id`, `task_id`, `completed`, `completed_at`) VALUES ('43', '79', '0', NULL);
INSERT INTO `janitor_task_checklist` (`assignment_id`, `task_id`, `completed`, `completed_at`) VALUES ('43', '80', '0', NULL);
INSERT INTO `janitor_task_checklist` (`assignment_id`, `task_id`, `completed`, `completed_at`) VALUES ('43', '81', '0', NULL);
INSERT INTO `janitor_task_checklist` (`assignment_id`, `task_id`, `completed`, `completed_at`) VALUES ('43', '82', '0', NULL);
INSERT INTO `janitor_task_checklist` (`assignment_id`, `task_id`, `completed`, `completed_at`) VALUES ('43', '83', '0', NULL);
INSERT INTO `janitor_task_checklist` (`assignment_id`, `task_id`, `completed`, `completed_at`) VALUES ('43', '84', '0', NULL);
INSERT INTO `janitor_task_checklist` (`assignment_id`, `task_id`, `completed`, `completed_at`) VALUES ('43', '85', '0', NULL);
INSERT INTO `janitor_task_checklist` (`assignment_id`, `task_id`, `completed`, `completed_at`) VALUES ('43', '86', '0', NULL);
INSERT INTO `janitor_task_checklist` (`assignment_id`, `task_id`, `completed`, `completed_at`) VALUES ('43', '87', '0', NULL);
INSERT INTO `janitor_task_checklist` (`assignment_id`, `task_id`, `completed`, `completed_at`) VALUES ('43', '88', '0', NULL);
INSERT INTO `janitor_task_checklist` (`assignment_id`, `task_id`, `completed`, `completed_at`) VALUES ('43', '89', '0', NULL);
INSERT INTO `janitor_task_checklist` (`assignment_id`, `task_id`, `completed`, `completed_at`) VALUES ('43', '90', '0', NULL);
INSERT INTO `janitor_task_checklist` (`assignment_id`, `task_id`, `completed`, `completed_at`) VALUES ('43', '91', '0', NULL);
INSERT INTO `janitor_task_checklist` (`assignment_id`, `task_id`, `completed`, `completed_at`) VALUES ('43', '92', '0', NULL);
INSERT INTO `janitor_task_checklist` (`assignment_id`, `task_id`, `completed`, `completed_at`) VALUES ('43', '93', '0', NULL);
INSERT INTO `janitor_task_checklist` (`assignment_id`, `task_id`, `completed`, `completed_at`) VALUES ('43', '94', '0', NULL);
INSERT INTO `janitor_task_checklist` (`assignment_id`, `task_id`, `completed`, `completed_at`) VALUES ('43', '95', '0', NULL);
INSERT INTO `janitor_task_checklist` (`assignment_id`, `task_id`, `completed`, `completed_at`) VALUES ('43', '96', '0', NULL);
INSERT INTO `janitor_task_checklist` (`assignment_id`, `task_id`, `completed`, `completed_at`) VALUES ('43', '97', '0', NULL);
INSERT INTO `janitor_task_checklist` (`assignment_id`, `task_id`, `completed`, `completed_at`) VALUES ('43', '98', '0', NULL);
INSERT INTO `janitor_task_checklist` (`assignment_id`, `task_id`, `completed`, `completed_at`) VALUES ('43', '99', '0', NULL);
INSERT INTO `janitor_task_checklist` (`assignment_id`, `task_id`, `completed`, `completed_at`) VALUES ('43', '100', '0', NULL);
INSERT INTO `janitor_task_checklist` (`assignment_id`, `task_id`, `completed`, `completed_at`) VALUES ('43', '101', '0', NULL);
INSERT INTO `janitor_task_checklist` (`assignment_id`, `task_id`, `completed`, `completed_at`) VALUES ('43', '102', '0', NULL);
INSERT INTO `janitor_task_checklist` (`assignment_id`, `task_id`, `completed`, `completed_at`) VALUES ('43', '103', '0', NULL);
INSERT INTO `janitor_task_checklist` (`assignment_id`, `task_id`, `completed`, `completed_at`) VALUES ('43', '104', '0', NULL);
INSERT INTO `janitor_task_checklist` (`assignment_id`, `task_id`, `completed`, `completed_at`) VALUES ('43', '105', '0', NULL);
INSERT INTO `janitor_task_checklist` (`assignment_id`, `task_id`, `completed`, `completed_at`) VALUES ('43', '106', '0', NULL);
INSERT INTO `janitor_task_checklist` (`assignment_id`, `task_id`, `completed`, `completed_at`) VALUES ('44', '34', '0', NULL);
INSERT INTO `janitor_task_checklist` (`assignment_id`, `task_id`, `completed`, `completed_at`) VALUES ('44', '35', '0', NULL);
INSERT INTO `janitor_task_checklist` (`assignment_id`, `task_id`, `completed`, `completed_at`) VALUES ('44', '36', '0', NULL);
INSERT INTO `janitor_task_checklist` (`assignment_id`, `task_id`, `completed`, `completed_at`) VALUES ('44', '37', '0', NULL);
INSERT INTO `janitor_task_checklist` (`assignment_id`, `task_id`, `completed`, `completed_at`) VALUES ('44', '38', '0', NULL);
INSERT INTO `janitor_task_checklist` (`assignment_id`, `task_id`, `completed`, `completed_at`) VALUES ('44', '39', '0', NULL);
INSERT INTO `janitor_task_checklist` (`assignment_id`, `task_id`, `completed`, `completed_at`) VALUES ('44', '40', '0', NULL);
INSERT INTO `janitor_task_checklist` (`assignment_id`, `task_id`, `completed`, `completed_at`) VALUES ('44', '41', '0', NULL);
INSERT INTO `janitor_task_checklist` (`assignment_id`, `task_id`, `completed`, `completed_at`) VALUES ('44', '42', '0', NULL);
INSERT INTO `janitor_task_checklist` (`assignment_id`, `task_id`, `completed`, `completed_at`) VALUES ('44', '43', '0', NULL);
INSERT INTO `janitor_task_checklist` (`assignment_id`, `task_id`, `completed`, `completed_at`) VALUES ('44', '44', '0', NULL);
INSERT INTO `janitor_task_checklist` (`assignment_id`, `task_id`, `completed`, `completed_at`) VALUES ('44', '45', '0', NULL);
INSERT INTO `janitor_task_checklist` (`assignment_id`, `task_id`, `completed`, `completed_at`) VALUES ('44', '46', '0', NULL);
INSERT INTO `janitor_task_checklist` (`assignment_id`, `task_id`, `completed`, `completed_at`) VALUES ('44', '47', '0', NULL);
INSERT INTO `janitor_task_checklist` (`assignment_id`, `task_id`, `completed`, `completed_at`) VALUES ('44', '48', '0', NULL);
INSERT INTO `janitor_task_checklist` (`assignment_id`, `task_id`, `completed`, `completed_at`) VALUES ('44', '49', '0', NULL);
INSERT INTO `janitor_task_checklist` (`assignment_id`, `task_id`, `completed`, `completed_at`) VALUES ('44', '50', '0', NULL);
INSERT INTO `janitor_task_checklist` (`assignment_id`, `task_id`, `completed`, `completed_at`) VALUES ('44', '51', '0', NULL);
INSERT INTO `janitor_task_checklist` (`assignment_id`, `task_id`, `completed`, `completed_at`) VALUES ('44', '52', '0', NULL);
INSERT INTO `janitor_task_checklist` (`assignment_id`, `task_id`, `completed`, `completed_at`) VALUES ('44', '53', '0', NULL);
INSERT INTO `janitor_task_checklist` (`assignment_id`, `task_id`, `completed`, `completed_at`) VALUES ('44', '54', '0', NULL);
INSERT INTO `janitor_task_checklist` (`assignment_id`, `task_id`, `completed`, `completed_at`) VALUES ('44', '55', '0', NULL);
INSERT INTO `janitor_task_checklist` (`assignment_id`, `task_id`, `completed`, `completed_at`) VALUES ('44', '56', '0', NULL);
INSERT INTO `janitor_task_checklist` (`assignment_id`, `task_id`, `completed`, `completed_at`) VALUES ('44', '57', '0', NULL);
INSERT INTO `janitor_task_checklist` (`assignment_id`, `task_id`, `completed`, `completed_at`) VALUES ('44', '58', '0', NULL);
INSERT INTO `janitor_task_checklist` (`assignment_id`, `task_id`, `completed`, `completed_at`) VALUES ('44', '59', '0', NULL);
INSERT INTO `janitor_task_checklist` (`assignment_id`, `task_id`, `completed`, `completed_at`) VALUES ('44', '60', '0', NULL);
INSERT INTO `janitor_task_checklist` (`assignment_id`, `task_id`, `completed`, `completed_at`) VALUES ('44', '61', '0', NULL);
INSERT INTO `janitor_task_checklist` (`assignment_id`, `task_id`, `completed`, `completed_at`) VALUES ('44', '62', '0', NULL);
INSERT INTO `janitor_task_checklist` (`assignment_id`, `task_id`, `completed`, `completed_at`) VALUES ('44', '63', '0', NULL);
INSERT INTO `janitor_task_checklist` (`assignment_id`, `task_id`, `completed`, `completed_at`) VALUES ('44', '64', '0', NULL);
INSERT INTO `janitor_task_checklist` (`assignment_id`, `task_id`, `completed`, `completed_at`) VALUES ('44', '65', '0', NULL);
INSERT INTO `janitor_task_checklist` (`assignment_id`, `task_id`, `completed`, `completed_at`) VALUES ('44', '66', '0', NULL);
INSERT INTO `janitor_task_checklist` (`assignment_id`, `task_id`, `completed`, `completed_at`) VALUES ('44', '67', '0', NULL);
INSERT INTO `janitor_task_checklist` (`assignment_id`, `task_id`, `completed`, `completed_at`) VALUES ('44', '68', '0', NULL);
INSERT INTO `janitor_task_checklist` (`assignment_id`, `task_id`, `completed`, `completed_at`) VALUES ('44', '69', '0', NULL);
INSERT INTO `janitor_task_checklist` (`assignment_id`, `task_id`, `completed`, `completed_at`) VALUES ('44', '70', '0', NULL);
INSERT INTO `janitor_task_checklist` (`assignment_id`, `task_id`, `completed`, `completed_at`) VALUES ('44', '71', '0', NULL);
INSERT INTO `janitor_task_checklist` (`assignment_id`, `task_id`, `completed`, `completed_at`) VALUES ('44', '72', '0', NULL);
INSERT INTO `janitor_task_checklist` (`assignment_id`, `task_id`, `completed`, `completed_at`) VALUES ('44', '73', '0', NULL);
INSERT INTO `janitor_task_checklist` (`assignment_id`, `task_id`, `completed`, `completed_at`) VALUES ('44', '74', '0', NULL);
INSERT INTO `janitor_task_checklist` (`assignment_id`, `task_id`, `completed`, `completed_at`) VALUES ('44', '75', '0', NULL);
INSERT INTO `janitor_task_checklist` (`assignment_id`, `task_id`, `completed`, `completed_at`) VALUES ('44', '76', '0', NULL);
INSERT INTO `janitor_task_checklist` (`assignment_id`, `task_id`, `completed`, `completed_at`) VALUES ('44', '77', '0', NULL);
INSERT INTO `janitor_task_checklist` (`assignment_id`, `task_id`, `completed`, `completed_at`) VALUES ('44', '78', '0', NULL);
INSERT INTO `janitor_task_checklist` (`assignment_id`, `task_id`, `completed`, `completed_at`) VALUES ('44', '79', '0', NULL);
INSERT INTO `janitor_task_checklist` (`assignment_id`, `task_id`, `completed`, `completed_at`) VALUES ('44', '80', '0', NULL);
INSERT INTO `janitor_task_checklist` (`assignment_id`, `task_id`, `completed`, `completed_at`) VALUES ('44', '81', '0', NULL);
INSERT INTO `janitor_task_checklist` (`assignment_id`, `task_id`, `completed`, `completed_at`) VALUES ('44', '82', '0', NULL);
INSERT INTO `janitor_task_checklist` (`assignment_id`, `task_id`, `completed`, `completed_at`) VALUES ('44', '83', '0', NULL);
INSERT INTO `janitor_task_checklist` (`assignment_id`, `task_id`, `completed`, `completed_at`) VALUES ('44', '84', '0', NULL);
INSERT INTO `janitor_task_checklist` (`assignment_id`, `task_id`, `completed`, `completed_at`) VALUES ('44', '85', '0', NULL);
INSERT INTO `janitor_task_checklist` (`assignment_id`, `task_id`, `completed`, `completed_at`) VALUES ('44', '86', '0', NULL);
INSERT INTO `janitor_task_checklist` (`assignment_id`, `task_id`, `completed`, `completed_at`) VALUES ('44', '87', '0', NULL);
INSERT INTO `janitor_task_checklist` (`assignment_id`, `task_id`, `completed`, `completed_at`) VALUES ('44', '88', '0', NULL);
INSERT INTO `janitor_task_checklist` (`assignment_id`, `task_id`, `completed`, `completed_at`) VALUES ('44', '89', '0', NULL);
INSERT INTO `janitor_task_checklist` (`assignment_id`, `task_id`, `completed`, `completed_at`) VALUES ('44', '90', '0', NULL);
INSERT INTO `janitor_task_checklist` (`assignment_id`, `task_id`, `completed`, `completed_at`) VALUES ('44', '91', '0', NULL);
INSERT INTO `janitor_task_checklist` (`assignment_id`, `task_id`, `completed`, `completed_at`) VALUES ('44', '92', '0', NULL);
INSERT INTO `janitor_task_checklist` (`assignment_id`, `task_id`, `completed`, `completed_at`) VALUES ('44', '93', '0', NULL);
INSERT INTO `janitor_task_checklist` (`assignment_id`, `task_id`, `completed`, `completed_at`) VALUES ('44', '94', '0', NULL);
INSERT INTO `janitor_task_checklist` (`assignment_id`, `task_id`, `completed`, `completed_at`) VALUES ('44', '95', '0', NULL);
INSERT INTO `janitor_task_checklist` (`assignment_id`, `task_id`, `completed`, `completed_at`) VALUES ('44', '96', '0', NULL);
INSERT INTO `janitor_task_checklist` (`assignment_id`, `task_id`, `completed`, `completed_at`) VALUES ('44', '97', '0', NULL);
INSERT INTO `janitor_task_checklist` (`assignment_id`, `task_id`, `completed`, `completed_at`) VALUES ('44', '98', '0', NULL);
INSERT INTO `janitor_task_checklist` (`assignment_id`, `task_id`, `completed`, `completed_at`) VALUES ('44', '99', '0', NULL);
INSERT INTO `janitor_task_checklist` (`assignment_id`, `task_id`, `completed`, `completed_at`) VALUES ('44', '100', '0', NULL);
INSERT INTO `janitor_task_checklist` (`assignment_id`, `task_id`, `completed`, `completed_at`) VALUES ('44', '101', '0', NULL);
INSERT INTO `janitor_task_checklist` (`assignment_id`, `task_id`, `completed`, `completed_at`) VALUES ('44', '102', '0', NULL);
INSERT INTO `janitor_task_checklist` (`assignment_id`, `task_id`, `completed`, `completed_at`) VALUES ('44', '103', '0', NULL);
INSERT INTO `janitor_task_checklist` (`assignment_id`, `task_id`, `completed`, `completed_at`) VALUES ('44', '104', '0', NULL);
INSERT INTO `janitor_task_checklist` (`assignment_id`, `task_id`, `completed`, `completed_at`) VALUES ('44', '105', '0', NULL);
INSERT INTO `janitor_task_checklist` (`assignment_id`, `task_id`, `completed`, `completed_at`) VALUES ('44', '106', '0', NULL);
INSERT INTO `janitor_task_checklist` (`assignment_id`, `task_id`, `completed`, `completed_at`) VALUES ('45', '34', '0', NULL);
INSERT INTO `janitor_task_checklist` (`assignment_id`, `task_id`, `completed`, `completed_at`) VALUES ('45', '35', '0', NULL);
INSERT INTO `janitor_task_checklist` (`assignment_id`, `task_id`, `completed`, `completed_at`) VALUES ('45', '36', '0', NULL);
INSERT INTO `janitor_task_checklist` (`assignment_id`, `task_id`, `completed`, `completed_at`) VALUES ('45', '37', '0', NULL);
INSERT INTO `janitor_task_checklist` (`assignment_id`, `task_id`, `completed`, `completed_at`) VALUES ('45', '38', '0', NULL);
INSERT INTO `janitor_task_checklist` (`assignment_id`, `task_id`, `completed`, `completed_at`) VALUES ('45', '39', '0', NULL);
INSERT INTO `janitor_task_checklist` (`assignment_id`, `task_id`, `completed`, `completed_at`) VALUES ('45', '40', '0', NULL);
INSERT INTO `janitor_task_checklist` (`assignment_id`, `task_id`, `completed`, `completed_at`) VALUES ('45', '41', '0', NULL);
INSERT INTO `janitor_task_checklist` (`assignment_id`, `task_id`, `completed`, `completed_at`) VALUES ('45', '42', '0', NULL);
INSERT INTO `janitor_task_checklist` (`assignment_id`, `task_id`, `completed`, `completed_at`) VALUES ('45', '43', '0', NULL);
INSERT INTO `janitor_task_checklist` (`assignment_id`, `task_id`, `completed`, `completed_at`) VALUES ('45', '44', '0', NULL);
INSERT INTO `janitor_task_checklist` (`assignment_id`, `task_id`, `completed`, `completed_at`) VALUES ('45', '45', '0', NULL);
INSERT INTO `janitor_task_checklist` (`assignment_id`, `task_id`, `completed`, `completed_at`) VALUES ('45', '46', '0', NULL);
INSERT INTO `janitor_task_checklist` (`assignment_id`, `task_id`, `completed`, `completed_at`) VALUES ('45', '47', '0', NULL);
INSERT INTO `janitor_task_checklist` (`assignment_id`, `task_id`, `completed`, `completed_at`) VALUES ('45', '48', '0', NULL);
INSERT INTO `janitor_task_checklist` (`assignment_id`, `task_id`, `completed`, `completed_at`) VALUES ('45', '49', '0', NULL);
INSERT INTO `janitor_task_checklist` (`assignment_id`, `task_id`, `completed`, `completed_at`) VALUES ('45', '50', '0', NULL);
INSERT INTO `janitor_task_checklist` (`assignment_id`, `task_id`, `completed`, `completed_at`) VALUES ('45', '51', '0', NULL);
INSERT INTO `janitor_task_checklist` (`assignment_id`, `task_id`, `completed`, `completed_at`) VALUES ('45', '52', '0', NULL);
INSERT INTO `janitor_task_checklist` (`assignment_id`, `task_id`, `completed`, `completed_at`) VALUES ('45', '53', '0', NULL);
INSERT INTO `janitor_task_checklist` (`assignment_id`, `task_id`, `completed`, `completed_at`) VALUES ('45', '54', '0', NULL);
INSERT INTO `janitor_task_checklist` (`assignment_id`, `task_id`, `completed`, `completed_at`) VALUES ('45', '55', '0', NULL);
INSERT INTO `janitor_task_checklist` (`assignment_id`, `task_id`, `completed`, `completed_at`) VALUES ('45', '56', '0', NULL);
INSERT INTO `janitor_task_checklist` (`assignment_id`, `task_id`, `completed`, `completed_at`) VALUES ('45', '57', '0', NULL);
INSERT INTO `janitor_task_checklist` (`assignment_id`, `task_id`, `completed`, `completed_at`) VALUES ('45', '58', '0', NULL);
INSERT INTO `janitor_task_checklist` (`assignment_id`, `task_id`, `completed`, `completed_at`) VALUES ('45', '59', '0', NULL);
INSERT INTO `janitor_task_checklist` (`assignment_id`, `task_id`, `completed`, `completed_at`) VALUES ('45', '60', '0', NULL);
INSERT INTO `janitor_task_checklist` (`assignment_id`, `task_id`, `completed`, `completed_at`) VALUES ('45', '61', '0', NULL);
INSERT INTO `janitor_task_checklist` (`assignment_id`, `task_id`, `completed`, `completed_at`) VALUES ('45', '62', '0', NULL);
INSERT INTO `janitor_task_checklist` (`assignment_id`, `task_id`, `completed`, `completed_at`) VALUES ('45', '63', '0', NULL);
INSERT INTO `janitor_task_checklist` (`assignment_id`, `task_id`, `completed`, `completed_at`) VALUES ('45', '64', '0', NULL);
INSERT INTO `janitor_task_checklist` (`assignment_id`, `task_id`, `completed`, `completed_at`) VALUES ('45', '65', '0', NULL);
INSERT INTO `janitor_task_checklist` (`assignment_id`, `task_id`, `completed`, `completed_at`) VALUES ('45', '66', '0', NULL);
INSERT INTO `janitor_task_checklist` (`assignment_id`, `task_id`, `completed`, `completed_at`) VALUES ('45', '67', '0', NULL);
INSERT INTO `janitor_task_checklist` (`assignment_id`, `task_id`, `completed`, `completed_at`) VALUES ('45', '68', '0', NULL);
INSERT INTO `janitor_task_checklist` (`assignment_id`, `task_id`, `completed`, `completed_at`) VALUES ('45', '69', '0', NULL);
INSERT INTO `janitor_task_checklist` (`assignment_id`, `task_id`, `completed`, `completed_at`) VALUES ('45', '70', '0', NULL);
INSERT INTO `janitor_task_checklist` (`assignment_id`, `task_id`, `completed`, `completed_at`) VALUES ('45', '71', '0', NULL);
INSERT INTO `janitor_task_checklist` (`assignment_id`, `task_id`, `completed`, `completed_at`) VALUES ('45', '72', '0', NULL);
INSERT INTO `janitor_task_checklist` (`assignment_id`, `task_id`, `completed`, `completed_at`) VALUES ('45', '73', '0', NULL);
INSERT INTO `janitor_task_checklist` (`assignment_id`, `task_id`, `completed`, `completed_at`) VALUES ('45', '74', '0', NULL);
INSERT INTO `janitor_task_checklist` (`assignment_id`, `task_id`, `completed`, `completed_at`) VALUES ('45', '75', '0', NULL);
INSERT INTO `janitor_task_checklist` (`assignment_id`, `task_id`, `completed`, `completed_at`) VALUES ('45', '76', '0', NULL);
INSERT INTO `janitor_task_checklist` (`assignment_id`, `task_id`, `completed`, `completed_at`) VALUES ('45', '77', '0', NULL);
INSERT INTO `janitor_task_checklist` (`assignment_id`, `task_id`, `completed`, `completed_at`) VALUES ('45', '78', '0', NULL);
INSERT INTO `janitor_task_checklist` (`assignment_id`, `task_id`, `completed`, `completed_at`) VALUES ('45', '79', '0', NULL);
INSERT INTO `janitor_task_checklist` (`assignment_id`, `task_id`, `completed`, `completed_at`) VALUES ('45', '80', '0', NULL);
INSERT INTO `janitor_task_checklist` (`assignment_id`, `task_id`, `completed`, `completed_at`) VALUES ('45', '81', '0', NULL);
INSERT INTO `janitor_task_checklist` (`assignment_id`, `task_id`, `completed`, `completed_at`) VALUES ('45', '82', '0', NULL);
INSERT INTO `janitor_task_checklist` (`assignment_id`, `task_id`, `completed`, `completed_at`) VALUES ('45', '83', '0', NULL);
INSERT INTO `janitor_task_checklist` (`assignment_id`, `task_id`, `completed`, `completed_at`) VALUES ('45', '84', '0', NULL);
INSERT INTO `janitor_task_checklist` (`assignment_id`, `task_id`, `completed`, `completed_at`) VALUES ('45', '85', '0', NULL);
INSERT INTO `janitor_task_checklist` (`assignment_id`, `task_id`, `completed`, `completed_at`) VALUES ('45', '86', '0', NULL);
INSERT INTO `janitor_task_checklist` (`assignment_id`, `task_id`, `completed`, `completed_at`) VALUES ('45', '87', '0', NULL);
INSERT INTO `janitor_task_checklist` (`assignment_id`, `task_id`, `completed`, `completed_at`) VALUES ('45', '88', '0', NULL);
INSERT INTO `janitor_task_checklist` (`assignment_id`, `task_id`, `completed`, `completed_at`) VALUES ('45', '89', '0', NULL);
INSERT INTO `janitor_task_checklist` (`assignment_id`, `task_id`, `completed`, `completed_at`) VALUES ('45', '90', '0', NULL);
INSERT INTO `janitor_task_checklist` (`assignment_id`, `task_id`, `completed`, `completed_at`) VALUES ('45', '91', '0', NULL);
INSERT INTO `janitor_task_checklist` (`assignment_id`, `task_id`, `completed`, `completed_at`) VALUES ('45', '92', '0', NULL);
INSERT INTO `janitor_task_checklist` (`assignment_id`, `task_id`, `completed`, `completed_at`) VALUES ('45', '93', '0', NULL);
INSERT INTO `janitor_task_checklist` (`assignment_id`, `task_id`, `completed`, `completed_at`) VALUES ('45', '94', '0', NULL);
INSERT INTO `janitor_task_checklist` (`assignment_id`, `task_id`, `completed`, `completed_at`) VALUES ('45', '95', '0', NULL);
INSERT INTO `janitor_task_checklist` (`assignment_id`, `task_id`, `completed`, `completed_at`) VALUES ('45', '96', '0', NULL);
INSERT INTO `janitor_task_checklist` (`assignment_id`, `task_id`, `completed`, `completed_at`) VALUES ('45', '97', '0', NULL);
INSERT INTO `janitor_task_checklist` (`assignment_id`, `task_id`, `completed`, `completed_at`) VALUES ('45', '98', '0', NULL);
INSERT INTO `janitor_task_checklist` (`assignment_id`, `task_id`, `completed`, `completed_at`) VALUES ('45', '99', '0', NULL);
INSERT INTO `janitor_task_checklist` (`assignment_id`, `task_id`, `completed`, `completed_at`) VALUES ('45', '100', '0', NULL);
INSERT INTO `janitor_task_checklist` (`assignment_id`, `task_id`, `completed`, `completed_at`) VALUES ('45', '101', '0', NULL);
INSERT INTO `janitor_task_checklist` (`assignment_id`, `task_id`, `completed`, `completed_at`) VALUES ('45', '102', '0', NULL);
INSERT INTO `janitor_task_checklist` (`assignment_id`, `task_id`, `completed`, `completed_at`) VALUES ('45', '103', '0', NULL);
INSERT INTO `janitor_task_checklist` (`assignment_id`, `task_id`, `completed`, `completed_at`) VALUES ('45', '104', '0', NULL);
INSERT INTO `janitor_task_checklist` (`assignment_id`, `task_id`, `completed`, `completed_at`) VALUES ('45', '105', '0', NULL);
INSERT INTO `janitor_task_checklist` (`assignment_id`, `task_id`, `completed`, `completed_at`) VALUES ('45', '106', '0', NULL);
INSERT INTO `janitor_task_checklist` (`assignment_id`, `task_id`, `completed`, `completed_at`) VALUES ('46', '34', '0', NULL);
INSERT INTO `janitor_task_checklist` (`assignment_id`, `task_id`, `completed`, `completed_at`) VALUES ('46', '35', '0', NULL);
INSERT INTO `janitor_task_checklist` (`assignment_id`, `task_id`, `completed`, `completed_at`) VALUES ('46', '36', '0', NULL);
INSERT INTO `janitor_task_checklist` (`assignment_id`, `task_id`, `completed`, `completed_at`) VALUES ('46', '37', '0', NULL);
INSERT INTO `janitor_task_checklist` (`assignment_id`, `task_id`, `completed`, `completed_at`) VALUES ('46', '38', '0', NULL);
INSERT INTO `janitor_task_checklist` (`assignment_id`, `task_id`, `completed`, `completed_at`) VALUES ('46', '39', '0', NULL);
INSERT INTO `janitor_task_checklist` (`assignment_id`, `task_id`, `completed`, `completed_at`) VALUES ('46', '40', '0', NULL);
INSERT INTO `janitor_task_checklist` (`assignment_id`, `task_id`, `completed`, `completed_at`) VALUES ('46', '41', '0', NULL);
INSERT INTO `janitor_task_checklist` (`assignment_id`, `task_id`, `completed`, `completed_at`) VALUES ('46', '42', '0', NULL);
INSERT INTO `janitor_task_checklist` (`assignment_id`, `task_id`, `completed`, `completed_at`) VALUES ('46', '43', '0', NULL);
INSERT INTO `janitor_task_checklist` (`assignment_id`, `task_id`, `completed`, `completed_at`) VALUES ('46', '44', '0', NULL);
INSERT INTO `janitor_task_checklist` (`assignment_id`, `task_id`, `completed`, `completed_at`) VALUES ('46', '45', '0', NULL);
INSERT INTO `janitor_task_checklist` (`assignment_id`, `task_id`, `completed`, `completed_at`) VALUES ('46', '46', '0', NULL);
INSERT INTO `janitor_task_checklist` (`assignment_id`, `task_id`, `completed`, `completed_at`) VALUES ('46', '47', '0', NULL);
INSERT INTO `janitor_task_checklist` (`assignment_id`, `task_id`, `completed`, `completed_at`) VALUES ('46', '48', '0', NULL);
INSERT INTO `janitor_task_checklist` (`assignment_id`, `task_id`, `completed`, `completed_at`) VALUES ('46', '49', '0', NULL);
INSERT INTO `janitor_task_checklist` (`assignment_id`, `task_id`, `completed`, `completed_at`) VALUES ('46', '50', '0', NULL);
INSERT INTO `janitor_task_checklist` (`assignment_id`, `task_id`, `completed`, `completed_at`) VALUES ('46', '51', '0', NULL);
INSERT INTO `janitor_task_checklist` (`assignment_id`, `task_id`, `completed`, `completed_at`) VALUES ('46', '52', '0', NULL);
INSERT INTO `janitor_task_checklist` (`assignment_id`, `task_id`, `completed`, `completed_at`) VALUES ('46', '53', '0', NULL);
INSERT INTO `janitor_task_checklist` (`assignment_id`, `task_id`, `completed`, `completed_at`) VALUES ('46', '54', '0', NULL);
INSERT INTO `janitor_task_checklist` (`assignment_id`, `task_id`, `completed`, `completed_at`) VALUES ('46', '55', '0', NULL);
INSERT INTO `janitor_task_checklist` (`assignment_id`, `task_id`, `completed`, `completed_at`) VALUES ('46', '56', '0', NULL);
INSERT INTO `janitor_task_checklist` (`assignment_id`, `task_id`, `completed`, `completed_at`) VALUES ('46', '57', '0', NULL);
INSERT INTO `janitor_task_checklist` (`assignment_id`, `task_id`, `completed`, `completed_at`) VALUES ('46', '58', '0', NULL);
INSERT INTO `janitor_task_checklist` (`assignment_id`, `task_id`, `completed`, `completed_at`) VALUES ('46', '59', '0', NULL);
INSERT INTO `janitor_task_checklist` (`assignment_id`, `task_id`, `completed`, `completed_at`) VALUES ('46', '60', '0', NULL);
INSERT INTO `janitor_task_checklist` (`assignment_id`, `task_id`, `completed`, `completed_at`) VALUES ('46', '61', '0', NULL);
INSERT INTO `janitor_task_checklist` (`assignment_id`, `task_id`, `completed`, `completed_at`) VALUES ('46', '62', '0', NULL);
INSERT INTO `janitor_task_checklist` (`assignment_id`, `task_id`, `completed`, `completed_at`) VALUES ('46', '63', '0', NULL);
INSERT INTO `janitor_task_checklist` (`assignment_id`, `task_id`, `completed`, `completed_at`) VALUES ('46', '64', '0', NULL);
INSERT INTO `janitor_task_checklist` (`assignment_id`, `task_id`, `completed`, `completed_at`) VALUES ('46', '65', '0', NULL);
INSERT INTO `janitor_task_checklist` (`assignment_id`, `task_id`, `completed`, `completed_at`) VALUES ('46', '66', '0', NULL);
INSERT INTO `janitor_task_checklist` (`assignment_id`, `task_id`, `completed`, `completed_at`) VALUES ('46', '67', '0', NULL);
INSERT INTO `janitor_task_checklist` (`assignment_id`, `task_id`, `completed`, `completed_at`) VALUES ('46', '68', '0', NULL);
INSERT INTO `janitor_task_checklist` (`assignment_id`, `task_id`, `completed`, `completed_at`) VALUES ('46', '69', '0', NULL);
INSERT INTO `janitor_task_checklist` (`assignment_id`, `task_id`, `completed`, `completed_at`) VALUES ('46', '70', '0', NULL);
INSERT INTO `janitor_task_checklist` (`assignment_id`, `task_id`, `completed`, `completed_at`) VALUES ('46', '71', '0', NULL);
INSERT INTO `janitor_task_checklist` (`assignment_id`, `task_id`, `completed`, `completed_at`) VALUES ('46', '72', '0', NULL);
INSERT INTO `janitor_task_checklist` (`assignment_id`, `task_id`, `completed`, `completed_at`) VALUES ('46', '73', '0', NULL);
INSERT INTO `janitor_task_checklist` (`assignment_id`, `task_id`, `completed`, `completed_at`) VALUES ('46', '74', '0', NULL);
INSERT INTO `janitor_task_checklist` (`assignment_id`, `task_id`, `completed`, `completed_at`) VALUES ('46', '75', '0', NULL);
INSERT INTO `janitor_task_checklist` (`assignment_id`, `task_id`, `completed`, `completed_at`) VALUES ('46', '76', '0', NULL);
INSERT INTO `janitor_task_checklist` (`assignment_id`, `task_id`, `completed`, `completed_at`) VALUES ('46', '77', '0', NULL);
INSERT INTO `janitor_task_checklist` (`assignment_id`, `task_id`, `completed`, `completed_at`) VALUES ('46', '78', '0', NULL);
INSERT INTO `janitor_task_checklist` (`assignment_id`, `task_id`, `completed`, `completed_at`) VALUES ('46', '79', '0', NULL);
INSERT INTO `janitor_task_checklist` (`assignment_id`, `task_id`, `completed`, `completed_at`) VALUES ('46', '80', '0', NULL);
INSERT INTO `janitor_task_checklist` (`assignment_id`, `task_id`, `completed`, `completed_at`) VALUES ('46', '81', '0', NULL);
INSERT INTO `janitor_task_checklist` (`assignment_id`, `task_id`, `completed`, `completed_at`) VALUES ('46', '82', '0', NULL);
INSERT INTO `janitor_task_checklist` (`assignment_id`, `task_id`, `completed`, `completed_at`) VALUES ('46', '83', '0', NULL);
INSERT INTO `janitor_task_checklist` (`assignment_id`, `task_id`, `completed`, `completed_at`) VALUES ('46', '84', '0', NULL);
INSERT INTO `janitor_task_checklist` (`assignment_id`, `task_id`, `completed`, `completed_at`) VALUES ('46', '85', '0', NULL);
INSERT INTO `janitor_task_checklist` (`assignment_id`, `task_id`, `completed`, `completed_at`) VALUES ('46', '86', '0', NULL);
INSERT INTO `janitor_task_checklist` (`assignment_id`, `task_id`, `completed`, `completed_at`) VALUES ('46', '87', '0', NULL);
INSERT INTO `janitor_task_checklist` (`assignment_id`, `task_id`, `completed`, `completed_at`) VALUES ('46', '88', '0', NULL);
INSERT INTO `janitor_task_checklist` (`assignment_id`, `task_id`, `completed`, `completed_at`) VALUES ('46', '89', '0', NULL);
INSERT INTO `janitor_task_checklist` (`assignment_id`, `task_id`, `completed`, `completed_at`) VALUES ('46', '90', '0', NULL);
INSERT INTO `janitor_task_checklist` (`assignment_id`, `task_id`, `completed`, `completed_at`) VALUES ('46', '91', '0', NULL);
INSERT INTO `janitor_task_checklist` (`assignment_id`, `task_id`, `completed`, `completed_at`) VALUES ('46', '92', '0', NULL);
INSERT INTO `janitor_task_checklist` (`assignment_id`, `task_id`, `completed`, `completed_at`) VALUES ('46', '93', '0', NULL);
INSERT INTO `janitor_task_checklist` (`assignment_id`, `task_id`, `completed`, `completed_at`) VALUES ('46', '94', '0', NULL);
INSERT INTO `janitor_task_checklist` (`assignment_id`, `task_id`, `completed`, `completed_at`) VALUES ('46', '95', '0', NULL);
INSERT INTO `janitor_task_checklist` (`assignment_id`, `task_id`, `completed`, `completed_at`) VALUES ('46', '96', '0', NULL);
INSERT INTO `janitor_task_checklist` (`assignment_id`, `task_id`, `completed`, `completed_at`) VALUES ('46', '97', '0', NULL);
INSERT INTO `janitor_task_checklist` (`assignment_id`, `task_id`, `completed`, `completed_at`) VALUES ('46', '98', '0', NULL);
INSERT INTO `janitor_task_checklist` (`assignment_id`, `task_id`, `completed`, `completed_at`) VALUES ('46', '99', '0', NULL);
INSERT INTO `janitor_task_checklist` (`assignment_id`, `task_id`, `completed`, `completed_at`) VALUES ('46', '100', '0', NULL);
INSERT INTO `janitor_task_checklist` (`assignment_id`, `task_id`, `completed`, `completed_at`) VALUES ('46', '101', '0', NULL);
INSERT INTO `janitor_task_checklist` (`assignment_id`, `task_id`, `completed`, `completed_at`) VALUES ('46', '102', '0', NULL);
INSERT INTO `janitor_task_checklist` (`assignment_id`, `task_id`, `completed`, `completed_at`) VALUES ('46', '103', '0', NULL);
INSERT INTO `janitor_task_checklist` (`assignment_id`, `task_id`, `completed`, `completed_at`) VALUES ('46', '104', '0', NULL);
INSERT INTO `janitor_task_checklist` (`assignment_id`, `task_id`, `completed`, `completed_at`) VALUES ('46', '105', '0', NULL);
INSERT INTO `janitor_task_checklist` (`assignment_id`, `task_id`, `completed`, `completed_at`) VALUES ('46', '106', '0', NULL);
INSERT INTO `janitor_task_checklist` (`assignment_id`, `task_id`, `completed`, `completed_at`) VALUES ('47', '34', '0', NULL);
INSERT INTO `janitor_task_checklist` (`assignment_id`, `task_id`, `completed`, `completed_at`) VALUES ('47', '35', '0', NULL);
INSERT INTO `janitor_task_checklist` (`assignment_id`, `task_id`, `completed`, `completed_at`) VALUES ('47', '36', '0', NULL);
INSERT INTO `janitor_task_checklist` (`assignment_id`, `task_id`, `completed`, `completed_at`) VALUES ('47', '37', '0', NULL);
INSERT INTO `janitor_task_checklist` (`assignment_id`, `task_id`, `completed`, `completed_at`) VALUES ('47', '38', '0', NULL);
INSERT INTO `janitor_task_checklist` (`assignment_id`, `task_id`, `completed`, `completed_at`) VALUES ('47', '39', '0', NULL);
INSERT INTO `janitor_task_checklist` (`assignment_id`, `task_id`, `completed`, `completed_at`) VALUES ('47', '40', '0', NULL);
INSERT INTO `janitor_task_checklist` (`assignment_id`, `task_id`, `completed`, `completed_at`) VALUES ('47', '41', '0', NULL);
INSERT INTO `janitor_task_checklist` (`assignment_id`, `task_id`, `completed`, `completed_at`) VALUES ('47', '42', '0', NULL);
INSERT INTO `janitor_task_checklist` (`assignment_id`, `task_id`, `completed`, `completed_at`) VALUES ('47', '43', '0', NULL);
INSERT INTO `janitor_task_checklist` (`assignment_id`, `task_id`, `completed`, `completed_at`) VALUES ('47', '44', '0', NULL);
INSERT INTO `janitor_task_checklist` (`assignment_id`, `task_id`, `completed`, `completed_at`) VALUES ('47', '45', '0', NULL);
INSERT INTO `janitor_task_checklist` (`assignment_id`, `task_id`, `completed`, `completed_at`) VALUES ('47', '46', '0', NULL);
INSERT INTO `janitor_task_checklist` (`assignment_id`, `task_id`, `completed`, `completed_at`) VALUES ('47', '47', '0', NULL);
INSERT INTO `janitor_task_checklist` (`assignment_id`, `task_id`, `completed`, `completed_at`) VALUES ('47', '48', '0', NULL);
INSERT INTO `janitor_task_checklist` (`assignment_id`, `task_id`, `completed`, `completed_at`) VALUES ('47', '49', '0', NULL);
INSERT INTO `janitor_task_checklist` (`assignment_id`, `task_id`, `completed`, `completed_at`) VALUES ('47', '50', '0', NULL);
INSERT INTO `janitor_task_checklist` (`assignment_id`, `task_id`, `completed`, `completed_at`) VALUES ('47', '51', '0', NULL);
INSERT INTO `janitor_task_checklist` (`assignment_id`, `task_id`, `completed`, `completed_at`) VALUES ('47', '52', '0', NULL);
INSERT INTO `janitor_task_checklist` (`assignment_id`, `task_id`, `completed`, `completed_at`) VALUES ('47', '53', '0', NULL);
INSERT INTO `janitor_task_checklist` (`assignment_id`, `task_id`, `completed`, `completed_at`) VALUES ('47', '54', '0', NULL);
INSERT INTO `janitor_task_checklist` (`assignment_id`, `task_id`, `completed`, `completed_at`) VALUES ('47', '55', '0', NULL);
INSERT INTO `janitor_task_checklist` (`assignment_id`, `task_id`, `completed`, `completed_at`) VALUES ('47', '56', '0', NULL);
INSERT INTO `janitor_task_checklist` (`assignment_id`, `task_id`, `completed`, `completed_at`) VALUES ('47', '57', '0', NULL);
INSERT INTO `janitor_task_checklist` (`assignment_id`, `task_id`, `completed`, `completed_at`) VALUES ('47', '58', '0', NULL);
INSERT INTO `janitor_task_checklist` (`assignment_id`, `task_id`, `completed`, `completed_at`) VALUES ('47', '59', '0', NULL);
INSERT INTO `janitor_task_checklist` (`assignment_id`, `task_id`, `completed`, `completed_at`) VALUES ('47', '60', '0', NULL);
INSERT INTO `janitor_task_checklist` (`assignment_id`, `task_id`, `completed`, `completed_at`) VALUES ('47', '61', '0', NULL);
INSERT INTO `janitor_task_checklist` (`assignment_id`, `task_id`, `completed`, `completed_at`) VALUES ('47', '62', '0', NULL);
INSERT INTO `janitor_task_checklist` (`assignment_id`, `task_id`, `completed`, `completed_at`) VALUES ('47', '63', '0', NULL);
INSERT INTO `janitor_task_checklist` (`assignment_id`, `task_id`, `completed`, `completed_at`) VALUES ('47', '64', '0', NULL);
INSERT INTO `janitor_task_checklist` (`assignment_id`, `task_id`, `completed`, `completed_at`) VALUES ('47', '65', '0', NULL);
INSERT INTO `janitor_task_checklist` (`assignment_id`, `task_id`, `completed`, `completed_at`) VALUES ('47', '66', '0', NULL);
INSERT INTO `janitor_task_checklist` (`assignment_id`, `task_id`, `completed`, `completed_at`) VALUES ('47', '67', '0', NULL);
INSERT INTO `janitor_task_checklist` (`assignment_id`, `task_id`, `completed`, `completed_at`) VALUES ('47', '68', '0', NULL);
INSERT INTO `janitor_task_checklist` (`assignment_id`, `task_id`, `completed`, `completed_at`) VALUES ('47', '69', '0', NULL);
INSERT INTO `janitor_task_checklist` (`assignment_id`, `task_id`, `completed`, `completed_at`) VALUES ('47', '70', '0', NULL);
INSERT INTO `janitor_task_checklist` (`assignment_id`, `task_id`, `completed`, `completed_at`) VALUES ('47', '71', '0', NULL);
INSERT INTO `janitor_task_checklist` (`assignment_id`, `task_id`, `completed`, `completed_at`) VALUES ('47', '72', '0', NULL);
INSERT INTO `janitor_task_checklist` (`assignment_id`, `task_id`, `completed`, `completed_at`) VALUES ('47', '73', '0', NULL);
INSERT INTO `janitor_task_checklist` (`assignment_id`, `task_id`, `completed`, `completed_at`) VALUES ('47', '74', '0', NULL);
INSERT INTO `janitor_task_checklist` (`assignment_id`, `task_id`, `completed`, `completed_at`) VALUES ('47', '75', '0', NULL);
INSERT INTO `janitor_task_checklist` (`assignment_id`, `task_id`, `completed`, `completed_at`) VALUES ('47', '76', '0', NULL);
INSERT INTO `janitor_task_checklist` (`assignment_id`, `task_id`, `completed`, `completed_at`) VALUES ('47', '77', '0', NULL);
INSERT INTO `janitor_task_checklist` (`assignment_id`, `task_id`, `completed`, `completed_at`) VALUES ('47', '78', '0', NULL);
INSERT INTO `janitor_task_checklist` (`assignment_id`, `task_id`, `completed`, `completed_at`) VALUES ('47', '79', '0', NULL);
INSERT INTO `janitor_task_checklist` (`assignment_id`, `task_id`, `completed`, `completed_at`) VALUES ('47', '80', '0', NULL);
INSERT INTO `janitor_task_checklist` (`assignment_id`, `task_id`, `completed`, `completed_at`) VALUES ('47', '81', '0', NULL);
INSERT INTO `janitor_task_checklist` (`assignment_id`, `task_id`, `completed`, `completed_at`) VALUES ('47', '82', '0', NULL);
INSERT INTO `janitor_task_checklist` (`assignment_id`, `task_id`, `completed`, `completed_at`) VALUES ('47', '83', '0', NULL);
INSERT INTO `janitor_task_checklist` (`assignment_id`, `task_id`, `completed`, `completed_at`) VALUES ('47', '84', '0', NULL);
INSERT INTO `janitor_task_checklist` (`assignment_id`, `task_id`, `completed`, `completed_at`) VALUES ('47', '85', '0', NULL);
INSERT INTO `janitor_task_checklist` (`assignment_id`, `task_id`, `completed`, `completed_at`) VALUES ('47', '86', '0', NULL);
INSERT INTO `janitor_task_checklist` (`assignment_id`, `task_id`, `completed`, `completed_at`) VALUES ('47', '87', '0', NULL);
INSERT INTO `janitor_task_checklist` (`assignment_id`, `task_id`, `completed`, `completed_at`) VALUES ('47', '88', '0', NULL);
INSERT INTO `janitor_task_checklist` (`assignment_id`, `task_id`, `completed`, `completed_at`) VALUES ('47', '89', '0', NULL);
INSERT INTO `janitor_task_checklist` (`assignment_id`, `task_id`, `completed`, `completed_at`) VALUES ('47', '90', '0', NULL);
INSERT INTO `janitor_task_checklist` (`assignment_id`, `task_id`, `completed`, `completed_at`) VALUES ('47', '91', '0', NULL);
INSERT INTO `janitor_task_checklist` (`assignment_id`, `task_id`, `completed`, `completed_at`) VALUES ('47', '92', '0', NULL);
INSERT INTO `janitor_task_checklist` (`assignment_id`, `task_id`, `completed`, `completed_at`) VALUES ('47', '93', '0', NULL);
INSERT INTO `janitor_task_checklist` (`assignment_id`, `task_id`, `completed`, `completed_at`) VALUES ('47', '94', '0', NULL);
INSERT INTO `janitor_task_checklist` (`assignment_id`, `task_id`, `completed`, `completed_at`) VALUES ('47', '95', '0', NULL);
INSERT INTO `janitor_task_checklist` (`assignment_id`, `task_id`, `completed`, `completed_at`) VALUES ('47', '96', '0', NULL);
INSERT INTO `janitor_task_checklist` (`assignment_id`, `task_id`, `completed`, `completed_at`) VALUES ('47', '97', '0', NULL);
INSERT INTO `janitor_task_checklist` (`assignment_id`, `task_id`, `completed`, `completed_at`) VALUES ('47', '98', '0', NULL);
INSERT INTO `janitor_task_checklist` (`assignment_id`, `task_id`, `completed`, `completed_at`) VALUES ('47', '99', '0', NULL);
INSERT INTO `janitor_task_checklist` (`assignment_id`, `task_id`, `completed`, `completed_at`) VALUES ('47', '100', '0', NULL);
INSERT INTO `janitor_task_checklist` (`assignment_id`, `task_id`, `completed`, `completed_at`) VALUES ('47', '101', '0', NULL);
INSERT INTO `janitor_task_checklist` (`assignment_id`, `task_id`, `completed`, `completed_at`) VALUES ('47', '102', '0', NULL);
INSERT INTO `janitor_task_checklist` (`assignment_id`, `task_id`, `completed`, `completed_at`) VALUES ('47', '103', '0', NULL);
INSERT INTO `janitor_task_checklist` (`assignment_id`, `task_id`, `completed`, `completed_at`) VALUES ('47', '104', '0', NULL);
INSERT INTO `janitor_task_checklist` (`assignment_id`, `task_id`, `completed`, `completed_at`) VALUES ('47', '105', '0', NULL);
INSERT INTO `janitor_task_checklist` (`assignment_id`, `task_id`, `completed`, `completed_at`) VALUES ('47', '106', '0', NULL);
INSERT INTO `janitor_task_checklist` (`assignment_id`, `task_id`, `completed`, `completed_at`) VALUES ('48', '34', '0', NULL);
INSERT INTO `janitor_task_checklist` (`assignment_id`, `task_id`, `completed`, `completed_at`) VALUES ('48', '35', '0', NULL);
INSERT INTO `janitor_task_checklist` (`assignment_id`, `task_id`, `completed`, `completed_at`) VALUES ('48', '36', '0', NULL);
INSERT INTO `janitor_task_checklist` (`assignment_id`, `task_id`, `completed`, `completed_at`) VALUES ('48', '37', '0', NULL);
INSERT INTO `janitor_task_checklist` (`assignment_id`, `task_id`, `completed`, `completed_at`) VALUES ('48', '38', '0', NULL);
INSERT INTO `janitor_task_checklist` (`assignment_id`, `task_id`, `completed`, `completed_at`) VALUES ('48', '39', '0', NULL);
INSERT INTO `janitor_task_checklist` (`assignment_id`, `task_id`, `completed`, `completed_at`) VALUES ('48', '40', '0', NULL);
INSERT INTO `janitor_task_checklist` (`assignment_id`, `task_id`, `completed`, `completed_at`) VALUES ('48', '41', '0', NULL);
INSERT INTO `janitor_task_checklist` (`assignment_id`, `task_id`, `completed`, `completed_at`) VALUES ('48', '42', '0', NULL);
INSERT INTO `janitor_task_checklist` (`assignment_id`, `task_id`, `completed`, `completed_at`) VALUES ('48', '43', '0', NULL);
INSERT INTO `janitor_task_checklist` (`assignment_id`, `task_id`, `completed`, `completed_at`) VALUES ('48', '44', '0', NULL);
INSERT INTO `janitor_task_checklist` (`assignment_id`, `task_id`, `completed`, `completed_at`) VALUES ('48', '45', '0', NULL);
INSERT INTO `janitor_task_checklist` (`assignment_id`, `task_id`, `completed`, `completed_at`) VALUES ('48', '46', '0', NULL);
INSERT INTO `janitor_task_checklist` (`assignment_id`, `task_id`, `completed`, `completed_at`) VALUES ('48', '47', '0', NULL);
INSERT INTO `janitor_task_checklist` (`assignment_id`, `task_id`, `completed`, `completed_at`) VALUES ('48', '48', '0', NULL);
INSERT INTO `janitor_task_checklist` (`assignment_id`, `task_id`, `completed`, `completed_at`) VALUES ('48', '49', '0', NULL);
INSERT INTO `janitor_task_checklist` (`assignment_id`, `task_id`, `completed`, `completed_at`) VALUES ('48', '50', '0', NULL);
INSERT INTO `janitor_task_checklist` (`assignment_id`, `task_id`, `completed`, `completed_at`) VALUES ('48', '51', '0', NULL);
INSERT INTO `janitor_task_checklist` (`assignment_id`, `task_id`, `completed`, `completed_at`) VALUES ('48', '52', '0', NULL);
INSERT INTO `janitor_task_checklist` (`assignment_id`, `task_id`, `completed`, `completed_at`) VALUES ('48', '53', '0', NULL);
INSERT INTO `janitor_task_checklist` (`assignment_id`, `task_id`, `completed`, `completed_at`) VALUES ('48', '54', '0', NULL);
INSERT INTO `janitor_task_checklist` (`assignment_id`, `task_id`, `completed`, `completed_at`) VALUES ('48', '55', '0', NULL);
INSERT INTO `janitor_task_checklist` (`assignment_id`, `task_id`, `completed`, `completed_at`) VALUES ('48', '56', '0', NULL);
INSERT INTO `janitor_task_checklist` (`assignment_id`, `task_id`, `completed`, `completed_at`) VALUES ('48', '57', '0', NULL);
INSERT INTO `janitor_task_checklist` (`assignment_id`, `task_id`, `completed`, `completed_at`) VALUES ('48', '58', '0', NULL);
INSERT INTO `janitor_task_checklist` (`assignment_id`, `task_id`, `completed`, `completed_at`) VALUES ('48', '59', '0', NULL);
INSERT INTO `janitor_task_checklist` (`assignment_id`, `task_id`, `completed`, `completed_at`) VALUES ('48', '60', '0', NULL);
INSERT INTO `janitor_task_checklist` (`assignment_id`, `task_id`, `completed`, `completed_at`) VALUES ('48', '61', '0', NULL);
INSERT INTO `janitor_task_checklist` (`assignment_id`, `task_id`, `completed`, `completed_at`) VALUES ('48', '62', '0', NULL);
INSERT INTO `janitor_task_checklist` (`assignment_id`, `task_id`, `completed`, `completed_at`) VALUES ('48', '63', '0', NULL);
INSERT INTO `janitor_task_checklist` (`assignment_id`, `task_id`, `completed`, `completed_at`) VALUES ('48', '64', '0', NULL);
INSERT INTO `janitor_task_checklist` (`assignment_id`, `task_id`, `completed`, `completed_at`) VALUES ('48', '65', '0', NULL);
INSERT INTO `janitor_task_checklist` (`assignment_id`, `task_id`, `completed`, `completed_at`) VALUES ('48', '66', '0', NULL);
INSERT INTO `janitor_task_checklist` (`assignment_id`, `task_id`, `completed`, `completed_at`) VALUES ('48', '67', '0', NULL);
INSERT INTO `janitor_task_checklist` (`assignment_id`, `task_id`, `completed`, `completed_at`) VALUES ('48', '68', '0', NULL);
INSERT INTO `janitor_task_checklist` (`assignment_id`, `task_id`, `completed`, `completed_at`) VALUES ('48', '69', '0', NULL);
INSERT INTO `janitor_task_checklist` (`assignment_id`, `task_id`, `completed`, `completed_at`) VALUES ('48', '70', '0', NULL);
INSERT INTO `janitor_task_checklist` (`assignment_id`, `task_id`, `completed`, `completed_at`) VALUES ('48', '71', '0', NULL);
INSERT INTO `janitor_task_checklist` (`assignment_id`, `task_id`, `completed`, `completed_at`) VALUES ('48', '72', '0', NULL);
INSERT INTO `janitor_task_checklist` (`assignment_id`, `task_id`, `completed`, `completed_at`) VALUES ('48', '73', '0', NULL);
INSERT INTO `janitor_task_checklist` (`assignment_id`, `task_id`, `completed`, `completed_at`) VALUES ('48', '74', '0', NULL);
INSERT INTO `janitor_task_checklist` (`assignment_id`, `task_id`, `completed`, `completed_at`) VALUES ('48', '75', '0', NULL);
INSERT INTO `janitor_task_checklist` (`assignment_id`, `task_id`, `completed`, `completed_at`) VALUES ('48', '76', '0', NULL);
INSERT INTO `janitor_task_checklist` (`assignment_id`, `task_id`, `completed`, `completed_at`) VALUES ('48', '77', '0', NULL);
INSERT INTO `janitor_task_checklist` (`assignment_id`, `task_id`, `completed`, `completed_at`) VALUES ('48', '78', '0', NULL);
INSERT INTO `janitor_task_checklist` (`assignment_id`, `task_id`, `completed`, `completed_at`) VALUES ('48', '79', '0', NULL);
INSERT INTO `janitor_task_checklist` (`assignment_id`, `task_id`, `completed`, `completed_at`) VALUES ('48', '80', '0', NULL);
INSERT INTO `janitor_task_checklist` (`assignment_id`, `task_id`, `completed`, `completed_at`) VALUES ('48', '81', '0', NULL);
INSERT INTO `janitor_task_checklist` (`assignment_id`, `task_id`, `completed`, `completed_at`) VALUES ('48', '82', '0', NULL);
INSERT INTO `janitor_task_checklist` (`assignment_id`, `task_id`, `completed`, `completed_at`) VALUES ('48', '83', '0', NULL);
INSERT INTO `janitor_task_checklist` (`assignment_id`, `task_id`, `completed`, `completed_at`) VALUES ('48', '84', '0', NULL);
INSERT INTO `janitor_task_checklist` (`assignment_id`, `task_id`, `completed`, `completed_at`) VALUES ('48', '85', '0', NULL);
INSERT INTO `janitor_task_checklist` (`assignment_id`, `task_id`, `completed`, `completed_at`) VALUES ('48', '86', '0', NULL);
INSERT INTO `janitor_task_checklist` (`assignment_id`, `task_id`, `completed`, `completed_at`) VALUES ('48', '87', '0', NULL);
INSERT INTO `janitor_task_checklist` (`assignment_id`, `task_id`, `completed`, `completed_at`) VALUES ('48', '88', '0', NULL);
INSERT INTO `janitor_task_checklist` (`assignment_id`, `task_id`, `completed`, `completed_at`) VALUES ('48', '89', '0', NULL);
INSERT INTO `janitor_task_checklist` (`assignment_id`, `task_id`, `completed`, `completed_at`) VALUES ('48', '90', '0', NULL);
INSERT INTO `janitor_task_checklist` (`assignment_id`, `task_id`, `completed`, `completed_at`) VALUES ('48', '91', '0', NULL);
INSERT INTO `janitor_task_checklist` (`assignment_id`, `task_id`, `completed`, `completed_at`) VALUES ('48', '92', '0', NULL);
INSERT INTO `janitor_task_checklist` (`assignment_id`, `task_id`, `completed`, `completed_at`) VALUES ('48', '93', '0', NULL);
INSERT INTO `janitor_task_checklist` (`assignment_id`, `task_id`, `completed`, `completed_at`) VALUES ('48', '94', '0', NULL);
INSERT INTO `janitor_task_checklist` (`assignment_id`, `task_id`, `completed`, `completed_at`) VALUES ('48', '95', '0', NULL);
INSERT INTO `janitor_task_checklist` (`assignment_id`, `task_id`, `completed`, `completed_at`) VALUES ('48', '96', '0', NULL);
INSERT INTO `janitor_task_checklist` (`assignment_id`, `task_id`, `completed`, `completed_at`) VALUES ('48', '97', '0', NULL);
INSERT INTO `janitor_task_checklist` (`assignment_id`, `task_id`, `completed`, `completed_at`) VALUES ('48', '98', '0', NULL);
INSERT INTO `janitor_task_checklist` (`assignment_id`, `task_id`, `completed`, `completed_at`) VALUES ('48', '99', '0', NULL);
INSERT INTO `janitor_task_checklist` (`assignment_id`, `task_id`, `completed`, `completed_at`) VALUES ('48', '100', '0', NULL);
INSERT INTO `janitor_task_checklist` (`assignment_id`, `task_id`, `completed`, `completed_at`) VALUES ('48', '101', '0', NULL);
INSERT INTO `janitor_task_checklist` (`assignment_id`, `task_id`, `completed`, `completed_at`) VALUES ('48', '102', '0', NULL);
INSERT INTO `janitor_task_checklist` (`assignment_id`, `task_id`, `completed`, `completed_at`) VALUES ('48', '103', '0', NULL);
INSERT INTO `janitor_task_checklist` (`assignment_id`, `task_id`, `completed`, `completed_at`) VALUES ('48', '104', '0', NULL);
INSERT INTO `janitor_task_checklist` (`assignment_id`, `task_id`, `completed`, `completed_at`) VALUES ('48', '105', '0', NULL);
INSERT INTO `janitor_task_checklist` (`assignment_id`, `task_id`, `completed`, `completed_at`) VALUES ('48', '106', '0', NULL);
INSERT INTO `janitor_task_checklist` (`assignment_id`, `task_id`, `completed`, `completed_at`) VALUES ('49', '34', '0', NULL);
INSERT INTO `janitor_task_checklist` (`assignment_id`, `task_id`, `completed`, `completed_at`) VALUES ('49', '35', '0', NULL);
INSERT INTO `janitor_task_checklist` (`assignment_id`, `task_id`, `completed`, `completed_at`) VALUES ('49', '36', '0', NULL);
INSERT INTO `janitor_task_checklist` (`assignment_id`, `task_id`, `completed`, `completed_at`) VALUES ('49', '37', '0', NULL);
INSERT INTO `janitor_task_checklist` (`assignment_id`, `task_id`, `completed`, `completed_at`) VALUES ('49', '38', '0', NULL);
INSERT INTO `janitor_task_checklist` (`assignment_id`, `task_id`, `completed`, `completed_at`) VALUES ('49', '39', '0', NULL);
INSERT INTO `janitor_task_checklist` (`assignment_id`, `task_id`, `completed`, `completed_at`) VALUES ('49', '40', '0', NULL);
INSERT INTO `janitor_task_checklist` (`assignment_id`, `task_id`, `completed`, `completed_at`) VALUES ('49', '41', '0', NULL);
INSERT INTO `janitor_task_checklist` (`assignment_id`, `task_id`, `completed`, `completed_at`) VALUES ('49', '42', '0', NULL);
INSERT INTO `janitor_task_checklist` (`assignment_id`, `task_id`, `completed`, `completed_at`) VALUES ('49', '43', '0', NULL);
INSERT INTO `janitor_task_checklist` (`assignment_id`, `task_id`, `completed`, `completed_at`) VALUES ('49', '44', '0', NULL);
INSERT INTO `janitor_task_checklist` (`assignment_id`, `task_id`, `completed`, `completed_at`) VALUES ('49', '45', '0', NULL);
INSERT INTO `janitor_task_checklist` (`assignment_id`, `task_id`, `completed`, `completed_at`) VALUES ('49', '46', '0', NULL);
INSERT INTO `janitor_task_checklist` (`assignment_id`, `task_id`, `completed`, `completed_at`) VALUES ('49', '47', '0', NULL);
INSERT INTO `janitor_task_checklist` (`assignment_id`, `task_id`, `completed`, `completed_at`) VALUES ('49', '48', '0', NULL);
INSERT INTO `janitor_task_checklist` (`assignment_id`, `task_id`, `completed`, `completed_at`) VALUES ('49', '49', '0', NULL);
INSERT INTO `janitor_task_checklist` (`assignment_id`, `task_id`, `completed`, `completed_at`) VALUES ('49', '50', '0', NULL);
INSERT INTO `janitor_task_checklist` (`assignment_id`, `task_id`, `completed`, `completed_at`) VALUES ('49', '51', '0', NULL);
INSERT INTO `janitor_task_checklist` (`assignment_id`, `task_id`, `completed`, `completed_at`) VALUES ('49', '52', '0', NULL);
INSERT INTO `janitor_task_checklist` (`assignment_id`, `task_id`, `completed`, `completed_at`) VALUES ('49', '53', '0', NULL);
INSERT INTO `janitor_task_checklist` (`assignment_id`, `task_id`, `completed`, `completed_at`) VALUES ('49', '54', '0', NULL);
INSERT INTO `janitor_task_checklist` (`assignment_id`, `task_id`, `completed`, `completed_at`) VALUES ('49', '55', '0', NULL);
INSERT INTO `janitor_task_checklist` (`assignment_id`, `task_id`, `completed`, `completed_at`) VALUES ('49', '56', '0', NULL);
INSERT INTO `janitor_task_checklist` (`assignment_id`, `task_id`, `completed`, `completed_at`) VALUES ('49', '57', '0', NULL);
INSERT INTO `janitor_task_checklist` (`assignment_id`, `task_id`, `completed`, `completed_at`) VALUES ('49', '58', '0', NULL);
INSERT INTO `janitor_task_checklist` (`assignment_id`, `task_id`, `completed`, `completed_at`) VALUES ('49', '59', '0', NULL);
INSERT INTO `janitor_task_checklist` (`assignment_id`, `task_id`, `completed`, `completed_at`) VALUES ('49', '60', '0', NULL);
INSERT INTO `janitor_task_checklist` (`assignment_id`, `task_id`, `completed`, `completed_at`) VALUES ('49', '61', '0', NULL);
INSERT INTO `janitor_task_checklist` (`assignment_id`, `task_id`, `completed`, `completed_at`) VALUES ('49', '62', '0', NULL);
INSERT INTO `janitor_task_checklist` (`assignment_id`, `task_id`, `completed`, `completed_at`) VALUES ('49', '63', '0', NULL);
INSERT INTO `janitor_task_checklist` (`assignment_id`, `task_id`, `completed`, `completed_at`) VALUES ('49', '64', '0', NULL);
INSERT INTO `janitor_task_checklist` (`assignment_id`, `task_id`, `completed`, `completed_at`) VALUES ('49', '65', '0', NULL);
INSERT INTO `janitor_task_checklist` (`assignment_id`, `task_id`, `completed`, `completed_at`) VALUES ('49', '66', '0', NULL);
INSERT INTO `janitor_task_checklist` (`assignment_id`, `task_id`, `completed`, `completed_at`) VALUES ('49', '67', '0', NULL);
INSERT INTO `janitor_task_checklist` (`assignment_id`, `task_id`, `completed`, `completed_at`) VALUES ('49', '68', '0', NULL);
INSERT INTO `janitor_task_checklist` (`assignment_id`, `task_id`, `completed`, `completed_at`) VALUES ('49', '69', '0', NULL);
INSERT INTO `janitor_task_checklist` (`assignment_id`, `task_id`, `completed`, `completed_at`) VALUES ('49', '70', '0', NULL);
INSERT INTO `janitor_task_checklist` (`assignment_id`, `task_id`, `completed`, `completed_at`) VALUES ('49', '71', '0', NULL);
INSERT INTO `janitor_task_checklist` (`assignment_id`, `task_id`, `completed`, `completed_at`) VALUES ('49', '72', '0', NULL);
INSERT INTO `janitor_task_checklist` (`assignment_id`, `task_id`, `completed`, `completed_at`) VALUES ('49', '73', '0', NULL);
INSERT INTO `janitor_task_checklist` (`assignment_id`, `task_id`, `completed`, `completed_at`) VALUES ('49', '74', '0', NULL);
INSERT INTO `janitor_task_checklist` (`assignment_id`, `task_id`, `completed`, `completed_at`) VALUES ('49', '75', '0', NULL);
INSERT INTO `janitor_task_checklist` (`assignment_id`, `task_id`, `completed`, `completed_at`) VALUES ('49', '76', '0', NULL);
INSERT INTO `janitor_task_checklist` (`assignment_id`, `task_id`, `completed`, `completed_at`) VALUES ('49', '77', '0', NULL);
INSERT INTO `janitor_task_checklist` (`assignment_id`, `task_id`, `completed`, `completed_at`) VALUES ('49', '78', '0', NULL);
INSERT INTO `janitor_task_checklist` (`assignment_id`, `task_id`, `completed`, `completed_at`) VALUES ('49', '79', '0', NULL);
INSERT INTO `janitor_task_checklist` (`assignment_id`, `task_id`, `completed`, `completed_at`) VALUES ('49', '80', '0', NULL);
INSERT INTO `janitor_task_checklist` (`assignment_id`, `task_id`, `completed`, `completed_at`) VALUES ('49', '81', '0', NULL);
INSERT INTO `janitor_task_checklist` (`assignment_id`, `task_id`, `completed`, `completed_at`) VALUES ('49', '82', '0', NULL);
INSERT INTO `janitor_task_checklist` (`assignment_id`, `task_id`, `completed`, `completed_at`) VALUES ('49', '83', '0', NULL);
INSERT INTO `janitor_task_checklist` (`assignment_id`, `task_id`, `completed`, `completed_at`) VALUES ('49', '84', '0', NULL);
INSERT INTO `janitor_task_checklist` (`assignment_id`, `task_id`, `completed`, `completed_at`) VALUES ('49', '85', '0', NULL);
INSERT INTO `janitor_task_checklist` (`assignment_id`, `task_id`, `completed`, `completed_at`) VALUES ('49', '86', '0', NULL);
INSERT INTO `janitor_task_checklist` (`assignment_id`, `task_id`, `completed`, `completed_at`) VALUES ('49', '87', '0', NULL);
INSERT INTO `janitor_task_checklist` (`assignment_id`, `task_id`, `completed`, `completed_at`) VALUES ('49', '88', '0', NULL);
INSERT INTO `janitor_task_checklist` (`assignment_id`, `task_id`, `completed`, `completed_at`) VALUES ('49', '89', '0', NULL);
INSERT INTO `janitor_task_checklist` (`assignment_id`, `task_id`, `completed`, `completed_at`) VALUES ('49', '90', '0', NULL);
INSERT INTO `janitor_task_checklist` (`assignment_id`, `task_id`, `completed`, `completed_at`) VALUES ('49', '91', '0', NULL);
INSERT INTO `janitor_task_checklist` (`assignment_id`, `task_id`, `completed`, `completed_at`) VALUES ('49', '92', '0', NULL);
INSERT INTO `janitor_task_checklist` (`assignment_id`, `task_id`, `completed`, `completed_at`) VALUES ('49', '93', '0', NULL);
INSERT INTO `janitor_task_checklist` (`assignment_id`, `task_id`, `completed`, `completed_at`) VALUES ('49', '94', '0', NULL);
INSERT INTO `janitor_task_checklist` (`assignment_id`, `task_id`, `completed`, `completed_at`) VALUES ('49', '95', '0', NULL);
INSERT INTO `janitor_task_checklist` (`assignment_id`, `task_id`, `completed`, `completed_at`) VALUES ('49', '96', '0', NULL);
INSERT INTO `janitor_task_checklist` (`assignment_id`, `task_id`, `completed`, `completed_at`) VALUES ('49', '97', '0', NULL);
INSERT INTO `janitor_task_checklist` (`assignment_id`, `task_id`, `completed`, `completed_at`) VALUES ('49', '98', '0', NULL);
INSERT INTO `janitor_task_checklist` (`assignment_id`, `task_id`, `completed`, `completed_at`) VALUES ('49', '99', '0', NULL);
INSERT INTO `janitor_task_checklist` (`assignment_id`, `task_id`, `completed`, `completed_at`) VALUES ('49', '100', '0', NULL);
INSERT INTO `janitor_task_checklist` (`assignment_id`, `task_id`, `completed`, `completed_at`) VALUES ('49', '101', '0', NULL);
INSERT INTO `janitor_task_checklist` (`assignment_id`, `task_id`, `completed`, `completed_at`) VALUES ('49', '102', '0', NULL);
INSERT INTO `janitor_task_checklist` (`assignment_id`, `task_id`, `completed`, `completed_at`) VALUES ('49', '103', '0', NULL);
INSERT INTO `janitor_task_checklist` (`assignment_id`, `task_id`, `completed`, `completed_at`) VALUES ('49', '104', '0', NULL);
INSERT INTO `janitor_task_checklist` (`assignment_id`, `task_id`, `completed`, `completed_at`) VALUES ('49', '105', '0', NULL);
INSERT INTO `janitor_task_checklist` (`assignment_id`, `task_id`, `completed`, `completed_at`) VALUES ('49', '106', '0', NULL);
INSERT INTO `janitor_task_checklist` (`assignment_id`, `task_id`, `completed`, `completed_at`) VALUES ('50', '34', '0', NULL);
INSERT INTO `janitor_task_checklist` (`assignment_id`, `task_id`, `completed`, `completed_at`) VALUES ('50', '35', '0', NULL);
INSERT INTO `janitor_task_checklist` (`assignment_id`, `task_id`, `completed`, `completed_at`) VALUES ('50', '36', '0', NULL);
INSERT INTO `janitor_task_checklist` (`assignment_id`, `task_id`, `completed`, `completed_at`) VALUES ('50', '37', '0', NULL);
INSERT INTO `janitor_task_checklist` (`assignment_id`, `task_id`, `completed`, `completed_at`) VALUES ('50', '38', '0', NULL);
INSERT INTO `janitor_task_checklist` (`assignment_id`, `task_id`, `completed`, `completed_at`) VALUES ('50', '39', '0', NULL);
INSERT INTO `janitor_task_checklist` (`assignment_id`, `task_id`, `completed`, `completed_at`) VALUES ('50', '40', '0', NULL);
INSERT INTO `janitor_task_checklist` (`assignment_id`, `task_id`, `completed`, `completed_at`) VALUES ('50', '41', '0', NULL);
INSERT INTO `janitor_task_checklist` (`assignment_id`, `task_id`, `completed`, `completed_at`) VALUES ('50', '42', '0', NULL);
INSERT INTO `janitor_task_checklist` (`assignment_id`, `task_id`, `completed`, `completed_at`) VALUES ('50', '43', '0', NULL);
INSERT INTO `janitor_task_checklist` (`assignment_id`, `task_id`, `completed`, `completed_at`) VALUES ('50', '44', '0', NULL);
INSERT INTO `janitor_task_checklist` (`assignment_id`, `task_id`, `completed`, `completed_at`) VALUES ('50', '45', '0', NULL);
INSERT INTO `janitor_task_checklist` (`assignment_id`, `task_id`, `completed`, `completed_at`) VALUES ('50', '46', '0', NULL);
INSERT INTO `janitor_task_checklist` (`assignment_id`, `task_id`, `completed`, `completed_at`) VALUES ('50', '47', '0', NULL);
INSERT INTO `janitor_task_checklist` (`assignment_id`, `task_id`, `completed`, `completed_at`) VALUES ('50', '48', '0', NULL);
INSERT INTO `janitor_task_checklist` (`assignment_id`, `task_id`, `completed`, `completed_at`) VALUES ('50', '49', '0', NULL);
INSERT INTO `janitor_task_checklist` (`assignment_id`, `task_id`, `completed`, `completed_at`) VALUES ('50', '50', '0', NULL);
INSERT INTO `janitor_task_checklist` (`assignment_id`, `task_id`, `completed`, `completed_at`) VALUES ('50', '51', '0', NULL);
INSERT INTO `janitor_task_checklist` (`assignment_id`, `task_id`, `completed`, `completed_at`) VALUES ('50', '52', '0', NULL);
INSERT INTO `janitor_task_checklist` (`assignment_id`, `task_id`, `completed`, `completed_at`) VALUES ('50', '53', '0', NULL);
INSERT INTO `janitor_task_checklist` (`assignment_id`, `task_id`, `completed`, `completed_at`) VALUES ('50', '54', '0', NULL);
INSERT INTO `janitor_task_checklist` (`assignment_id`, `task_id`, `completed`, `completed_at`) VALUES ('50', '55', '0', NULL);
INSERT INTO `janitor_task_checklist` (`assignment_id`, `task_id`, `completed`, `completed_at`) VALUES ('50', '56', '0', NULL);
INSERT INTO `janitor_task_checklist` (`assignment_id`, `task_id`, `completed`, `completed_at`) VALUES ('50', '57', '0', NULL);
INSERT INTO `janitor_task_checklist` (`assignment_id`, `task_id`, `completed`, `completed_at`) VALUES ('50', '58', '0', NULL);
INSERT INTO `janitor_task_checklist` (`assignment_id`, `task_id`, `completed`, `completed_at`) VALUES ('50', '59', '0', NULL);
INSERT INTO `janitor_task_checklist` (`assignment_id`, `task_id`, `completed`, `completed_at`) VALUES ('50', '60', '0', NULL);
INSERT INTO `janitor_task_checklist` (`assignment_id`, `task_id`, `completed`, `completed_at`) VALUES ('50', '61', '0', NULL);
INSERT INTO `janitor_task_checklist` (`assignment_id`, `task_id`, `completed`, `completed_at`) VALUES ('50', '62', '0', NULL);
INSERT INTO `janitor_task_checklist` (`assignment_id`, `task_id`, `completed`, `completed_at`) VALUES ('50', '63', '0', NULL);
INSERT INTO `janitor_task_checklist` (`assignment_id`, `task_id`, `completed`, `completed_at`) VALUES ('50', '64', '0', NULL);
INSERT INTO `janitor_task_checklist` (`assignment_id`, `task_id`, `completed`, `completed_at`) VALUES ('50', '65', '0', NULL);
INSERT INTO `janitor_task_checklist` (`assignment_id`, `task_id`, `completed`, `completed_at`) VALUES ('50', '66', '0', NULL);
INSERT INTO `janitor_task_checklist` (`assignment_id`, `task_id`, `completed`, `completed_at`) VALUES ('50', '67', '0', NULL);
INSERT INTO `janitor_task_checklist` (`assignment_id`, `task_id`, `completed`, `completed_at`) VALUES ('50', '68', '0', NULL);
INSERT INTO `janitor_task_checklist` (`assignment_id`, `task_id`, `completed`, `completed_at`) VALUES ('50', '69', '0', NULL);
INSERT INTO `janitor_task_checklist` (`assignment_id`, `task_id`, `completed`, `completed_at`) VALUES ('50', '70', '0', NULL);
INSERT INTO `janitor_task_checklist` (`assignment_id`, `task_id`, `completed`, `completed_at`) VALUES ('50', '71', '0', NULL);
INSERT INTO `janitor_task_checklist` (`assignment_id`, `task_id`, `completed`, `completed_at`) VALUES ('50', '72', '0', NULL);
INSERT INTO `janitor_task_checklist` (`assignment_id`, `task_id`, `completed`, `completed_at`) VALUES ('50', '73', '0', NULL);
INSERT INTO `janitor_task_checklist` (`assignment_id`, `task_id`, `completed`, `completed_at`) VALUES ('50', '74', '0', NULL);
INSERT INTO `janitor_task_checklist` (`assignment_id`, `task_id`, `completed`, `completed_at`) VALUES ('50', '75', '0', NULL);
INSERT INTO `janitor_task_checklist` (`assignment_id`, `task_id`, `completed`, `completed_at`) VALUES ('50', '76', '0', NULL);
INSERT INTO `janitor_task_checklist` (`assignment_id`, `task_id`, `completed`, `completed_at`) VALUES ('50', '77', '0', NULL);
INSERT INTO `janitor_task_checklist` (`assignment_id`, `task_id`, `completed`, `completed_at`) VALUES ('50', '78', '0', NULL);
INSERT INTO `janitor_task_checklist` (`assignment_id`, `task_id`, `completed`, `completed_at`) VALUES ('50', '79', '0', NULL);
INSERT INTO `janitor_task_checklist` (`assignment_id`, `task_id`, `completed`, `completed_at`) VALUES ('50', '80', '0', NULL);
INSERT INTO `janitor_task_checklist` (`assignment_id`, `task_id`, `completed`, `completed_at`) VALUES ('50', '81', '0', NULL);
INSERT INTO `janitor_task_checklist` (`assignment_id`, `task_id`, `completed`, `completed_at`) VALUES ('50', '82', '0', NULL);
INSERT INTO `janitor_task_checklist` (`assignment_id`, `task_id`, `completed`, `completed_at`) VALUES ('50', '83', '0', NULL);
INSERT INTO `janitor_task_checklist` (`assignment_id`, `task_id`, `completed`, `completed_at`) VALUES ('50', '84', '0', NULL);
INSERT INTO `janitor_task_checklist` (`assignment_id`, `task_id`, `completed`, `completed_at`) VALUES ('50', '85', '0', NULL);
INSERT INTO `janitor_task_checklist` (`assignment_id`, `task_id`, `completed`, `completed_at`) VALUES ('50', '86', '0', NULL);
INSERT INTO `janitor_task_checklist` (`assignment_id`, `task_id`, `completed`, `completed_at`) VALUES ('50', '87', '0', NULL);
INSERT INTO `janitor_task_checklist` (`assignment_id`, `task_id`, `completed`, `completed_at`) VALUES ('50', '88', '0', NULL);
INSERT INTO `janitor_task_checklist` (`assignment_id`, `task_id`, `completed`, `completed_at`) VALUES ('50', '89', '0', NULL);
INSERT INTO `janitor_task_checklist` (`assignment_id`, `task_id`, `completed`, `completed_at`) VALUES ('50', '90', '0', NULL);
INSERT INTO `janitor_task_checklist` (`assignment_id`, `task_id`, `completed`, `completed_at`) VALUES ('50', '91', '0', NULL);
INSERT INTO `janitor_task_checklist` (`assignment_id`, `task_id`, `completed`, `completed_at`) VALUES ('50', '92', '0', NULL);
INSERT INTO `janitor_task_checklist` (`assignment_id`, `task_id`, `completed`, `completed_at`) VALUES ('50', '93', '0', NULL);
INSERT INTO `janitor_task_checklist` (`assignment_id`, `task_id`, `completed`, `completed_at`) VALUES ('50', '94', '0', NULL);
INSERT INTO `janitor_task_checklist` (`assignment_id`, `task_id`, `completed`, `completed_at`) VALUES ('50', '95', '0', NULL);
INSERT INTO `janitor_task_checklist` (`assignment_id`, `task_id`, `completed`, `completed_at`) VALUES ('50', '96', '0', NULL);
INSERT INTO `janitor_task_checklist` (`assignment_id`, `task_id`, `completed`, `completed_at`) VALUES ('50', '97', '0', NULL);
INSERT INTO `janitor_task_checklist` (`assignment_id`, `task_id`, `completed`, `completed_at`) VALUES ('50', '98', '0', NULL);
INSERT INTO `janitor_task_checklist` (`assignment_id`, `task_id`, `completed`, `completed_at`) VALUES ('50', '99', '0', NULL);
INSERT INTO `janitor_task_checklist` (`assignment_id`, `task_id`, `completed`, `completed_at`) VALUES ('50', '100', '0', NULL);
INSERT INTO `janitor_task_checklist` (`assignment_id`, `task_id`, `completed`, `completed_at`) VALUES ('50', '101', '0', NULL);
INSERT INTO `janitor_task_checklist` (`assignment_id`, `task_id`, `completed`, `completed_at`) VALUES ('50', '102', '0', NULL);
INSERT INTO `janitor_task_checklist` (`assignment_id`, `task_id`, `completed`, `completed_at`) VALUES ('50', '103', '0', NULL);
INSERT INTO `janitor_task_checklist` (`assignment_id`, `task_id`, `completed`, `completed_at`) VALUES ('50', '104', '0', NULL);
INSERT INTO `janitor_task_checklist` (`assignment_id`, `task_id`, `completed`, `completed_at`) VALUES ('50', '105', '0', NULL);
INSERT INTO `janitor_task_checklist` (`assignment_id`, `task_id`, `completed`, `completed_at`) VALUES ('50', '106', '0', NULL);
INSERT INTO `janitor_task_checklist` (`assignment_id`, `task_id`, `completed`, `completed_at`) VALUES ('51', '34', '0', NULL);
INSERT INTO `janitor_task_checklist` (`assignment_id`, `task_id`, `completed`, `completed_at`) VALUES ('51', '35', '0', NULL);
INSERT INTO `janitor_task_checklist` (`assignment_id`, `task_id`, `completed`, `completed_at`) VALUES ('51', '36', '0', NULL);
INSERT INTO `janitor_task_checklist` (`assignment_id`, `task_id`, `completed`, `completed_at`) VALUES ('51', '37', '0', NULL);
INSERT INTO `janitor_task_checklist` (`assignment_id`, `task_id`, `completed`, `completed_at`) VALUES ('51', '38', '0', NULL);
INSERT INTO `janitor_task_checklist` (`assignment_id`, `task_id`, `completed`, `completed_at`) VALUES ('51', '39', '0', NULL);
INSERT INTO `janitor_task_checklist` (`assignment_id`, `task_id`, `completed`, `completed_at`) VALUES ('51', '40', '0', NULL);
INSERT INTO `janitor_task_checklist` (`assignment_id`, `task_id`, `completed`, `completed_at`) VALUES ('51', '41', '0', NULL);
INSERT INTO `janitor_task_checklist` (`assignment_id`, `task_id`, `completed`, `completed_at`) VALUES ('51', '42', '0', NULL);
INSERT INTO `janitor_task_checklist` (`assignment_id`, `task_id`, `completed`, `completed_at`) VALUES ('51', '43', '0', NULL);
INSERT INTO `janitor_task_checklist` (`assignment_id`, `task_id`, `completed`, `completed_at`) VALUES ('51', '44', '0', NULL);
INSERT INTO `janitor_task_checklist` (`assignment_id`, `task_id`, `completed`, `completed_at`) VALUES ('51', '45', '0', NULL);
INSERT INTO `janitor_task_checklist` (`assignment_id`, `task_id`, `completed`, `completed_at`) VALUES ('51', '46', '0', NULL);
INSERT INTO `janitor_task_checklist` (`assignment_id`, `task_id`, `completed`, `completed_at`) VALUES ('51', '47', '0', NULL);
INSERT INTO `janitor_task_checklist` (`assignment_id`, `task_id`, `completed`, `completed_at`) VALUES ('51', '48', '0', NULL);
INSERT INTO `janitor_task_checklist` (`assignment_id`, `task_id`, `completed`, `completed_at`) VALUES ('51', '49', '0', NULL);
INSERT INTO `janitor_task_checklist` (`assignment_id`, `task_id`, `completed`, `completed_at`) VALUES ('51', '50', '0', NULL);
INSERT INTO `janitor_task_checklist` (`assignment_id`, `task_id`, `completed`, `completed_at`) VALUES ('51', '51', '0', NULL);
INSERT INTO `janitor_task_checklist` (`assignment_id`, `task_id`, `completed`, `completed_at`) VALUES ('51', '52', '0', NULL);
INSERT INTO `janitor_task_checklist` (`assignment_id`, `task_id`, `completed`, `completed_at`) VALUES ('51', '53', '0', NULL);
INSERT INTO `janitor_task_checklist` (`assignment_id`, `task_id`, `completed`, `completed_at`) VALUES ('51', '54', '0', NULL);
INSERT INTO `janitor_task_checklist` (`assignment_id`, `task_id`, `completed`, `completed_at`) VALUES ('51', '55', '0', NULL);
INSERT INTO `janitor_task_checklist` (`assignment_id`, `task_id`, `completed`, `completed_at`) VALUES ('51', '56', '0', NULL);
INSERT INTO `janitor_task_checklist` (`assignment_id`, `task_id`, `completed`, `completed_at`) VALUES ('51', '57', '0', NULL);
INSERT INTO `janitor_task_checklist` (`assignment_id`, `task_id`, `completed`, `completed_at`) VALUES ('51', '58', '0', NULL);
INSERT INTO `janitor_task_checklist` (`assignment_id`, `task_id`, `completed`, `completed_at`) VALUES ('51', '59', '0', NULL);
INSERT INTO `janitor_task_checklist` (`assignment_id`, `task_id`, `completed`, `completed_at`) VALUES ('51', '60', '0', NULL);
INSERT INTO `janitor_task_checklist` (`assignment_id`, `task_id`, `completed`, `completed_at`) VALUES ('51', '61', '0', NULL);
INSERT INTO `janitor_task_checklist` (`assignment_id`, `task_id`, `completed`, `completed_at`) VALUES ('51', '62', '0', NULL);
INSERT INTO `janitor_task_checklist` (`assignment_id`, `task_id`, `completed`, `completed_at`) VALUES ('51', '63', '0', NULL);
INSERT INTO `janitor_task_checklist` (`assignment_id`, `task_id`, `completed`, `completed_at`) VALUES ('51', '64', '0', NULL);
INSERT INTO `janitor_task_checklist` (`assignment_id`, `task_id`, `completed`, `completed_at`) VALUES ('51', '65', '0', NULL);
INSERT INTO `janitor_task_checklist` (`assignment_id`, `task_id`, `completed`, `completed_at`) VALUES ('51', '66', '0', NULL);
INSERT INTO `janitor_task_checklist` (`assignment_id`, `task_id`, `completed`, `completed_at`) VALUES ('51', '67', '0', NULL);
INSERT INTO `janitor_task_checklist` (`assignment_id`, `task_id`, `completed`, `completed_at`) VALUES ('51', '68', '0', NULL);
INSERT INTO `janitor_task_checklist` (`assignment_id`, `task_id`, `completed`, `completed_at`) VALUES ('51', '69', '0', NULL);
INSERT INTO `janitor_task_checklist` (`assignment_id`, `task_id`, `completed`, `completed_at`) VALUES ('51', '70', '0', NULL);
INSERT INTO `janitor_task_checklist` (`assignment_id`, `task_id`, `completed`, `completed_at`) VALUES ('51', '71', '0', NULL);
INSERT INTO `janitor_task_checklist` (`assignment_id`, `task_id`, `completed`, `completed_at`) VALUES ('51', '72', '0', NULL);
INSERT INTO `janitor_task_checklist` (`assignment_id`, `task_id`, `completed`, `completed_at`) VALUES ('51', '73', '0', NULL);
INSERT INTO `janitor_task_checklist` (`assignment_id`, `task_id`, `completed`, `completed_at`) VALUES ('51', '74', '0', NULL);
INSERT INTO `janitor_task_checklist` (`assignment_id`, `task_id`, `completed`, `completed_at`) VALUES ('51', '75', '0', NULL);
INSERT INTO `janitor_task_checklist` (`assignment_id`, `task_id`, `completed`, `completed_at`) VALUES ('51', '76', '0', NULL);
INSERT INTO `janitor_task_checklist` (`assignment_id`, `task_id`, `completed`, `completed_at`) VALUES ('51', '77', '0', NULL);
INSERT INTO `janitor_task_checklist` (`assignment_id`, `task_id`, `completed`, `completed_at`) VALUES ('51', '78', '0', NULL);
INSERT INTO `janitor_task_checklist` (`assignment_id`, `task_id`, `completed`, `completed_at`) VALUES ('51', '79', '0', NULL);
INSERT INTO `janitor_task_checklist` (`assignment_id`, `task_id`, `completed`, `completed_at`) VALUES ('51', '80', '0', NULL);
INSERT INTO `janitor_task_checklist` (`assignment_id`, `task_id`, `completed`, `completed_at`) VALUES ('51', '81', '0', NULL);
INSERT INTO `janitor_task_checklist` (`assignment_id`, `task_id`, `completed`, `completed_at`) VALUES ('51', '82', '0', NULL);
INSERT INTO `janitor_task_checklist` (`assignment_id`, `task_id`, `completed`, `completed_at`) VALUES ('51', '83', '0', NULL);
INSERT INTO `janitor_task_checklist` (`assignment_id`, `task_id`, `completed`, `completed_at`) VALUES ('51', '84', '0', NULL);
INSERT INTO `janitor_task_checklist` (`assignment_id`, `task_id`, `completed`, `completed_at`) VALUES ('51', '85', '0', NULL);
INSERT INTO `janitor_task_checklist` (`assignment_id`, `task_id`, `completed`, `completed_at`) VALUES ('51', '86', '0', NULL);
INSERT INTO `janitor_task_checklist` (`assignment_id`, `task_id`, `completed`, `completed_at`) VALUES ('51', '87', '0', NULL);
INSERT INTO `janitor_task_checklist` (`assignment_id`, `task_id`, `completed`, `completed_at`) VALUES ('51', '88', '0', NULL);
INSERT INTO `janitor_task_checklist` (`assignment_id`, `task_id`, `completed`, `completed_at`) VALUES ('51', '89', '0', NULL);
INSERT INTO `janitor_task_checklist` (`assignment_id`, `task_id`, `completed`, `completed_at`) VALUES ('51', '90', '0', NULL);
INSERT INTO `janitor_task_checklist` (`assignment_id`, `task_id`, `completed`, `completed_at`) VALUES ('51', '91', '0', NULL);
INSERT INTO `janitor_task_checklist` (`assignment_id`, `task_id`, `completed`, `completed_at`) VALUES ('51', '92', '0', NULL);
INSERT INTO `janitor_task_checklist` (`assignment_id`, `task_id`, `completed`, `completed_at`) VALUES ('51', '93', '0', NULL);
INSERT INTO `janitor_task_checklist` (`assignment_id`, `task_id`, `completed`, `completed_at`) VALUES ('51', '94', '0', NULL);
INSERT INTO `janitor_task_checklist` (`assignment_id`, `task_id`, `completed`, `completed_at`) VALUES ('51', '95', '0', NULL);
INSERT INTO `janitor_task_checklist` (`assignment_id`, `task_id`, `completed`, `completed_at`) VALUES ('51', '96', '0', NULL);
INSERT INTO `janitor_task_checklist` (`assignment_id`, `task_id`, `completed`, `completed_at`) VALUES ('51', '97', '0', NULL);
INSERT INTO `janitor_task_checklist` (`assignment_id`, `task_id`, `completed`, `completed_at`) VALUES ('51', '98', '0', NULL);
INSERT INTO `janitor_task_checklist` (`assignment_id`, `task_id`, `completed`, `completed_at`) VALUES ('51', '99', '0', NULL);
INSERT INTO `janitor_task_checklist` (`assignment_id`, `task_id`, `completed`, `completed_at`) VALUES ('51', '100', '0', NULL);
INSERT INTO `janitor_task_checklist` (`assignment_id`, `task_id`, `completed`, `completed_at`) VALUES ('51', '101', '0', NULL);
INSERT INTO `janitor_task_checklist` (`assignment_id`, `task_id`, `completed`, `completed_at`) VALUES ('51', '102', '0', NULL);
INSERT INTO `janitor_task_checklist` (`assignment_id`, `task_id`, `completed`, `completed_at`) VALUES ('51', '103', '0', NULL);
INSERT INTO `janitor_task_checklist` (`assignment_id`, `task_id`, `completed`, `completed_at`) VALUES ('51', '104', '0', NULL);
INSERT INTO `janitor_task_checklist` (`assignment_id`, `task_id`, `completed`, `completed_at`) VALUES ('51', '105', '0', NULL);
INSERT INTO `janitor_task_checklist` (`assignment_id`, `task_id`, `completed`, `completed_at`) VALUES ('51', '106', '0', NULL);
INSERT INTO `janitor_task_checklist` (`assignment_id`, `task_id`, `completed`, `completed_at`) VALUES ('52', '34', '0', NULL);
INSERT INTO `janitor_task_checklist` (`assignment_id`, `task_id`, `completed`, `completed_at`) VALUES ('52', '35', '0', NULL);
INSERT INTO `janitor_task_checklist` (`assignment_id`, `task_id`, `completed`, `completed_at`) VALUES ('52', '36', '0', NULL);
INSERT INTO `janitor_task_checklist` (`assignment_id`, `task_id`, `completed`, `completed_at`) VALUES ('52', '37', '0', NULL);
INSERT INTO `janitor_task_checklist` (`assignment_id`, `task_id`, `completed`, `completed_at`) VALUES ('52', '38', '0', NULL);
INSERT INTO `janitor_task_checklist` (`assignment_id`, `task_id`, `completed`, `completed_at`) VALUES ('52', '39', '0', NULL);
INSERT INTO `janitor_task_checklist` (`assignment_id`, `task_id`, `completed`, `completed_at`) VALUES ('52', '40', '0', NULL);
INSERT INTO `janitor_task_checklist` (`assignment_id`, `task_id`, `completed`, `completed_at`) VALUES ('52', '41', '0', NULL);
INSERT INTO `janitor_task_checklist` (`assignment_id`, `task_id`, `completed`, `completed_at`) VALUES ('52', '42', '0', NULL);
INSERT INTO `janitor_task_checklist` (`assignment_id`, `task_id`, `completed`, `completed_at`) VALUES ('52', '43', '0', NULL);
INSERT INTO `janitor_task_checklist` (`assignment_id`, `task_id`, `completed`, `completed_at`) VALUES ('52', '44', '0', NULL);
INSERT INTO `janitor_task_checklist` (`assignment_id`, `task_id`, `completed`, `completed_at`) VALUES ('52', '45', '0', NULL);
INSERT INTO `janitor_task_checklist` (`assignment_id`, `task_id`, `completed`, `completed_at`) VALUES ('52', '46', '0', NULL);
INSERT INTO `janitor_task_checklist` (`assignment_id`, `task_id`, `completed`, `completed_at`) VALUES ('52', '47', '0', NULL);
INSERT INTO `janitor_task_checklist` (`assignment_id`, `task_id`, `completed`, `completed_at`) VALUES ('52', '48', '0', NULL);
INSERT INTO `janitor_task_checklist` (`assignment_id`, `task_id`, `completed`, `completed_at`) VALUES ('52', '49', '0', NULL);
INSERT INTO `janitor_task_checklist` (`assignment_id`, `task_id`, `completed`, `completed_at`) VALUES ('52', '50', '0', NULL);
INSERT INTO `janitor_task_checklist` (`assignment_id`, `task_id`, `completed`, `completed_at`) VALUES ('52', '51', '0', NULL);
INSERT INTO `janitor_task_checklist` (`assignment_id`, `task_id`, `completed`, `completed_at`) VALUES ('52', '52', '0', NULL);
INSERT INTO `janitor_task_checklist` (`assignment_id`, `task_id`, `completed`, `completed_at`) VALUES ('52', '53', '0', NULL);
INSERT INTO `janitor_task_checklist` (`assignment_id`, `task_id`, `completed`, `completed_at`) VALUES ('52', '54', '0', NULL);
INSERT INTO `janitor_task_checklist` (`assignment_id`, `task_id`, `completed`, `completed_at`) VALUES ('52', '55', '0', NULL);
INSERT INTO `janitor_task_checklist` (`assignment_id`, `task_id`, `completed`, `completed_at`) VALUES ('52', '56', '0', NULL);
INSERT INTO `janitor_task_checklist` (`assignment_id`, `task_id`, `completed`, `completed_at`) VALUES ('52', '57', '0', NULL);
INSERT INTO `janitor_task_checklist` (`assignment_id`, `task_id`, `completed`, `completed_at`) VALUES ('52', '58', '0', NULL);
INSERT INTO `janitor_task_checklist` (`assignment_id`, `task_id`, `completed`, `completed_at`) VALUES ('52', '59', '0', NULL);
INSERT INTO `janitor_task_checklist` (`assignment_id`, `task_id`, `completed`, `completed_at`) VALUES ('52', '60', '0', NULL);
INSERT INTO `janitor_task_checklist` (`assignment_id`, `task_id`, `completed`, `completed_at`) VALUES ('52', '61', '0', NULL);
INSERT INTO `janitor_task_checklist` (`assignment_id`, `task_id`, `completed`, `completed_at`) VALUES ('52', '62', '0', NULL);
INSERT INTO `janitor_task_checklist` (`assignment_id`, `task_id`, `completed`, `completed_at`) VALUES ('52', '63', '0', NULL);
INSERT INTO `janitor_task_checklist` (`assignment_id`, `task_id`, `completed`, `completed_at`) VALUES ('52', '64', '0', NULL);
INSERT INTO `janitor_task_checklist` (`assignment_id`, `task_id`, `completed`, `completed_at`) VALUES ('52', '65', '0', NULL);
INSERT INTO `janitor_task_checklist` (`assignment_id`, `task_id`, `completed`, `completed_at`) VALUES ('52', '66', '0', NULL);
INSERT INTO `janitor_task_checklist` (`assignment_id`, `task_id`, `completed`, `completed_at`) VALUES ('52', '67', '0', NULL);
INSERT INTO `janitor_task_checklist` (`assignment_id`, `task_id`, `completed`, `completed_at`) VALUES ('52', '68', '0', NULL);
INSERT INTO `janitor_task_checklist` (`assignment_id`, `task_id`, `completed`, `completed_at`) VALUES ('52', '69', '0', NULL);
INSERT INTO `janitor_task_checklist` (`assignment_id`, `task_id`, `completed`, `completed_at`) VALUES ('52', '70', '0', NULL);
INSERT INTO `janitor_task_checklist` (`assignment_id`, `task_id`, `completed`, `completed_at`) VALUES ('52', '71', '0', NULL);
INSERT INTO `janitor_task_checklist` (`assignment_id`, `task_id`, `completed`, `completed_at`) VALUES ('52', '72', '0', NULL);
INSERT INTO `janitor_task_checklist` (`assignment_id`, `task_id`, `completed`, `completed_at`) VALUES ('52', '73', '0', NULL);
INSERT INTO `janitor_task_checklist` (`assignment_id`, `task_id`, `completed`, `completed_at`) VALUES ('52', '74', '0', NULL);
INSERT INTO `janitor_task_checklist` (`assignment_id`, `task_id`, `completed`, `completed_at`) VALUES ('52', '75', '0', NULL);
INSERT INTO `janitor_task_checklist` (`assignment_id`, `task_id`, `completed`, `completed_at`) VALUES ('52', '76', '0', NULL);
INSERT INTO `janitor_task_checklist` (`assignment_id`, `task_id`, `completed`, `completed_at`) VALUES ('52', '77', '0', NULL);
INSERT INTO `janitor_task_checklist` (`assignment_id`, `task_id`, `completed`, `completed_at`) VALUES ('52', '78', '0', NULL);
INSERT INTO `janitor_task_checklist` (`assignment_id`, `task_id`, `completed`, `completed_at`) VALUES ('52', '79', '0', NULL);
INSERT INTO `janitor_task_checklist` (`assignment_id`, `task_id`, `completed`, `completed_at`) VALUES ('52', '80', '0', NULL);
INSERT INTO `janitor_task_checklist` (`assignment_id`, `task_id`, `completed`, `completed_at`) VALUES ('52', '81', '0', NULL);
INSERT INTO `janitor_task_checklist` (`assignment_id`, `task_id`, `completed`, `completed_at`) VALUES ('52', '82', '0', NULL);
INSERT INTO `janitor_task_checklist` (`assignment_id`, `task_id`, `completed`, `completed_at`) VALUES ('52', '83', '0', NULL);
INSERT INTO `janitor_task_checklist` (`assignment_id`, `task_id`, `completed`, `completed_at`) VALUES ('52', '84', '0', NULL);
INSERT INTO `janitor_task_checklist` (`assignment_id`, `task_id`, `completed`, `completed_at`) VALUES ('52', '85', '0', NULL);
INSERT INTO `janitor_task_checklist` (`assignment_id`, `task_id`, `completed`, `completed_at`) VALUES ('52', '86', '0', NULL);
INSERT INTO `janitor_task_checklist` (`assignment_id`, `task_id`, `completed`, `completed_at`) VALUES ('52', '87', '0', NULL);
INSERT INTO `janitor_task_checklist` (`assignment_id`, `task_id`, `completed`, `completed_at`) VALUES ('52', '88', '0', NULL);
INSERT INTO `janitor_task_checklist` (`assignment_id`, `task_id`, `completed`, `completed_at`) VALUES ('52', '89', '0', NULL);
INSERT INTO `janitor_task_checklist` (`assignment_id`, `task_id`, `completed`, `completed_at`) VALUES ('52', '90', '0', NULL);
INSERT INTO `janitor_task_checklist` (`assignment_id`, `task_id`, `completed`, `completed_at`) VALUES ('52', '91', '0', NULL);
INSERT INTO `janitor_task_checklist` (`assignment_id`, `task_id`, `completed`, `completed_at`) VALUES ('52', '92', '0', NULL);
INSERT INTO `janitor_task_checklist` (`assignment_id`, `task_id`, `completed`, `completed_at`) VALUES ('52', '93', '0', NULL);
INSERT INTO `janitor_task_checklist` (`assignment_id`, `task_id`, `completed`, `completed_at`) VALUES ('52', '94', '0', NULL);
INSERT INTO `janitor_task_checklist` (`assignment_id`, `task_id`, `completed`, `completed_at`) VALUES ('52', '95', '0', NULL);
INSERT INTO `janitor_task_checklist` (`assignment_id`, `task_id`, `completed`, `completed_at`) VALUES ('52', '96', '0', NULL);
INSERT INTO `janitor_task_checklist` (`assignment_id`, `task_id`, `completed`, `completed_at`) VALUES ('52', '97', '0', NULL);
INSERT INTO `janitor_task_checklist` (`assignment_id`, `task_id`, `completed`, `completed_at`) VALUES ('52', '98', '0', NULL);
INSERT INTO `janitor_task_checklist` (`assignment_id`, `task_id`, `completed`, `completed_at`) VALUES ('52', '99', '0', NULL);
INSERT INTO `janitor_task_checklist` (`assignment_id`, `task_id`, `completed`, `completed_at`) VALUES ('52', '100', '0', NULL);
INSERT INTO `janitor_task_checklist` (`assignment_id`, `task_id`, `completed`, `completed_at`) VALUES ('52', '101', '0', NULL);
INSERT INTO `janitor_task_checklist` (`assignment_id`, `task_id`, `completed`, `completed_at`) VALUES ('52', '102', '0', NULL);
INSERT INTO `janitor_task_checklist` (`assignment_id`, `task_id`, `completed`, `completed_at`) VALUES ('52', '103', '0', NULL);
INSERT INTO `janitor_task_checklist` (`assignment_id`, `task_id`, `completed`, `completed_at`) VALUES ('52', '104', '0', NULL);
INSERT INTO `janitor_task_checklist` (`assignment_id`, `task_id`, `completed`, `completed_at`) VALUES ('52', '105', '0', NULL);
INSERT INTO `janitor_task_checklist` (`assignment_id`, `task_id`, `completed`, `completed_at`) VALUES ('52', '106', '0', NULL);

DROP TABLE IF EXISTS `materials`;
CREATE TABLE `materials` (
  `id` int(11) NOT NULL AUTO_INCREMENT,
  `name` varchar(255) NOT NULL,
  `created_at` timestamp NOT NULL DEFAULT current_timestamp(),
  `quantity` int(11) NOT NULL DEFAULT 1,
  PRIMARY KEY (`id`),
  UNIQUE KEY `unique_name` (`name`)
) ENGINE=InnoDB DEFAULT CHARSET=utf8mb4 COLLATE=utf8mb4_unicode_ci;

DROP TABLE IF EXISTS `materials_catalog`;
CREATE TABLE `materials_catalog` (
  `id` int(10) unsigned NOT NULL AUTO_INCREMENT,
  `name` varchar(150) NOT NULL,
  `type` enum('material','supply','tool') NOT NULL DEFAULT 'supply',
  `created_at` timestamp NOT NULL DEFAULT current_timestamp(),
  PRIMARY KEY (`id`),
  UNIQUE KEY `unique_name_type` (`name`,`type`)
) ENGINE=InnoDB AUTO_INCREMENT=4 DEFAULT CHARSET=utf8mb4 COLLATE=utf8mb4_general_ci;

INSERT INTO `materials_catalog` (`id`, `name`, `type`, `created_at`) VALUES ('1', 'Vacuum, Standard', 'tool', '2026-03-25 21:47:04');
INSERT INTO `materials_catalog` (`id`, `name`, `type`, `created_at`) VALUES ('2', 'Rag', 'tool', '2026-03-25 21:48:12');

DROP TABLE IF EXISTS `organizations`;
CREATE TABLE `organizations` (
  `id` int(11) NOT NULL AUTO_INCREMENT,
  `name` varchar(255) NOT NULL,
  `created_at` timestamp NOT NULL DEFAULT current_timestamp(),
  PRIMARY KEY (`id`),
  UNIQUE KEY `unique_name` (`name`)
) ENGINE=InnoDB AUTO_INCREMENT=3 DEFAULT CHARSET=utf8mb4 COLLATE=utf8mb4_unicode_ci;

INSERT INTO `organizations` (`id`, `name`, `created_at`) VALUES ('1', 'Kevin Gunn', '2026-03-28 15:56:58');
INSERT INTO `organizations` (`id`, `name`, `created_at`) VALUES ('2', 'Men\'s Ministry', '2026-03-30 16:55:29');

DROP TABLE IF EXISTS `reservation_exceptions`;
CREATE TABLE `reservation_exceptions` (
  `id` int(11) NOT NULL AUTO_INCREMENT,
  `reservation_id` int(11) NOT NULL,
  `exception_date` date NOT NULL,
  `created_at` timestamp NOT NULL DEFAULT current_timestamp(),
  PRIMARY KEY (`id`),
  UNIQUE KEY `uniq_res_date` (`reservation_id`,`exception_date`),
  CONSTRAINT `reservation_exceptions_ibfk_1` FOREIGN KEY (`reservation_id`) REFERENCES `reservations` (`id`) ON DELETE CASCADE
) ENGINE=InnoDB AUTO_INCREMENT=2 DEFAULT CHARSET=utf8mb4 COLLATE=utf8mb4_unicode_ci;

DROP TABLE IF EXISTS `reservation_rooms`;
CREATE TABLE `reservation_rooms` (
  `reservation_id` int(11) NOT NULL,
  `room_id` int(11) NOT NULL,
  PRIMARY KEY (`reservation_id`,`room_id`),
  KEY `room_id` (`room_id`),
  CONSTRAINT `reservation_rooms_ibfk_1` FOREIGN KEY (`reservation_id`) REFERENCES `reservations` (`id`) ON DELETE CASCADE,
  CONSTRAINT `reservation_rooms_ibfk_2` FOREIGN KEY (`room_id`) REFERENCES `rooms` (`id`) ON DELETE CASCADE
) ENGINE=InnoDB DEFAULT CHARSET=utf8mb4 COLLATE=utf8mb4_unicode_ci;

INSERT INTO `reservation_rooms` (`reservation_id`, `room_id`) VALUES ('5', '66');
INSERT INTO `reservation_rooms` (`reservation_id`, `room_id`) VALUES ('6', '67');
INSERT INTO `reservation_rooms` (`reservation_id`, `room_id`) VALUES ('7', '85');
INSERT INTO `reservation_rooms` (`reservation_id`, `room_id`) VALUES ('10', '61');
INSERT INTO `reservation_rooms` (`reservation_id`, `room_id`) VALUES ('10', '62');
INSERT INTO `reservation_rooms` (`reservation_id`, `room_id`) VALUES ('10', '65');
INSERT INTO `reservation_rooms` (`reservation_id`, `room_id`) VALUES ('10', '89');
INSERT INTO `reservation_rooms` (`reservation_id`, `room_id`) VALUES ('10', '92');

DROP TABLE IF EXISTS `reservation_task_groups`;
CREATE TABLE `reservation_task_groups` (
  `reservation_id` int(11) NOT NULL,
  `task_group_id` int(11) NOT NULL,
  PRIMARY KEY (`reservation_id`,`task_group_id`),
  KEY `task_group_id` (`task_group_id`),
  CONSTRAINT `reservation_task_groups_ibfk_1` FOREIGN KEY (`reservation_id`) REFERENCES `reservations` (`id`) ON DELETE CASCADE,
  CONSTRAINT `reservation_task_groups_ibfk_2` FOREIGN KEY (`task_group_id`) REFERENCES `task_groups` (`id`) ON DELETE CASCADE
) ENGINE=InnoDB DEFAULT CHARSET=utf8mb4 COLLATE=utf8mb4_unicode_ci;

DROP TABLE IF EXISTS `reservations`;
CREATE TABLE `reservations` (
  `id` int(11) NOT NULL AUTO_INCREMENT,
  `title` varchar(255) DEFAULT NULL,
  `organization_id` int(11) DEFAULT NULL,
  `start_datetime` datetime NOT NULL,
  `end_datetime` datetime NOT NULL,
  `notes` text DEFAULT NULL,
  `is_recurring` tinyint(1) NOT NULL DEFAULT 0,
  `recurrence_rule` varchar(50) DEFAULT NULL COMMENT 'weekly | biweekly | monthly | daily',
  `recurrence_end_date` date DEFAULT NULL,
  `parent_reservation_id` int(11) DEFAULT NULL,
  `created_by` int(11) DEFAULT NULL,
  `created_at` timestamp NOT NULL DEFAULT current_timestamp(),
  `updated_at` timestamp NOT NULL DEFAULT current_timestamp() ON UPDATE current_timestamp(),
  `cleanup_mode` enum('no','auto','custom') NOT NULL DEFAULT 'auto',
  PRIMARY KEY (`id`),
  KEY `idx_start` (`start_datetime`),
  KEY `idx_org` (`organization_id`),
  CONSTRAINT `reservations_ibfk_1` FOREIGN KEY (`organization_id`) REFERENCES `organizations` (`id`) ON DELETE SET NULL
) ENGINE=InnoDB AUTO_INCREMENT=11 DEFAULT CHARSET=utf8mb4 COLLATE=utf8mb4_unicode_ci;

INSERT INTO `reservations` (`id`, `title`, `organization_id`, `start_datetime`, `end_datetime`, `notes`, `is_recurring`, `recurrence_rule`, `recurrence_end_date`, `parent_reservation_id`, `created_by`, `created_at`, `updated_at`, `cleanup_mode`) VALUES ('5', '2', NULL, '2026-03-20 10:00:00', '2026-03-20 13:00:00', NULL, '0', NULL, NULL, NULL, '16', '2026-03-30 08:54:24', '2026-03-30 08:54:24', 'auto');
INSERT INTO `reservations` (`id`, `title`, `organization_id`, `start_datetime`, `end_datetime`, `notes`, `is_recurring`, `recurrence_rule`, `recurrence_end_date`, `parent_reservation_id`, `created_by`, `created_at`, `updated_at`, `cleanup_mode`) VALUES ('6', '3', NULL, '2026-03-20 13:00:00', '2026-03-20 14:00:00', NULL, '0', NULL, NULL, NULL, '16', '2026-03-30 08:54:37', '2026-03-30 08:54:37', 'auto');
INSERT INTO `reservations` (`id`, `title`, `organization_id`, `start_datetime`, `end_datetime`, `notes`, `is_recurring`, `recurrence_rule`, `recurrence_end_date`, `parent_reservation_id`, `created_by`, `created_at`, `updated_at`, `cleanup_mode`) VALUES ('7', 'Kevin\'s Birthday', '1', '2026-03-18 13:00:00', '2026-03-18 17:00:00', NULL, '0', NULL, NULL, NULL, '16', '2026-03-30 10:09:00', '2026-03-30 10:09:00', 'auto');
INSERT INTO `reservations` (`id`, `title`, `organization_id`, `start_datetime`, `end_datetime`, `notes`, `is_recurring`, `recurrence_rule`, `recurrence_end_date`, `parent_reservation_id`, `created_by`, `created_at`, `updated_at`, `cleanup_mode`) VALUES ('10', 'Men\'s Breakfast', '2', '2026-03-07 09:00:00', '2026-03-07 12:00:00', NULL, '1', 'monthly:nth:first:SAT', NULL, NULL, '16', '2026-03-30 16:55:46', '2026-03-30 21:48:41', 'auto');

DROP TABLE IF EXISTS `room_default_task_groups`;
CREATE TABLE `room_default_task_groups` (
  `room_id` int(11) NOT NULL,
  `task_group_id` int(11) NOT NULL,
  PRIMARY KEY (`room_id`,`task_group_id`),
  KEY `task_group_id` (`task_group_id`),
  CONSTRAINT `room_default_task_groups_ibfk_1` FOREIGN KEY (`room_id`) REFERENCES `rooms` (`id`) ON DELETE CASCADE,
  CONSTRAINT `room_default_task_groups_ibfk_2` FOREIGN KEY (`task_group_id`) REFERENCES `task_groups` (`id`) ON DELETE CASCADE
) ENGINE=InnoDB DEFAULT CHARSET=utf8mb4 COLLATE=utf8mb4_unicode_ci;

DROP TABLE IF EXISTS `room_equipment`;
CREATE TABLE `room_equipment` (
  `id` int(11) NOT NULL AUTO_INCREMENT,
  `room_id` int(11) NOT NULL,
  `equipment_id` int(11) NOT NULL,
  `quantity` int(11) NOT NULL DEFAULT 1,
  `notes` varchar(255) DEFAULT NULL,
  `is_movable` tinyint(1) NOT NULL DEFAULT 1,
  PRIMARY KEY (`id`),
  UNIQUE KEY `unique_room_equipment` (`room_id`,`equipment_id`),
  KEY `equipment_id` (`equipment_id`),
  CONSTRAINT `room_equipment_ibfk_1` FOREIGN KEY (`room_id`) REFERENCES `rooms` (`id`) ON DELETE CASCADE,
  CONSTRAINT `room_equipment_ibfk_2` FOREIGN KEY (`equipment_id`) REFERENCES `equipment_catalog` (`id`) ON DELETE CASCADE
) ENGINE=InnoDB DEFAULT CHARSET=utf8mb4 COLLATE=utf8mb4_unicode_ci;

DROP TABLE IF EXISTS `room_link_members`;
CREATE TABLE `room_link_members` (
  `link_id` int(11) NOT NULL,
  `room_id` int(11) NOT NULL,
  `original_name` varchar(255) NOT NULL DEFAULT '',
  PRIMARY KEY (`link_id`,`room_id`),
  KEY `idx_room` (`room_id`)
) ENGINE=InnoDB DEFAULT CHARSET=utf8mb4 COLLATE=utf8mb4_general_ci;

INSERT INTO `room_link_members` (`link_id`, `room_id`, `original_name`) VALUES ('3', '66', 'Sanctuary');
INSERT INTO `room_link_members` (`link_id`, `room_id`, `original_name`) VALUES ('3', '94', 'Sanctuary');
INSERT INTO `room_link_members` (`link_id`, `room_id`, `original_name`) VALUES ('4', '76', 'Stair');
INSERT INTO `room_link_members` (`link_id`, `room_id`, `original_name`) VALUES ('4', '99', 'Stair 3');
INSERT INTO `room_link_members` (`link_id`, `room_id`, `original_name`) VALUES ('5', '78', 'Stair');
INSERT INTO `room_link_members` (`link_id`, `room_id`, `original_name`) VALUES ('5', '98', 'Stair 2 (copy)');
INSERT INTO `room_link_members` (`link_id`, `room_id`, `original_name`) VALUES ('6', '77', 'Elevator');
INSERT INTO `room_link_members` (`link_id`, `room_id`, `original_name`) VALUES ('6', '100', 'Elevator');
INSERT INTO `room_link_members` (`link_id`, `room_id`, `original_name`) VALUES ('7', '110', 'Lobby');
INSERT INTO `room_link_members` (`link_id`, `room_id`, `original_name`) VALUES ('7', '117', 'Lobby U');
INSERT INTO `room_link_members` (`link_id`, `room_id`, `original_name`) VALUES ('8', '144', 'Stair 1');
INSERT INTO `room_link_members` (`link_id`, `room_id`, `original_name`) VALUES ('8', '145', 'Stair 1');
INSERT INTO `room_link_members` (`link_id`, `room_id`, `original_name`) VALUES ('9', '156', 'Stair 5');
INSERT INTO `room_link_members` (`link_id`, `room_id`, `original_name`) VALUES ('9', '162', 'Stair 5 (copy)');
INSERT INTO `room_link_members` (`link_id`, `room_id`, `original_name`) VALUES ('10', '65', 'Gym');
INSERT INTO `room_link_members` (`link_id`, `room_id`, `original_name`) VALUES ('10', '92', 'Gym');

DROP TABLE IF EXISTS `room_links`;
CREATE TABLE `room_links` (
  `id` int(11) NOT NULL AUTO_INCREMENT,
  `name` varchar(255) NOT NULL,
  `building_id` int(11) NOT NULL,
  `created_at` timestamp NOT NULL DEFAULT current_timestamp(),
  PRIMARY KEY (`id`),
  KEY `idx_building` (`building_id`)
) ENGINE=InnoDB AUTO_INCREMENT=11 DEFAULT CHARSET=utf8mb4 COLLATE=utf8mb4_general_ci;

INSERT INTO `room_links` (`id`, `name`, `building_id`, `created_at`) VALUES ('3', 'Sanctuary', '1', '2026-03-30 13:57:36');
INSERT INTO `room_links` (`id`, `name`, `building_id`, `created_at`) VALUES ('4', 'Stair 3', '1', '2026-03-31 08:34:31');
INSERT INTO `room_links` (`id`, `name`, `building_id`, `created_at`) VALUES ('5', 'Stair 2', '1', '2026-03-31 08:34:45');
INSERT INTO `room_links` (`id`, `name`, `building_id`, `created_at`) VALUES ('6', 'Elevator', '1', '2026-03-31 08:35:28');
INSERT INTO `room_links` (`id`, `name`, `building_id`, `created_at`) VALUES ('7', 'Lobby', '1', '2026-03-31 09:31:10');
INSERT INTO `room_links` (`id`, `name`, `building_id`, `created_at`) VALUES ('8', 'Stair 1', '1', '2026-03-31 10:45:21');
INSERT INTO `room_links` (`id`, `name`, `building_id`, `created_at`) VALUES ('9', 'Stair 5', '1', '2026-03-31 17:10:26');
INSERT INTO `room_links` (`id`, `name`, `building_id`, `created_at`) VALUES ('10', 'Gym', '1', '2026-03-31 17:29:31');

DROP TABLE IF EXISTS `room_tasks`;
CREATE TABLE `room_tasks` (
  `id` int(11) NOT NULL AUTO_INCREMENT,
  `room_id` int(11) NOT NULL,
  `task_id` int(11) NOT NULL,
  `frequency` enum('daily','weekly','monthly','yearly','after_every_use','as_needed') NOT NULL DEFAULT 'daily',
  `schedule_config` text DEFAULT NULL,
  `notes` varchar(255) DEFAULT NULL,
  PRIMARY KEY (`id`),
  UNIQUE KEY `unique_room_task` (`room_id`,`task_id`),
  KEY `task_id` (`task_id`),
  CONSTRAINT `room_tasks_ibfk_1` FOREIGN KEY (`room_id`) REFERENCES `rooms` (`id`) ON DELETE CASCADE,
  CONSTRAINT `room_tasks_ibfk_2` FOREIGN KEY (`task_id`) REFERENCES `task_catalog` (`id`) ON DELETE CASCADE
) ENGINE=InnoDB AUTO_INCREMENT=2 DEFAULT CHARSET=utf8mb4 COLLATE=utf8mb4_unicode_ci;

DROP TABLE IF EXISTS `rooms`;
CREATE TABLE `rooms` (
  `id` int(11) NOT NULL AUTO_INCREMENT,
  `floor_id` int(11) NOT NULL,
  `name` varchar(100) NOT NULL,
  `abbreviation` varchar(20) DEFAULT NULL,
  `room_number` varchar(20) DEFAULT NULL,
  `capacity` int(11) DEFAULT NULL,
  `description` text DEFAULT NULL,
  `default_setup` text DEFAULT NULL,
  `created_at` timestamp NOT NULL DEFAULT current_timestamp(),
  `updated_at` timestamp NOT NULL DEFAULT current_timestamp() ON UPDATE current_timestamp(),
  `map_points` longtext CHARACTER SET utf8mb4 COLLATE utf8mb4_bin DEFAULT NULL COMMENT 'Array of [x,y] pairs in feet' CHECK (json_valid(`map_points`)),
  `is_reservable` tinyint(1) NOT NULL DEFAULT 1,
  `is_storage` tinyint(1) NOT NULL DEFAULT 0,
  PRIMARY KEY (`id`),
  KEY `floor_id` (`floor_id`),
  CONSTRAINT `rooms_ibfk_1` FOREIGN KEY (`floor_id`) REFERENCES `floors` (`id`) ON DELETE CASCADE
) ENGINE=InnoDB AUTO_INCREMENT=218 DEFAULT CHARSET=utf8mb4 COLLATE=utf8mb4_unicode_ci;

INSERT INTO `rooms` (`id`, `floor_id`, `name`, `abbreviation`, `room_number`, `capacity`, `description`, `default_setup`, `created_at`, `updated_at`, `map_points`, `is_reservable`, `is_storage`) VALUES ('2', '1', 'Gymnasium', NULL, NULL, NULL, NULL, NULL, '2026-03-25 20:44:45', '2026-03-25 20:44:45', NULL, '1', '0');
INSERT INTO `rooms` (`id`, `floor_id`, `name`, `abbreviation`, `room_number`, `capacity`, `description`, `default_setup`, `created_at`, `updated_at`, `map_points`, `is_reservable`, `is_storage`) VALUES ('56', '1', 'Counseling Room', NULL, NULL, NULL, NULL, NULL, '2026-03-29 13:50:26', '2026-03-31 17:04:54', '[[0,106],[14,106],[14,120],[0,120]]', '0', '0');
INSERT INTO `rooms` (`id`, `floor_id`, `name`, `abbreviation`, `room_number`, `capacity`, `description`, `default_setup`, `created_at`, `updated_at`, `map_points`, `is_reservable`, `is_storage`) VALUES ('57', '1', 'Break Room', NULL, NULL, NULL, NULL, NULL, '2026-03-29 13:50:55', '2026-03-29 19:18:03', '[[14,106],[30,106],[30,120],[14,120]]', '1', '0');
INSERT INTO `rooms` (`id`, `floor_id`, `name`, `abbreviation`, `room_number`, `capacity`, `description`, `default_setup`, `created_at`, `updated_at`, `map_points`, `is_reservable`, `is_storage`) VALUES ('58', '1', 'CommOpps', NULL, NULL, NULL, NULL, NULL, '2026-03-29 13:51:44', '2026-03-31 17:04:54', '[[30,106],[44,106],[44,120],[30,120]]', '0', '0');
INSERT INTO `rooms` (`id`, `floor_id`, `name`, `abbreviation`, `room_number`, `capacity`, `description`, `default_setup`, `created_at`, `updated_at`, `map_points`, `is_reservable`, `is_storage`) VALUES ('59', '1', 'Men\'s South', NULL, NULL, NULL, NULL, NULL, '2026-03-29 13:53:18', '2026-03-31 17:04:54', '[[53,106],[62,106],[62,120],[53,120]]', '0', '0');
INSERT INTO `rooms` (`id`, `floor_id`, `name`, `abbreviation`, `room_number`, `capacity`, `description`, `default_setup`, `created_at`, `updated_at`, `map_points`, `is_reservable`, `is_storage`) VALUES ('60', '1', 'Women\'s South', 'WS', NULL, NULL, NULL, NULL, '2026-03-29 13:54:15', '2026-03-31 17:04:54', '[[44,106],[53,106],[53,120],[44,120]]', '0', '0');
INSERT INTO `rooms` (`id`, `floor_id`, `name`, `abbreviation`, `room_number`, `capacity`, `description`, `default_setup`, `created_at`, `updated_at`, `map_points`, `is_reservable`, `is_storage`) VALUES ('61', '1', 'Kitchen', 'Kit', NULL, NULL, NULL, NULL, '2026-03-29 13:55:12', '2026-03-29 19:18:03', '[[0,80],[40,80],[40,100],[0,100]]', '1', '0');
INSERT INTO `rooms` (`id`, `floor_id`, `name`, `abbreviation`, `room_number`, `capacity`, `description`, `default_setup`, `created_at`, `updated_at`, `map_points`, `is_reservable`, `is_storage`) VALUES ('62', '1', 'Coffee', 'C', NULL, NULL, NULL, NULL, '2026-03-29 13:56:20', '2026-03-29 19:18:03', '[[40,88],[49,88],[49,100],[40,100]]', '1', '0');
INSERT INTO `rooms` (`id`, `floor_id`, `name`, `abbreviation`, `room_number`, `capacity`, `description`, `default_setup`, `created_at`, `updated_at`, `map_points`, `is_reservable`, `is_storage`) VALUES ('64', '1', 'Electrical', 'Elec', NULL, NULL, NULL, NULL, '2026-03-29 15:03:45', '2026-03-31 17:04:54', '[[49,88],[62,88],[62,100],[49,100]]', '0', '0');
INSERT INTO `rooms` (`id`, `floor_id`, `name`, `abbreviation`, `room_number`, `capacity`, `description`, `default_setup`, `created_at`, `updated_at`, `map_points`, `is_reservable`, `is_storage`) VALUES ('65', '1', 'Gym', 'Gym2', NULL, NULL, NULL, NULL, '2026-03-29 15:11:18', '2026-03-31 17:35:08', '[[0,0],[58,0],[58,39],[62,39],[62,45],[58,45],[58,80],[62,80],[62,88],[40,88],[40,80],[4,80],[4,48],[0,48],[0,29],[4,29],[4,11],[0,11]]', '1', '0');
INSERT INTO `rooms` (`id`, `floor_id`, `name`, `abbreviation`, `room_number`, `capacity`, `description`, `default_setup`, `created_at`, `updated_at`, `map_points`, `is_reservable`, `is_storage`) VALUES ('66', '1', 'Sanctuary', 'Sanc', NULL, NULL, NULL, NULL, '2026-03-29 15:13:06', '2026-04-01 10:50:14', '[[120,6],[120,0],[129,0],[129,4],[148,4],[148,60],[142,60],[142,60],[137,65],[140,68],[136,72],[133,69],[128,74],[128,80],[72,80],[72,73],[72,61],[68,61],[68,50],[74,50],[82,50],[82,43],[86,43],[113,16],[113,6]]', '1', '0');
INSERT INTO `rooms` (`id`, `floor_id`, `name`, `abbreviation`, `room_number`, `capacity`, `description`, `default_setup`, `created_at`, `updated_at`, `map_points`, `is_reservable`, `is_storage`) VALUES ('67', '1', 'Nursery', 'Nurs', NULL, NULL, NULL, NULL, '2026-03-29 15:43:58', '2026-03-29 19:18:03', '[[173,45],[173,20],[164,20],[164,14],[168,14],[168,0],[187,0],[187,80],[173,80],[162,69],[172,59],[167,54],[166,54],[166,45]]', '1', '0');
INSERT INTO `rooms` (`id`, `floor_id`, `name`, `abbreviation`, `room_number`, `capacity`, `description`, `default_setup`, `created_at`, `updated_at`, `map_points`, `is_reservable`, `is_storage`) VALUES ('68', '1', 'Lounge', 'L', NULL, NULL, NULL, NULL, '2026-03-29 15:49:35', '2026-03-31 17:04:54', '[[154,6],[168,6],[168,14],[154,14]]', '0', '0');
INSERT INTO `rooms` (`id`, `floor_id`, `name`, `abbreviation`, `room_number`, `capacity`, `description`, `default_setup`, `created_at`, `updated_at`, `map_points`, `is_reservable`, `is_storage`) VALUES ('69', '1', 'Storage', 'S', NULL, NULL, NULL, NULL, '2026-03-29 15:50:38', '2026-03-31 18:51:41', '[[161,0],[168,0],[168,6],[161,6]]', '0', '1');
INSERT INTO `rooms` (`id`, `floor_id`, `name`, `abbreviation`, `room_number`, `capacity`, `description`, `default_setup`, `created_at`, `updated_at`, `map_points`, `is_reservable`, `is_storage`) VALUES ('70', '1', 'Janitorial', 'J', NULL, NULL, NULL, NULL, '2026-03-29 15:51:02', '2026-03-31 17:04:54', '[[161,0],[161,6],[154,6],[154,0]]', '0', '0');
INSERT INTO `rooms` (`id`, `floor_id`, `name`, `abbreviation`, `room_number`, `capacity`, `description`, `default_setup`, `created_at`, `updated_at`, `map_points`, `is_reservable`, `is_storage`) VALUES ('71', '1', 'Women\'s North', 'WN', NULL, NULL, NULL, NULL, '2026-03-29 15:52:09', '2026-03-31 17:04:54', '[[154,14],[164,14],[164,20],[167,20],[167,31],[154,31]]', '0', '0');
INSERT INTO `rooms` (`id`, `floor_id`, `name`, `abbreviation`, `room_number`, `capacity`, `description`, `default_setup`, `created_at`, `updated_at`, `map_points`, `is_reservable`, `is_storage`) VALUES ('72', '1', 'Men\'s North', 'MN', NULL, NULL, NULL, NULL, '2026-03-29 15:53:40', '2026-03-31 17:04:54', '[[154,38],[166,38],[166,54],[160,54],[154,54]]', '0', '0');
INSERT INTO `rooms` (`id`, `floor_id`, `name`, `abbreviation`, `room_number`, `capacity`, `description`, `default_setup`, `created_at`, `updated_at`, `map_points`, `is_reservable`, `is_storage`) VALUES ('73', '1', 'Nursery Restroom', 'N.R.', NULL, NULL, NULL, NULL, '2026-03-29 15:58:38', '2026-03-31 20:10:20', '[[167,20],[173,20],[173,29],[167,29]]', '0', '0');
INSERT INTO `rooms` (`id`, `floor_id`, `name`, `abbreviation`, `room_number`, `capacity`, `description`, `default_setup`, `created_at`, `updated_at`, `map_points`, `is_reservable`, `is_storage`) VALUES ('74', '1', 'Family Room', 'F.R.', NULL, NULL, NULL, NULL, '2026-03-29 17:10:07', '2026-03-29 19:18:03', '[[154,31],[167,31],[167,29],[173,29],[173,45],[166,45],[166,38],[154,38]]', '1', '0');
INSERT INTO `rooms` (`id`, `floor_id`, `name`, `abbreviation`, `room_number`, `capacity`, `description`, `default_setup`, `created_at`, `updated_at`, `map_points`, `is_reservable`, `is_storage`) VALUES ('75', '1', 'Elevator Machine Room', 'E.M.', NULL, NULL, NULL, NULL, '2026-03-29 17:14:29', '2026-03-31 17:04:54', '[[162,54],[167,54],[172,59],[166,65],[162,61]]', '0', '0');
INSERT INTO `rooms` (`id`, `floor_id`, `name`, `abbreviation`, `room_number`, `capacity`, `description`, `default_setup`, `created_at`, `updated_at`, `map_points`, `is_reservable`, `is_storage`) VALUES ('76', '1', 'Stair 3', NULL, NULL, NULL, NULL, NULL, '2026-03-29 17:18:28', '2026-03-31 17:04:54', '[[157,64],[162,69],[165,72],[162,75],[152,65],[153,64]]', '0', '0');
INSERT INTO `rooms` (`id`, `floor_id`, `name`, `abbreviation`, `room_number`, `capacity`, `description`, `default_setup`, `created_at`, `updated_at`, `map_points`, `is_reservable`, `is_storage`) VALUES ('77', '1', 'Elevator', 'Elev', NULL, NULL, NULL, NULL, '2026-03-29 17:27:36', '2026-03-31 17:04:54', '[[162,61],[166,65],[162,69],[158,65]]', '0', '0');
INSERT INTO `rooms` (`id`, `floor_id`, `name`, `abbreviation`, `room_number`, `capacity`, `description`, `default_setup`, `created_at`, `updated_at`, `map_points`, `is_reservable`, `is_storage`) VALUES ('78', '1', 'Stair 2', 'ST', NULL, NULL, NULL, NULL, '2026-03-29 17:30:52', '2026-03-31 17:04:54', '[[143,94],[140,97],[132,89],[132,85],[133,84]]', '0', '0');
INSERT INTO `rooms` (`id`, `floor_id`, `name`, `abbreviation`, `room_number`, `capacity`, `description`, `default_setup`, `created_at`, `updated_at`, `map_points`, `is_reservable`, `is_storage`) VALUES ('79', '1', 'Preschool Checkin', 'T.C.', NULL, NULL, NULL, NULL, '2026-03-29 17:34:08', '2026-03-31 20:13:00', '[[114,86],[122,86],[128,92],[128,100],[114,100]]', '1', '0');
INSERT INTO `rooms` (`id`, `floor_id`, `name`, `abbreviation`, `room_number`, `capacity`, `description`, `default_setup`, `created_at`, `updated_at`, `map_points`, `is_reservable`, `is_storage`) VALUES ('80', '1', 'Preschool Restroom', 'RR', NULL, NULL, NULL, NULL, '2026-03-29 17:37:11', '2026-03-31 20:13:00', '[[108,86],[114,86],[114,100],[108,100]]', '0', '0');
INSERT INTO `rooms` (`id`, `floor_id`, `name`, `abbreviation`, `room_number`, `capacity`, `description`, `default_setup`, `created_at`, `updated_at`, `map_points`, `is_reservable`, `is_storage`) VALUES ('81', '1', 'Prayer Room West', 'PR.W.', NULL, NULL, NULL, NULL, '2026-03-29 17:39:48', '2026-03-29 19:18:03', '[[68,86],[80,86],[80,100],[68,100]]', '1', '0');
INSERT INTO `rooms` (`id`, `floor_id`, `name`, `abbreviation`, `room_number`, `capacity`, `description`, `default_setup`, `created_at`, `updated_at`, `map_points`, `is_reservable`, `is_storage`) VALUES ('82', '1', 'Prayer Room East', 'PR.E.', NULL, NULL, NULL, NULL, '2026-03-29 17:40:51', '2026-03-29 19:18:03', '[[68,106],[80,106],[80,120],[68,120]]', '1', '0');
INSERT INTO `rooms` (`id`, `floor_id`, `name`, `abbreviation`, `room_number`, `capacity`, `description`, `default_setup`, `created_at`, `updated_at`, `map_points`, `is_reservable`, `is_storage`) VALUES ('83', '1', 'Preschool West', 'T.W.', NULL, NULL, NULL, NULL, '2026-03-29 17:42:14', '2026-03-31 20:13:00', '[[80,86],[108,86],[108,100],[80,100]]', '1', '0');
INSERT INTO `rooms` (`id`, `floor_id`, `name`, `abbreviation`, `room_number`, `capacity`, `description`, `default_setup`, `created_at`, `updated_at`, `map_points`, `is_reservable`, `is_storage`) VALUES ('84', '1', 'Preschool East', 'T.E.', NULL, NULL, NULL, NULL, '2026-03-29 17:42:35', '2026-03-31 20:13:00', '[[80,106],[108,106],[108,120],[80,120]]', '1', '0');
INSERT INTO `rooms` (`id`, `floor_id`, `name`, `abbreviation`, `room_number`, `capacity`, `description`, `default_setup`, `created_at`, `updated_at`, `map_points`, `is_reservable`, `is_storage`) VALUES ('85', '1', 'Preschool Main', 'T.M.', NULL, NULL, NULL, NULL, '2026-03-29 17:43:18', '2026-03-31 20:13:00', '[[108,100],[137,100],[147,110],[147,120],[108,120],[108,106],[80,106],[80,100]]', '1', '0');
INSERT INTO `rooms` (`id`, `floor_id`, `name`, `abbreviation`, `room_number`, `capacity`, `description`, `default_setup`, `created_at`, `updated_at`, `map_points`, `is_reservable`, `is_storage`) VALUES ('86', '1', 'Vestibule', 'V', NULL, NULL, NULL, NULL, '2026-03-29 17:45:43', '2026-03-31 17:04:54', '[[157,120],[147,120],[147,112],[157,112]]', '0', '0');
INSERT INTO `rooms` (`id`, `floor_id`, `name`, `abbreviation`, `room_number`, `capacity`, `description`, `default_setup`, `created_at`, `updated_at`, `map_points`, `is_reservable`, `is_storage`) VALUES ('87', '1', 'Vestibule', 'V', NULL, NULL, NULL, NULL, '2026-03-29 17:54:53', '2026-03-31 17:04:54', '[[179,80],[187,80],[187,90],[179,90]]', '0', '0');
INSERT INTO `rooms` (`id`, `floor_id`, `name`, `abbreviation`, `room_number`, `capacity`, `description`, `default_setup`, `created_at`, `updated_at`, `map_points`, `is_reservable`, `is_storage`) VALUES ('88', '1', 'Children\'s Lobby', 'C.L.', NULL, NULL, NULL, NULL, '2026-03-29 17:55:39', '2026-03-31 08:19:07', '[[146,71],[149,74],[155,68],[162,75],[165,72],[173,80],[179,80],[179,90],[178,90],[157,111],[157,112],[147,112],[147,110],[137,100],[128,100],[128,92],[122,86],[132,86],[132,89],[140,97],[143,94],[136,87],[142,81],[139,78]]', '1', '0');
INSERT INTO `rooms` (`id`, `floor_id`, `name`, `abbreviation`, `room_number`, `capacity`, `description`, `default_setup`, `created_at`, `updated_at`, `map_points`, `is_reservable`, `is_storage`) VALUES ('89', '1', 'Corridor B', 'C-B', NULL, NULL, NULL, NULL, '2026-03-29 17:58:38', '2026-03-31 17:04:54', '[[0,100],[80,100],[80,106],[68,106],[68,120],[62,120],[62,106],[0,106]]', '0', '0');
INSERT INTO `rooms` (`id`, `floor_id`, `name`, `abbreviation`, `room_number`, `capacity`, `description`, `default_setup`, `created_at`, `updated_at`, `map_points`, `is_reservable`, `is_storage`) VALUES ('90', '1', 'Corridor A', 'C-A', NULL, NULL, NULL, NULL, '2026-03-29 18:00:14', '2026-03-31 17:04:54', '[[62,0],[68,0],[68,100],[62,100],[62,57],[58,57],[58,45],[62,45],[62,39],[62,19],[58,19],[58,19],[58,0]]', '0', '0');
INSERT INTO `rooms` (`id`, `floor_id`, `name`, `abbreviation`, `room_number`, `capacity`, `description`, `default_setup`, `created_at`, `updated_at`, `map_points`, `is_reservable`, `is_storage`) VALUES ('91', '1', 'Corridor C', 'C-C', NULL, NULL, NULL, NULL, '2026-03-29 18:00:49', '2026-03-31 17:04:54', '[[68,80],[128,80],[148,60],[148,0],[154,0],[154,54],[162,54],[162,61],[158,65],[157,64],[153,64],[132,85],[132,86],[68,86]]', '0', '0');
INSERT INTO `rooms` (`id`, `floor_id`, `name`, `abbreviation`, `room_number`, `capacity`, `description`, `default_setup`, `created_at`, `updated_at`, `map_points`, `is_reservable`, `is_storage`) VALUES ('92', '2', 'Gym', 'Gym2', NULL, NULL, NULL, NULL, '2026-03-29 19:19:26', '2026-03-31 17:35:08', '[[0,0],[58,0],[58,80],[0,80]]', '1', '0');
INSERT INTO `rooms` (`id`, `floor_id`, `name`, `abbreviation`, `room_number`, `capacity`, `description`, `default_setup`, `created_at`, `updated_at`, `map_points`, `is_reservable`, `is_storage`) VALUES ('93', '1', 'Green Room', 'GR', NULL, NULL, NULL, NULL, '2026-03-29 19:27:34', '2026-03-31 11:25:53', '[[68,0],[110,0],[110,6],[98,6],[74,30],[74,50],[68,50]]', '1', '0');
INSERT INTO `rooms` (`id`, `floor_id`, `name`, `abbreviation`, `room_number`, `capacity`, `description`, `default_setup`, `created_at`, `updated_at`, `map_points`, `is_reservable`, `is_storage`) VALUES ('94', '2', 'Sanctuary', 'Sanc', NULL, NULL, NULL, NULL, '2026-03-30 07:58:51', '2026-03-31 11:26:06', '[[74,30],[98,6],[120,6],[120,0],[129,0],[129,4],[135,4],[135,37],[105,66],[72,66],[72,61],[68,61],[68,50],[74,50]]', '1', '0');
INSERT INTO `rooms` (`id`, `floor_id`, `name`, `abbreviation`, `room_number`, `capacity`, `description`, `default_setup`, `created_at`, `updated_at`, `map_points`, `is_reservable`, `is_storage`) VALUES ('98', '2', 'Stair 2', 'S2(', NULL, NULL, NULL, NULL, '2026-03-31 08:33:37', '2026-03-31 17:05:50', '[[139,78],[142,81],[136,87],[143,94],[140,97],[132,89],[132,85]]', '0', '0');
INSERT INTO `rooms` (`id`, `floor_id`, `name`, `abbreviation`, `room_number`, `capacity`, `description`, `default_setup`, `created_at`, `updated_at`, `map_points`, `is_reservable`, `is_storage`) VALUES ('99', '2', 'Stair 3', 'S3', NULL, NULL, NULL, NULL, '2026-03-31 08:34:03', '2026-03-31 17:05:50', '[[153,64],[157,64],[162,69],[165,72],[162,75],[155,68],[149,74],[146,71]]', '0', '0');
INSERT INTO `rooms` (`id`, `floor_id`, `name`, `abbreviation`, `room_number`, `capacity`, `description`, `default_setup`, `created_at`, `updated_at`, `map_points`, `is_reservable`, `is_storage`) VALUES ('100', '2', 'Elevator', 'ELEV', NULL, NULL, NULL, NULL, '2026-03-31 08:35:10', '2026-03-31 17:05:50', '[[162,61],[166,65],[162,69],[158,65]]', '0', '0');
INSERT INTO `rooms` (`id`, `floor_id`, `name`, `abbreviation`, `room_number`, `capacity`, `description`, `default_setup`, `created_at`, `updated_at`, `map_points`, `is_reservable`, `is_storage`) VALUES ('102', '2', 'Children\'s Lobby Up', 'CLU', NULL, NULL, NULL, NULL, '2026-03-31 08:37:05', '2026-03-31 10:23:21', '[[146,71],[149,74],[155,68],[162,75],[165,72],[173,80],[179,80],[179,90],[178,90],[157,111],[157,112],[147,112],[147,110],[137,100],[128,100],[128,93],[132,89],[140,97],[143,94],[136,87],[142,81],[139,78]]', '1', '0');
INSERT INTO `rooms` (`id`, `floor_id`, `name`, `abbreviation`, `room_number`, `capacity`, `description`, `default_setup`, `created_at`, `updated_at`, `map_points`, `is_reservable`, `is_storage`) VALUES ('103', '1', 'Office Corridor Down', 'OCD', NULL, NULL, NULL, NULL, '2026-03-31 09:08:44', '2026-03-31 17:04:54', '[[75,-8],[139,-8],[139,0],[75,0]]', '0', '0');
INSERT INTO `rooms` (`id`, `floor_id`, `name`, `abbreviation`, `room_number`, `capacity`, `description`, `default_setup`, `created_at`, `updated_at`, `map_points`, `is_reservable`, `is_storage`) VALUES ('104', '1', 'Office 105', 'O-105', NULL, NULL, NULL, NULL, '2026-03-31 09:10:42', '2026-03-31 17:04:54', '[[123,-17],[139,-17],[139,-8],[123,-8]]', '0', '0');
INSERT INTO `rooms` (`id`, `floor_id`, `name`, `abbreviation`, `room_number`, `capacity`, `description`, `default_setup`, `created_at`, `updated_at`, `map_points`, `is_reservable`, `is_storage`) VALUES ('105', '1', 'Office 104', 'O-104', NULL, NULL, NULL, NULL, '2026-03-31 09:12:00', '2026-03-31 17:04:54', '[[113,-17],[123,-17],[123,-8],[113,-8]]', '0', '0');
INSERT INTO `rooms` (`id`, `floor_id`, `name`, `abbreviation`, `room_number`, `capacity`, `description`, `default_setup`, `created_at`, `updated_at`, `map_points`, `is_reservable`, `is_storage`) VALUES ('106', '1', 'Office 103', 'O-103', NULL, NULL, NULL, NULL, '2026-03-31 09:14:34', '2026-03-31 17:04:54', '[[103,-17],[113,-17],[113,-8],[103,-8]]', '0', '0');
INSERT INTO `rooms` (`id`, `floor_id`, `name`, `abbreviation`, `room_number`, `capacity`, `description`, `default_setup`, `created_at`, `updated_at`, `map_points`, `is_reservable`, `is_storage`) VALUES ('107', '1', 'Office 102', 'O-102', NULL, NULL, NULL, NULL, '2026-03-31 09:15:07', '2026-03-31 17:04:54', '[[93,-17],[103,-17],[103,-8],[93,-8]]', '0', '0');
INSERT INTO `rooms` (`id`, `floor_id`, `name`, `abbreviation`, `room_number`, `capacity`, `description`, `default_setup`, `created_at`, `updated_at`, `map_points`, `is_reservable`, `is_storage`) VALUES ('108', '1', 'Office 101', 'O-101', NULL, NULL, NULL, NULL, '2026-03-31 09:15:29', '2026-03-31 17:04:54', '[[83,-17],[93,-17],[93,-8],[83,-8]]', '0', '0');
INSERT INTO `rooms` (`id`, `floor_id`, `name`, `abbreviation`, `room_number`, `capacity`, `description`, `default_setup`, `created_at`, `updated_at`, `map_points`, `is_reservable`, `is_storage`) VALUES ('109', '1', 'Reception', 'Rec', NULL, NULL, NULL, NULL, '2026-03-31 09:15:49', '2026-03-31 17:04:54', '[[71,-17],[83,-17],[83,-8],[71,-8]]', '0', '0');
INSERT INTO `rooms` (`id`, `floor_id`, `name`, `abbreviation`, `room_number`, `capacity`, `description`, `default_setup`, `created_at`, `updated_at`, `map_points`, `is_reservable`, `is_storage`) VALUES ('110', '1', 'Lobby', 'Lobby', NULL, NULL, NULL, NULL, '2026-03-31 09:18:20', '2026-03-31 16:50:25', '[[30,-17],[71,-17],[71,-8],[75,-8],[75,0],[30,0]]', '1', '0');
INSERT INTO `rooms` (`id`, `floor_id`, `name`, `abbreviation`, `room_number`, `capacity`, `description`, `default_setup`, `created_at`, `updated_at`, `map_points`, `is_reservable`, `is_storage`) VALUES ('111', '2', 'Office 2-1', 'O21', NULL, NULL, NULL, NULL, '2026-03-31 09:24:31', '2026-03-31 17:05:50', '[[71,-17],[83,-17],[83,-8],[71,-8]]', '0', '0');
INSERT INTO `rooms` (`id`, `floor_id`, `name`, `abbreviation`, `room_number`, `capacity`, `description`, `default_setup`, `created_at`, `updated_at`, `map_points`, `is_reservable`, `is_storage`) VALUES ('112', '2', 'Office 2-2', 'O22', NULL, NULL, NULL, NULL, '2026-03-31 09:26:34', '2026-03-31 17:05:50', '[[83,-17],[93,-17],[93,-8],[83,-8]]', '0', '0');
INSERT INTO `rooms` (`id`, `floor_id`, `name`, `abbreviation`, `room_number`, `capacity`, `description`, `default_setup`, `created_at`, `updated_at`, `map_points`, `is_reservable`, `is_storage`) VALUES ('113', '2', 'Office 1-3', 'O23', NULL, NULL, NULL, NULL, '2026-03-31 09:27:06', '2026-03-31 17:05:50', '[[93,-17],[103,-17],[103,-8],[93,-8]]', '0', '0');
INSERT INTO `rooms` (`id`, `floor_id`, `name`, `abbreviation`, `room_number`, `capacity`, `description`, `default_setup`, `created_at`, `updated_at`, `map_points`, `is_reservable`, `is_storage`) VALUES ('114', '2', 'Office 2-4', 'O24', NULL, NULL, NULL, NULL, '2026-03-31 09:27:32', '2026-03-31 17:05:50', '[[103,-17],[113,-17],[113,-8],[103,-8]]', '0', '0');
INSERT INTO `rooms` (`id`, `floor_id`, `name`, `abbreviation`, `room_number`, `capacity`, `description`, `default_setup`, `created_at`, `updated_at`, `map_points`, `is_reservable`, `is_storage`) VALUES ('115', '2', 'Office 2-5', 'O25', NULL, NULL, NULL, NULL, '2026-03-31 09:27:55', '2026-03-31 17:05:50', '[[113,-17],[127,-17],[127,-8],[113,-8]]', '0', '0');
INSERT INTO `rooms` (`id`, `floor_id`, `name`, `abbreviation`, `room_number`, `capacity`, `description`, `default_setup`, `created_at`, `updated_at`, `map_points`, `is_reservable`, `is_storage`) VALUES ('116', '2', 'Conference Room', 'CR', NULL, NULL, NULL, NULL, '2026-03-31 09:30:09', '2026-03-31 10:43:14', '[[127,-17],[160,-17],[160,-4],[127,-4]]', '1', '0');
INSERT INTO `rooms` (`id`, `floor_id`, `name`, `abbreviation`, `room_number`, `capacity`, `description`, `default_setup`, `created_at`, `updated_at`, `map_points`, `is_reservable`, `is_storage`) VALUES ('117', '2', 'Lobby', 'L', NULL, NULL, NULL, NULL, '2026-03-31 09:30:58', '2026-03-31 09:31:31', '[[30,-17],[71,-17],[71,-8],[75,-8],[75,0],[30,0]]', '1', '0');
INSERT INTO `rooms` (`id`, `floor_id`, `name`, `abbreviation`, `room_number`, `capacity`, `description`, `default_setup`, `created_at`, `updated_at`, `map_points`, `is_reservable`, `is_storage`) VALUES ('118', '2', 'Office Corridor U', 'OCU', NULL, NULL, NULL, NULL, '2026-03-31 09:32:08', '2026-03-31 17:05:50', '[[75,-8],[127,-8],[127,-4],[151,-4],[151,0],[75,0]]', '0', '0');
INSERT INTO `rooms` (`id`, `floor_id`, `name`, `abbreviation`, `room_number`, `capacity`, `description`, `default_setup`, `created_at`, `updated_at`, `map_points`, `is_reservable`, `is_storage`) VALUES ('119', '2', 'Fireside Room', 'F.R.', NULL, NULL, NULL, NULL, '2026-03-31 09:48:40', '2026-03-31 16:54:07', '[[0,80],[43,80],[43,86],[68,86],[68,97],[43,97],[43,111],[0,111]]', '1', '0');
INSERT INTO `rooms` (`id`, `floor_id`, `name`, `abbreviation`, `room_number`, `capacity`, `description`, `default_setup`, `created_at`, `updated_at`, `map_points`, `is_reservable`, `is_storage`) VALUES ('120', '2', 'Storage 28', 'S28', NULL, NULL, NULL, NULL, '2026-03-31 09:50:26', '2026-03-31 18:50:56', '[[0,111],[68,111],[68,120],[0,120]]', '0', '1');
INSERT INTO `rooms` (`id`, `floor_id`, `name`, `abbreviation`, `room_number`, `capacity`, `description`, `default_setup`, `created_at`, `updated_at`, `map_points`, `is_reservable`, `is_storage`) VALUES ('121', '2', 'Pantry', 'P', NULL, NULL, NULL, NULL, '2026-03-31 09:53:11', '2026-03-31 17:05:50', '[[62,97],[68,97],[68,111],[62,111]]', '0', '0');
INSERT INTO `rooms` (`id`, `floor_id`, `name`, `abbreviation`, `room_number`, `capacity`, `description`, `default_setup`, `created_at`, `updated_at`, `map_points`, `is_reservable`, `is_storage`) VALUES ('122', '2', 'Fireside Cafe', 'F.C.', NULL, NULL, NULL, NULL, '2026-03-31 09:55:51', '2026-03-31 09:56:04', '[[43,97],[62,97],[62,111],[43,111]]', '1', '0');
INSERT INTO `rooms` (`id`, `floor_id`, `name`, `abbreviation`, `room_number`, `capacity`, `description`, `default_setup`, `created_at`, `updated_at`, `map_points`, `is_reservable`, `is_storage`) VALUES ('123', '2', '204', '204', NULL, NULL, NULL, NULL, '2026-03-31 10:02:00', '2026-03-31 10:12:02', '[[68,93],[88,93],[88,111],[68,111]]', '1', '0');
INSERT INTO `rooms` (`id`, `floor_id`, `name`, `abbreviation`, `room_number`, `capacity`, `description`, `default_setup`, `created_at`, `updated_at`, `map_points`, `is_reservable`, `is_storage`) VALUES ('125', '2', '203', '203', NULL, NULL, NULL, NULL, '2026-03-31 10:11:48', '2026-03-31 10:12:06', '[[88,93],[108,93],[108,111],[88,111]]', '1', '0');
INSERT INTO `rooms` (`id`, `floor_id`, `name`, `abbreviation`, `room_number`, `capacity`, `description`, `default_setup`, `created_at`, `updated_at`, `map_points`, `is_reservable`, `is_storage`) VALUES ('126', '2', 'Men\'s Shower 1', 'MS1', NULL, NULL, NULL, NULL, '2026-03-31 10:16:31', '2026-03-31 17:05:50', '[[108,100],[115,100],[115,111],[108,111]]', '0', '0');
INSERT INTO `rooms` (`id`, `floor_id`, `name`, `abbreviation`, `room_number`, `capacity`, `description`, `default_setup`, `created_at`, `updated_at`, `map_points`, `is_reservable`, `is_storage`) VALUES ('127', '2', 'Men\'s Shower 2', 'MS2', NULL, NULL, NULL, NULL, '2026-03-31 10:17:00', '2026-03-31 17:05:50', '[[115,100],[122,100],[122,111],[115,111]]', '0', '0');
INSERT INTO `rooms` (`id`, `floor_id`, `name`, `abbreviation`, `room_number`, `capacity`, `description`, `default_setup`, `created_at`, `updated_at`, `map_points`, `is_reservable`, `is_storage`) VALUES ('128', '2', 'Men\'s Up', 'MU', NULL, NULL, NULL, NULL, '2026-03-31 10:18:26', '2026-03-31 17:05:50', '[[108,93],[128,93],[128,100],[137,100],[143,106],[143,111],[128,111],[128,104],[122,104],[122,100],[108,100]]', '0', '0');
INSERT INTO `rooms` (`id`, `floor_id`, `name`, `abbreviation`, `room_number`, `capacity`, `description`, `default_setup`, `created_at`, `updated_at`, `map_points`, `is_reservable`, `is_storage`) VALUES ('129', '2', 'Janitor Closet 3', 'JC3', NULL, NULL, NULL, NULL, '2026-03-31 10:20:53', '2026-03-31 17:05:50', '[[122,104],[128,104],[128,111],[122,111]]', '0', '0');
INSERT INTO `rooms` (`id`, `floor_id`, `name`, `abbreviation`, `room_number`, `capacity`, `description`, `default_setup`, `created_at`, `updated_at`, `map_points`, `is_reservable`, `is_storage`) VALUES ('130', '2', 'Storage 27', NULL, NULL, NULL, NULL, NULL, '2026-03-31 10:22:40', '2026-03-31 18:50:56', '[[68,111],[143,111],[143,106],[147,110],[147,120],[68,120]]', '0', '1');
INSERT INTO `rooms` (`id`, `floor_id`, `name`, `abbreviation`, `room_number`, `capacity`, `description`, `default_setup`, `created_at`, `updated_at`, `map_points`, `is_reservable`, `is_storage`) VALUES ('131', '2', '201', '201', NULL, NULL, NULL, NULL, '2026-03-31 10:24:29', '2026-03-31 10:25:26', '[[160,0],[178,0],[178,18],[160,18]]', '1', '0');
INSERT INTO `rooms` (`id`, `floor_id`, `name`, `abbreviation`, `room_number`, `capacity`, `description`, `default_setup`, `created_at`, `updated_at`, `map_points`, `is_reservable`, `is_storage`) VALUES ('132', '2', '202', '202', NULL, NULL, NULL, NULL, '2026-03-31 10:25:38', '2026-03-31 10:25:54', '[[160,18],[178,18],[178,36],[160,36]]', '1', '0');
INSERT INTO `rooms` (`id`, `floor_id`, `name`, `abbreviation`, `room_number`, `capacity`, `description`, `default_setup`, `created_at`, `updated_at`, `map_points`, `is_reservable`, `is_storage`) VALUES ('133', '2', 'Women\'s Shower 1', 'WS1', NULL, NULL, NULL, NULL, '2026-03-31 10:29:08', '2026-03-31 17:05:50', '[[172,36],[178,36],[178,46],[172,46]]', '0', '0');
INSERT INTO `rooms` (`id`, `floor_id`, `name`, `abbreviation`, `room_number`, `capacity`, `description`, `default_setup`, `created_at`, `updated_at`, `map_points`, `is_reservable`, `is_storage`) VALUES ('134', '2', 'Women\'s Shower 2', 'WS2', NULL, NULL, NULL, NULL, '2026-03-31 10:29:59', '2026-03-31 17:05:50', '[[172,46],[178,46],[178,56],[172,56]]', '0', '0');
INSERT INTO `rooms` (`id`, `floor_id`, `name`, `abbreviation`, `room_number`, `capacity`, `description`, `default_setup`, `created_at`, `updated_at`, `map_points`, `is_reservable`, `is_storage`) VALUES ('135', '2', 'Women\'s Up', 'WU', NULL, NULL, NULL, NULL, '2026-03-31 10:31:24', '2026-03-31 17:05:50', '[[167,56],[178,56],[178,80],[173,80],[162,69],[166,65],[162,61]]', '0', '0');
INSERT INTO `rooms` (`id`, `floor_id`, `name`, `abbreviation`, `room_number`, `capacity`, `description`, `default_setup`, `created_at`, `updated_at`, `map_points`, `is_reservable`, `is_storage`) VALUES ('136', '2', 'Women\'s Lounge Up', 'WLU', NULL, NULL, NULL, NULL, '2026-03-31 10:32:52', '2026-03-31 17:05:50', '[[160,36],[172,36],[172,50],[160,50]]', '0', '0');
INSERT INTO `rooms` (`id`, `floor_id`, `name`, `abbreviation`, `room_number`, `capacity`, `description`, `default_setup`, `created_at`, `updated_at`, `map_points`, `is_reservable`, `is_storage`) VALUES ('138', '2', 'Storage 26', 'S26', NULL, NULL, NULL, NULL, '2026-03-31 10:35:00', '2026-03-31 18:50:56', '[[178,0],[188,0],[188,80],[178,80]]', '0', '1');
INSERT INTO `rooms` (`id`, `floor_id`, `name`, `abbreviation`, `room_number`, `capacity`, `description`, `default_setup`, `created_at`, `updated_at`, `map_points`, `is_reservable`, `is_storage`) VALUES ('139', '2', 'Storage 25', 'S25', NULL, NULL, NULL, NULL, '2026-03-31 10:37:26', '2026-03-31 18:50:56', '[[148,54],[154,54],[148,60],[145,57]]', '0', '1');
INSERT INTO `rooms` (`id`, `floor_id`, `name`, `abbreviation`, `room_number`, `capacity`, `description`, `default_setup`, `created_at`, `updated_at`, `map_points`, `is_reservable`, `is_storage`) VALUES ('140', '2', 'Roof Access', 'RA', NULL, NULL, NULL, NULL, '2026-03-31 10:38:51', '2026-03-31 17:05:50', '[[141,61],[145,57],[148,60],[144,64]]', '0', '0');
INSERT INTO `rooms` (`id`, `floor_id`, `name`, `abbreviation`, `room_number`, `capacity`, `description`, `default_setup`, `created_at`, `updated_at`, `map_points`, `is_reservable`, `is_storage`) VALUES ('141', '2', 'Storage 23', 'S23', NULL, NULL, NULL, NULL, '2026-03-31 10:39:24', '2026-03-31 18:50:56', '[[68,0],[120,0],[120,6],[98,6],[74,30],[68,30]]', '1', '1');
INSERT INTO `rooms` (`id`, `floor_id`, `name`, `abbreviation`, `room_number`, `capacity`, `description`, `default_setup`, `created_at`, `updated_at`, `map_points`, `is_reservable`, `is_storage`) VALUES ('142', '2', 'Electrical 2', 'E2', NULL, NULL, NULL, NULL, '2026-03-31 10:41:33', '2026-03-31 17:05:50', '[[68,30],[74,30],[74,50],[68,50]]', '0', '0');
INSERT INTO `rooms` (`id`, `floor_id`, `name`, `abbreviation`, `room_number`, `capacity`, `description`, `default_setup`, `created_at`, `updated_at`, `map_points`, `is_reservable`, `is_storage`) VALUES ('143', '2', 'Workshop', 'WS', NULL, NULL, NULL, NULL, '2026-03-31 10:42:43', '2026-03-31 17:05:50', '[[43,80],[62,80],[62,86],[43,86]]', '0', '0');
INSERT INTO `rooms` (`id`, `floor_id`, `name`, `abbreviation`, `room_number`, `capacity`, `description`, `default_setup`, `created_at`, `updated_at`, `map_points`, `is_reservable`, `is_storage`) VALUES ('144', '2', 'Stair 1', 'ST1', NULL, NULL, NULL, NULL, '2026-03-31 10:44:30', '2026-03-31 17:05:50', '[[62,57],[62,80],[58,80],[58,57]]', '0', '0');
INSERT INTO `rooms` (`id`, `floor_id`, `name`, `abbreviation`, `room_number`, `capacity`, `description`, `default_setup`, `created_at`, `updated_at`, `map_points`, `is_reservable`, `is_storage`) VALUES ('145', '1', 'Stair 1', 'S1', NULL, NULL, NULL, NULL, '2026-03-31 10:44:55', '2026-03-31 17:04:54', '[[62,57],[62,74],[58,74],[58,57]]', '0', '0');
INSERT INTO `rooms` (`id`, `floor_id`, `name`, `abbreviation`, `room_number`, `capacity`, `description`, `default_setup`, `created_at`, `updated_at`, `map_points`, `is_reservable`, `is_storage`) VALUES ('146', '1', 'Storage 24', 'S24', NULL, NULL, NULL, NULL, '2026-03-31 10:51:47', '2026-03-31 18:51:41', '[[58,19],[62,19],[62,39],[58,39]]', '0', '1');
INSERT INTO `rooms` (`id`, `floor_id`, `name`, `abbreviation`, `room_number`, `capacity`, `description`, `default_setup`, `created_at`, `updated_at`, `map_points`, `is_reservable`, `is_storage`) VALUES ('147', '1', 'Storage G1', 'SG1', NULL, NULL, NULL, NULL, '2026-03-31 10:55:28', '2026-03-31 18:51:41', '[[0,11],[4,11],[4,19],[0,19]]', '0', '1');
INSERT INTO `rooms` (`id`, `floor_id`, `name`, `abbreviation`, `room_number`, `capacity`, `description`, `default_setup`, `created_at`, `updated_at`, `map_points`, `is_reservable`, `is_storage`) VALUES ('148', '1', 'Storage G2', 'SG2', NULL, NULL, NULL, NULL, '2026-03-31 10:56:01', '2026-03-31 18:51:41', '[[0,19],[4,19],[4,29],[0,29]]', '0', '1');
INSERT INTO `rooms` (`id`, `floor_id`, `name`, `abbreviation`, `room_number`, `capacity`, `description`, `default_setup`, `created_at`, `updated_at`, `map_points`, `is_reservable`, `is_storage`) VALUES ('149', '1', 'Storage Gym 3', 'SG3', NULL, NULL, NULL, NULL, '2026-03-31 10:56:33', '2026-03-31 18:51:41', '[[0,48],[4,48],[4,59],[0,59]]', '0', '1');
INSERT INTO `rooms` (`id`, `floor_id`, `name`, `abbreviation`, `room_number`, `capacity`, `description`, `default_setup`, `created_at`, `updated_at`, `map_points`, `is_reservable`, `is_storage`) VALUES ('150', '1', 'Storage Gym 4', 'SG4', NULL, NULL, NULL, NULL, '2026-03-31 10:57:09', '2026-03-31 17:04:54', '[[0,59],[4,59],[4,80],[0,80]]', '0', '0');
INSERT INTO `rooms` (`id`, `floor_id`, `name`, `abbreviation`, `room_number`, `capacity`, `description`, `default_setup`, `created_at`, `updated_at`, `map_points`, `is_reservable`, `is_storage`) VALUES ('151', '1', 'Storage Gym 5', 'SG5', NULL, NULL, NULL, NULL, '2026-03-31 10:57:56', '2026-03-31 18:51:41', '[[58,74],[62,74],[62,80],[58,80]]', '0', '1');
INSERT INTO `rooms` (`id`, `floor_id`, `name`, `abbreviation`, `room_number`, `capacity`, `description`, `default_setup`, `created_at`, `updated_at`, `map_points`, `is_reservable`, `is_storage`) VALUES ('152', '1', 'Elevator 2', 'E2', NULL, NULL, NULL, NULL, '2026-03-31 10:59:23', '2026-03-31 18:51:41', '[[110,0],[120,0],[120,6],[110,6]]', '0', '1');
INSERT INTO `rooms` (`id`, `floor_id`, `name`, `abbreviation`, `room_number`, `capacity`, `description`, `default_setup`, `created_at`, `updated_at`, `map_points`, `is_reservable`, `is_storage`) VALUES ('153', '1', 'Video Room', 'VR', NULL, NULL, NULL, NULL, '2026-03-31 11:01:26', '2026-03-31 17:04:54', '[[148,60],[140,68],[137,65],[142,60]]', '0', '0');
INSERT INTO `rooms` (`id`, `floor_id`, `name`, `abbreviation`, `room_number`, `capacity`, `description`, `default_setup`, `created_at`, `updated_at`, `map_points`, `is_reservable`, `is_storage`) VALUES ('154', '1', 'Tech', 'T', NULL, NULL, NULL, NULL, '2026-03-31 11:01:56', '2026-03-31 18:51:41', '[[128,74],[133,69],[136,72],[128,80]]', '0', '1');
INSERT INTO `rooms` (`id`, `floor_id`, `name`, `abbreviation`, `room_number`, `capacity`, `description`, `default_setup`, `created_at`, `updated_at`, `map_points`, `is_reservable`, `is_storage`) VALUES ('155', '2', 'Stair 4', 'ST4', NULL, NULL, NULL, NULL, '2026-03-31 11:04:32', '2026-03-31 17:05:50', '[[129,0],[148,0],[148,4],[129,4]]', '0', '0');
INSERT INTO `rooms` (`id`, `floor_id`, `name`, `abbreviation`, `room_number`, `capacity`, `description`, `default_setup`, `created_at`, `updated_at`, `map_points`, `is_reservable`, `is_storage`) VALUES ('156', '2', 'Stair 5', 'ST5', NULL, NULL, NULL, NULL, '2026-03-31 11:05:39', '2026-03-31 17:05:50', '[[68,61],[72,61],[72,81],[68,81]]', '0', '0');
INSERT INTO `rooms` (`id`, `floor_id`, `name`, `abbreviation`, `room_number`, `capacity`, `description`, `default_setup`, `created_at`, `updated_at`, `map_points`, `is_reservable`, `is_storage`) VALUES ('157', '2', 'Balcony', 'B', NULL, NULL, NULL, NULL, '2026-03-31 11:07:29', '2026-03-31 11:13:23', '[[105,66],[108,63],[112,67],[136,44],[132,40],[135,37],[135,4],[148,4],[148,0],[154,0],[154,54],[148,54],[141,61],[144,64],[122,86],[68,86],[68,81],[72,81],[72,66]]', '1', '0');
INSERT INTO `rooms` (`id`, `floor_id`, `name`, `abbreviation`, `room_number`, `capacity`, `description`, `default_setup`, `created_at`, `updated_at`, `map_points`, `is_reservable`, `is_storage`) VALUES ('158', '2', 'Sound Booth', 'SB', NULL, NULL, NULL, NULL, '2026-03-31 11:09:06', '2026-03-31 11:09:21', '[[108,63],[132,40],[136,44],[112,67]]', '1', '0');
INSERT INTO `rooms` (`id`, `floor_id`, `name`, `abbreviation`, `room_number`, `capacity`, `description`, `default_setup`, `created_at`, `updated_at`, `map_points`, `is_reservable`, `is_storage`) VALUES ('162', '1', 'Stair 5', 'S5', NULL, NULL, NULL, NULL, '2026-03-31 11:13:39', '2026-03-31 17:10:40', '[[68,61],[72,61],[72,73],[68,73]]', '0', '0');
INSERT INTO `rooms` (`id`, `floor_id`, `name`, `abbreviation`, `room_number`, `capacity`, `description`, `default_setup`, `created_at`, `updated_at`, `map_points`, `is_reservable`, `is_storage`) VALUES ('163', '1', 'Stair 4 (copy)', 'S4(', NULL, NULL, NULL, NULL, '2026-03-31 11:14:30', '2026-03-31 17:04:54', '[[129,0],[141,0],[141,4],[129,4]]', '0', '0');
INSERT INTO `rooms` (`id`, `floor_id`, `name`, `abbreviation`, `room_number`, `capacity`, `description`, `default_setup`, `created_at`, `updated_at`, `map_points`, `is_reservable`, `is_storage`) VALUES ('164', '1', 'Janitorial 5', 'J5', NULL, NULL, NULL, NULL, '2026-03-31 11:15:25', '2026-03-31 17:04:54', '[[141,0],[148,0],[148,4],[141,4]]', '0', '0');
INSERT INTO `rooms` (`id`, `floor_id`, `name`, `abbreviation`, `room_number`, `capacity`, `description`, `default_setup`, `created_at`, `updated_at`, `map_points`, `is_reservable`, `is_storage`) VALUES ('165', '1', 'Storage 6', 'S6', NULL, NULL, NULL, NULL, '2026-03-31 11:15:47', '2026-03-31 18:51:41', '[[68,73],[72,73],[72,80],[68,80]]', '0', '1');
INSERT INTO `rooms` (`id`, `floor_id`, `name`, `abbreviation`, `room_number`, `capacity`, `description`, `default_setup`, `created_at`, `updated_at`, `map_points`, `is_reservable`, `is_storage`) VALUES ('166', '1', 'Hospitality 1', 'H1', NULL, NULL, NULL, NULL, '2026-03-31 11:17:58', '2026-03-31 18:51:41', '[[152,65],[155,68],[149,74],[146,71]]', '0', '1');
INSERT INTO `rooms` (`id`, `floor_id`, `name`, `abbreviation`, `room_number`, `capacity`, `description`, `default_setup`, `created_at`, `updated_at`, `map_points`, `is_reservable`, `is_storage`) VALUES ('167', '1', 'Hospitality 2', 'H2', NULL, NULL, NULL, NULL, '2026-03-31 11:18:42', '2026-03-31 18:51:41', '[[139,78],[142,81],[136,87],[133,84]]', '0', '1');
INSERT INTO `rooms` (`id`, `floor_id`, `name`, `abbreviation`, `room_number`, `capacity`, `description`, `default_setup`, `created_at`, `updated_at`, `map_points`, `is_reservable`, `is_storage`) VALUES ('168', '1', 'Stage', 'Sg', NULL, NULL, NULL, NULL, '2026-03-31 11:23:57', '2026-03-31 11:25:48', '[[98,6],[113,6],[113,16],[86,43],[74,43],[74,30]]', '1', '0');
INSERT INTO `rooms` (`id`, `floor_id`, `name`, `abbreviation`, `room_number`, `capacity`, `description`, `default_setup`, `created_at`, `updated_at`, `map_points`, `is_reservable`, `is_storage`) VALUES ('169', '1', 'Baptistery', 'B', NULL, NULL, NULL, NULL, '2026-03-31 11:24:39', '2026-03-31 11:24:47', '[[74,43],[82,43],[82,50],[74,50]]', '1', '0');
INSERT INTO `rooms` (`id`, `floor_id`, `name`, `abbreviation`, `room_number`, `capacity`, `description`, `default_setup`, `created_at`, `updated_at`, `map_points`, `is_reservable`, `is_storage`) VALUES ('170', '7', 'Chapel', 'Ch', NULL, NULL, NULL, NULL, '2026-03-31 11:29:42', '2026-04-03 12:33:56', '[[12,50],[51,50],[51,106],[12,106]]', '1', '0');
INSERT INTO `rooms` (`id`, `floor_id`, `name`, `abbreviation`, `room_number`, `capacity`, `description`, `default_setup`, `created_at`, `updated_at`, `map_points`, `is_reservable`, `is_storage`) VALUES ('174', '7', 'Storage Chair', 'S.C.', NULL, NULL, NULL, NULL, '2026-03-31 11:37:46', '2026-03-31 18:52:10', '[[12,106],[24,106],[24,121],[16,121],[16,116],[12,116]]', '0', '1');
INSERT INTO `rooms` (`id`, `floor_id`, `name`, `abbreviation`, `room_number`, `capacity`, `description`, `default_setup`, `created_at`, `updated_at`, `map_points`, `is_reservable`, `is_storage`) VALUES ('176', '7', 'Lounge', 'L', NULL, NULL, NULL, NULL, '2026-03-31 11:39:07', '2026-03-31 12:10:18', '[[24,106],[51,106],[51,121],[24,121]]', '1', '0');
INSERT INTO `rooms` (`id`, `floor_id`, `name`, `abbreviation`, `room_number`, `capacity`, `description`, `default_setup`, `created_at`, `updated_at`, `map_points`, `is_reservable`, `is_storage`) VALUES ('177', '7', 'Fellowship', 'F', NULL, NULL, NULL, NULL, '2026-03-31 11:40:06', '2026-03-31 12:10:36', '[[51,41],[79,41],[79,66],[90,66],[90,70],[74,70],[74,90],[77,90],[77,106],[74,106],[74,121],[51,121]]', '1', '0');
INSERT INTO `rooms` (`id`, `floor_id`, `name`, `abbreviation`, `room_number`, `capacity`, `description`, `default_setup`, `created_at`, `updated_at`, `map_points`, `is_reservable`, `is_storage`) VALUES ('178', '7', 'Storage 1', NULL, NULL, NULL, NULL, NULL, '2026-03-31 11:41:08', '2026-03-31 18:52:10', '[[16,30],[16,26],[51,26],[51,38],[12,38],[12,30]]', '0', '1');
INSERT INTO `rooms` (`id`, `floor_id`, `name`, `abbreviation`, `room_number`, `capacity`, `description`, `default_setup`, `created_at`, `updated_at`, `map_points`, `is_reservable`, `is_storage`) VALUES ('179', '7', '100', '100', NULL, NULL, NULL, NULL, '2026-03-31 11:42:32', '2026-03-31 12:09:53', '[[74,106],[90,106],[90,121],[74,121]]', '1', '0');
INSERT INTO `rooms` (`id`, `floor_id`, `name`, `abbreviation`, `room_number`, `capacity`, `description`, `default_setup`, `created_at`, `updated_at`, `map_points`, `is_reservable`, `is_storage`) VALUES ('180', '7', 'Men\'s East', 'M.E.', NULL, NULL, NULL, NULL, '2026-03-31 11:44:35', '2026-03-31 17:06:15', '[[77,98],[90,98],[90,106],[77,106]]', '0', '0');
INSERT INTO `rooms` (`id`, `floor_id`, `name`, `abbreviation`, `room_number`, `capacity`, `description`, `default_setup`, `created_at`, `updated_at`, `map_points`, `is_reservable`, `is_storage`) VALUES ('181', '7', 'Women\'s East', 'W.E.', NULL, NULL, NULL, NULL, '2026-03-31 11:44:59', '2026-03-31 17:06:15', '[[77,90],[90,90],[90,98],[77,98]]', '0', '0');
INSERT INTO `rooms` (`id`, `floor_id`, `name`, `abbreviation`, `room_number`, `capacity`, `description`, `default_setup`, `created_at`, `updated_at`, `map_points`, `is_reservable`, `is_storage`) VALUES ('182', '7', 'Kitchen', 'K', NULL, NULL, NULL, NULL, '2026-03-31 11:46:31', '2026-03-31 12:09:43', '[[74,70],[90,70],[90,90],[74,90]]', '1', '0');
INSERT INTO `rooms` (`id`, `floor_id`, `name`, `abbreviation`, `room_number`, `capacity`, `description`, `default_setup`, `created_at`, `updated_at`, `map_points`, `is_reservable`, `is_storage`) VALUES ('183', '7', 'Mech 10', 'M-10', NULL, NULL, NULL, NULL, '2026-03-31 11:48:23', '2026-03-31 17:06:15', '[[79,59],[90,59],[90,66],[79,66]]', '0', '0');
INSERT INTO `rooms` (`id`, `floor_id`, `name`, `abbreviation`, `room_number`, `capacity`, `description`, `default_setup`, `created_at`, `updated_at`, `map_points`, `is_reservable`, `is_storage`) VALUES ('184', '7', 'Storage 10', 'S-10', NULL, NULL, NULL, NULL, '2026-03-31 11:49:01', '2026-03-31 18:52:10', '[[79,41],[90,41],[90,59],[79,59]]', '0', '1');
INSERT INTO `rooms` (`id`, `floor_id`, `name`, `abbreviation`, `room_number`, `capacity`, `description`, `default_setup`, `created_at`, `updated_at`, `map_points`, `is_reservable`, `is_storage`) VALUES ('185', '7', '101', '101', NULL, NULL, NULL, NULL, '2026-03-31 11:50:10', '2026-03-31 12:09:32', '[[65,26],[90,26],[90,41],[65,41]]', '1', '0');
INSERT INTO `rooms` (`id`, `floor_id`, `name`, `abbreviation`, `room_number`, `capacity`, `description`, `default_setup`, `created_at`, `updated_at`, `map_points`, `is_reservable`, `is_storage`) VALUES ('186', '7', 'Storage 11', 'S-11', NULL, NULL, NULL, NULL, '2026-03-31 11:51:36', '2026-03-31 18:52:10', '[[61,31],[65,31],[65,41],[61,41]]', '0', '1');
INSERT INTO `rooms` (`id`, `floor_id`, `name`, `abbreviation`, `room_number`, `capacity`, `description`, `default_setup`, `created_at`, `updated_at`, `map_points`, `is_reservable`, `is_storage`) VALUES ('187', '7', 'Stair 1', 'St1', NULL, NULL, NULL, NULL, '2026-03-31 11:52:28', '2026-03-31 17:06:15', '[[51,31],[55,31],[55,41],[51,41]]', '0', '0');
INSERT INTO `rooms` (`id`, `floor_id`, `name`, `abbreviation`, `room_number`, `capacity`, `description`, `default_setup`, `created_at`, `updated_at`, `map_points`, `is_reservable`, `is_storage`) VALUES ('188', '7', 'Janitorial 1', 'J-1', NULL, NULL, NULL, NULL, '2026-03-31 11:54:13', '2026-03-31 17:06:15', '[[61,26],[65,26],[65,31],[61,31]]', '0', '0');
INSERT INTO `rooms` (`id`, `floor_id`, `name`, `abbreviation`, `room_number`, `capacity`, `description`, `default_setup`, `created_at`, `updated_at`, `map_points`, `is_reservable`, `is_storage`) VALUES ('189', '7', 'Corridor A', 'C-A', NULL, NULL, NULL, NULL, '2026-03-31 11:54:54', '2026-04-03 12:32:08', '[[0,18],[72,18],[72,14],[90,14],[90,26],[61,26],[61,41],[55,41],[55,26],[46,26],[46,22],[40,22],[40,26],[29,26],[29,22],[10,22],[10,26],[0,26]]', '0', '0');
INSERT INTO `rooms` (`id`, `floor_id`, `name`, `abbreviation`, `room_number`, `capacity`, `description`, `default_setup`, `created_at`, `updated_at`, `map_points`, `is_reservable`, `is_storage`) VALUES ('190', '7', 'Janitorial 2', 'J2', NULL, NULL, NULL, NULL, '2026-03-31 11:55:44', '2026-03-31 17:06:15', '[[51,26],[55,26],[55,31],[51,31]]', '0', '0');
INSERT INTO `rooms` (`id`, `floor_id`, `name`, `abbreviation`, `room_number`, `capacity`, `description`, `default_setup`, `created_at`, `updated_at`, `map_points`, `is_reservable`, `is_storage`) VALUES ('191', '7', 'Women\'s West', 'W.W.', NULL, NULL, NULL, NULL, '2026-03-31 11:58:01', '2026-03-31 17:06:15', '[[81,0],[90,0],[90,14],[81,14]]', '0', '0');
INSERT INTO `rooms` (`id`, `floor_id`, `name`, `abbreviation`, `room_number`, `capacity`, `description`, `default_setup`, `created_at`, `updated_at`, `map_points`, `is_reservable`, `is_storage`) VALUES ('192', '7', 'Men\'s West', 'MW', NULL, NULL, NULL, NULL, '2026-03-31 11:58:53', '2026-03-31 17:06:15', '[[72,0],[81,0],[81,14],[72,14]]', '0', '0');
INSERT INTO `rooms` (`id`, `floor_id`, `name`, `abbreviation`, `room_number`, `capacity`, `description`, `default_setup`, `created_at`, `updated_at`, `map_points`, `is_reservable`, `is_storage`) VALUES ('193', '7', '102', '102', NULL, NULL, NULL, NULL, '2026-03-31 12:00:54', '2026-03-31 12:09:22', '[[43,0],[72,0],[72,18],[43,18]]', '1', '0');
INSERT INTO `rooms` (`id`, `floor_id`, `name`, `abbreviation`, `room_number`, `capacity`, `description`, `default_setup`, `created_at`, `updated_at`, `map_points`, `is_reservable`, `is_storage`) VALUES ('194', '7', '103', '103', NULL, NULL, NULL, NULL, '2026-03-31 12:01:47', '2026-03-31 12:09:16', '[[14,0],[43,0],[43,18],[14,18]]', '1', '0');
INSERT INTO `rooms` (`id`, `floor_id`, `name`, `abbreviation`, `room_number`, `capacity`, `description`, `default_setup`, `created_at`, `updated_at`, `map_points`, `is_reservable`, `is_storage`) VALUES ('195', '7', 'Office', 'Off', NULL, NULL, NULL, NULL, '2026-03-31 12:04:42', '2026-03-31 12:09:14', '[[0,0],[14,0],[14,18],[0,18]]', '1', '0');
INSERT INTO `rooms` (`id`, `floor_id`, `name`, `abbreviation`, `room_number`, `capacity`, `description`, `default_setup`, `created_at`, `updated_at`, `map_points`, `is_reservable`, `is_storage`) VALUES ('196', '7', 'Mech 0', NULL, NULL, NULL, NULL, NULL, '2026-03-31 12:14:55', '2026-03-31 17:06:15', '[[12,116],[16,116],[16,121],[12,121]]', '0', '0');
INSERT INTO `rooms` (`id`, `floor_id`, `name`, `abbreviation`, `room_number`, `capacity`, `description`, `default_setup`, `created_at`, `updated_at`, `map_points`, `is_reservable`, `is_storage`) VALUES ('197', '7', 'Electrical 2', 'E2', NULL, NULL, NULL, NULL, '2026-03-31 12:15:38', '2026-03-31 17:06:15', '[[12,26],[16,26],[16,30],[12,30]]', '0', '0');
INSERT INTO `rooms` (`id`, `floor_id`, `name`, `abbreviation`, `room_number`, `capacity`, `description`, `default_setup`, `created_at`, `updated_at`, `map_points`, `is_reservable`, `is_storage`) VALUES ('198', '7', 'Stair 2', 'ST-2', NULL, NULL, NULL, NULL, '2026-03-31 12:18:40', '2026-03-31 17:06:15', '[[10,22],[22,22],[22,26],[10,26]]', '0', '0');
INSERT INTO `rooms` (`id`, `floor_id`, `name`, `abbreviation`, `room_number`, `capacity`, `description`, `default_setup`, `created_at`, `updated_at`, `map_points`, `is_reservable`, `is_storage`) VALUES ('199', '7', 'Mech 11', 'M-11', NULL, NULL, NULL, NULL, '2026-03-31 12:19:12', '2026-03-31 17:06:15', '[[40,22],[46,22],[46,26],[40,26]]', '0', '0');
INSERT INTO `rooms` (`id`, `floor_id`, `name`, `abbreviation`, `room_number`, `capacity`, `description`, `default_setup`, `created_at`, `updated_at`, `map_points`, `is_reservable`, `is_storage`) VALUES ('200', '7', 'Storage 12', 'S-12', NULL, NULL, NULL, NULL, '2026-03-31 12:19:52', '2026-03-31 18:52:10', '[[22,22],[29,22],[29,26],[22,26]]', '0', '1');
INSERT INTO `rooms` (`id`, `floor_id`, `name`, `abbreviation`, `room_number`, `capacity`, `description`, `default_setup`, `created_at`, `updated_at`, `map_points`, `is_reservable`, `is_storage`) VALUES ('202', '8', '204', '204', NULL, NULL, NULL, NULL, '2026-03-31 12:24:29', '2026-03-31 12:32:49', '[[26,0],[42,0],[42,17],[26,17]]', '1', '0');
INSERT INTO `rooms` (`id`, `floor_id`, `name`, `abbreviation`, `room_number`, `capacity`, `description`, `default_setup`, `created_at`, `updated_at`, `map_points`, `is_reservable`, `is_storage`) VALUES ('203', '8', '203', '203', NULL, NULL, NULL, NULL, '2026-03-31 12:24:53', '2026-03-31 12:32:49', '[[42,0],[58,0],[58,17],[42,17]]', '1', '0');
INSERT INTO `rooms` (`id`, `floor_id`, `name`, `abbreviation`, `room_number`, `capacity`, `description`, `default_setup`, `created_at`, `updated_at`, `map_points`, `is_reservable`, `is_storage`) VALUES ('204', '8', '205', '205', NULL, NULL, NULL, NULL, '2026-03-31 12:26:59', '2026-03-31 12:35:54', '[[0,0],[26,0],[26,17],[21,17],[21,22],[10,22],[10,25],[0,25]]', '1', '0');
INSERT INTO `rooms` (`id`, `floor_id`, `name`, `abbreviation`, `room_number`, `capacity`, `description`, `default_setup`, `created_at`, `updated_at`, `map_points`, `is_reservable`, `is_storage`) VALUES ('205', '8', '202', '202', NULL, NULL, NULL, NULL, '2026-03-31 12:28:51', '2026-03-31 12:32:49', '[[58,0],[90,0],[90,21],[74,21],[74,17],[58,17]]', '1', '0');
INSERT INTO `rooms` (`id`, `floor_id`, `name`, `abbreviation`, `room_number`, `capacity`, `description`, `default_setup`, `created_at`, `updated_at`, `map_points`, `is_reservable`, `is_storage`) VALUES ('206', '8', 'Storage 22', 'S-22', NULL, NULL, NULL, NULL, '2026-03-31 12:30:54', '2026-03-31 18:52:27', '[[31,21],[41,21],[41,25],[31,25]]', '0', '1');
INSERT INTO `rooms` (`id`, `floor_id`, `name`, `abbreviation`, `room_number`, `capacity`, `description`, `default_setup`, `created_at`, `updated_at`, `map_points`, `is_reservable`, `is_storage`) VALUES ('207', '8', 'Mech 20', 'M-20', NULL, NULL, NULL, NULL, '2026-03-31 12:31:30', '2026-03-31 17:06:32', '[[41,21],[46,21],[46,25],[41,25]]', '0', '0');
INSERT INTO `rooms` (`id`, `floor_id`, `name`, `abbreviation`, `room_number`, `capacity`, `description`, `default_setup`, `created_at`, `updated_at`, `map_points`, `is_reservable`, `is_storage`) VALUES ('208', '8', 'Stair 1 U', 'S1U', NULL, NULL, NULL, NULL, '2026-03-31 12:32:10', '2026-03-31 17:06:31', '[[51,29],[55,29],[55,37],[51,37]]', '0', '0');
INSERT INTO `rooms` (`id`, `floor_id`, `name`, `abbreviation`, `room_number`, `capacity`, `description`, `default_setup`, `created_at`, `updated_at`, `map_points`, `is_reservable`, `is_storage`) VALUES ('209', '8', 'Stair 2 U', 'S2U', NULL, NULL, NULL, NULL, '2026-03-31 12:33:13', '2026-03-31 17:06:32', '[[10,22],[21,22],[21,25],[10,25]]', '0', '0');
INSERT INTO `rooms` (`id`, `floor_id`, `name`, `abbreviation`, `room_number`, `capacity`, `description`, `default_setup`, `created_at`, `updated_at`, `map_points`, `is_reservable`, `is_storage`) VALUES ('210', '8', 'Corridor B', 'C-B', NULL, NULL, NULL, NULL, '2026-03-31 12:35:16', '2026-03-31 17:06:32', '[[21,17],[74,17],[74,21],[90,21],[90,25],[55,25],[55,29],[51,29],[51,25],[46,25],[46,21],[31,21],[31,25],[21,25]]', '0', '0');
INSERT INTO `rooms` (`id`, `floor_id`, `name`, `abbreviation`, `room_number`, `capacity`, `description`, `default_setup`, `created_at`, `updated_at`, `map_points`, `is_reservable`, `is_storage`) VALUES ('211', '8', '201', '201', NULL, NULL, NULL, NULL, '2026-03-31 12:37:33', '2026-03-31 12:41:04', '[[55,25],[87,25],[87,41],[55,41],[51,41],[51,37],[55,37]]', '1', '0');
INSERT INTO `rooms` (`id`, `floor_id`, `name`, `abbreviation`, `room_number`, `capacity`, `description`, `default_setup`, `created_at`, `updated_at`, `map_points`, `is_reservable`, `is_storage`) VALUES ('212', '8', 'S-20', NULL, NULL, NULL, NULL, NULL, '2026-03-31 12:38:43', '2026-03-31 18:52:27', '[[32,34],[51,34],[51,45],[32,45]]', '0', '1');
INSERT INTO `rooms` (`id`, `floor_id`, `name`, `abbreviation`, `room_number`, `capacity`, `description`, `default_setup`, `created_at`, `updated_at`, `map_points`, `is_reservable`, `is_storage`) VALUES ('213', '8', 'Storage 21', 'S-21', NULL, NULL, NULL, NULL, '2026-03-31 12:40:40', '2026-03-31 18:52:27', '[[32,45],[51,45],[51,65],[32,65]]', '0', '1');
INSERT INTO `rooms` (`id`, `floor_id`, `name`, `abbreviation`, `room_number`, `capacity`, `description`, `default_setup`, `created_at`, `updated_at`, `map_points`, `is_reservable`, `is_storage`) VALUES ('214', '8', 'Storage 15', 'S1', NULL, NULL, NULL, NULL, '2026-03-31 12:41:56', '2026-03-31 18:52:27', '[[12,111],[22,111],[22,121],[12,121]]', '0', '1');
INSERT INTO `rooms` (`id`, `floor_id`, `name`, `abbreviation`, `room_number`, `capacity`, `description`, `default_setup`, `created_at`, `updated_at`, `map_points`, `is_reservable`, `is_storage`) VALUES ('215', '2', 'Corridor D', 'C-D', NULL, NULL, NULL, NULL, '2026-03-31 16:53:13', '2026-03-31 17:05:50', '[[58,0],[68,0],[68,86],[62,86],[62,57],[58,57]]', '0', '0');
INSERT INTO `rooms` (`id`, `floor_id`, `name`, `abbreviation`, `room_number`, `capacity`, `description`, `default_setup`, `created_at`, `updated_at`, `map_points`, `is_reservable`, `is_storage`) VALUES ('216', '2', 'Corridor E', NULL, NULL, NULL, NULL, NULL, '2026-03-31 16:54:24', '2026-03-31 17:05:50', '[[68,86],[122,86],[154,54],[154,0],[151,0],[151,-4],[160,-4],[160,50],[172,50],[172,56],[167,56],[158,65],[157,64],[153,64],[132,85],[132,89],[128,93],[68,93]]', '0', '0');
INSERT INTO `rooms` (`id`, `floor_id`, `name`, `abbreviation`, `room_number`, `capacity`, `description`, `default_setup`, `created_at`, `updated_at`, `map_points`, `is_reservable`, `is_storage`) VALUES ('217', '7', 'Stage', 'S', NULL, NULL, NULL, NULL, '2026-04-03 12:34:06', '2026-04-03 12:34:19', '[[12,38],[51,38],[51,50],[12,50]]', '1', '0');

DROP TABLE IF EXISTS `settings`;
CREATE TABLE `settings` (
  `setting_key` varchar(100) NOT NULL,
  `setting_value` text NOT NULL,
  `description` varchar(255) DEFAULT NULL,
  `updated_at` timestamp NOT NULL DEFAULT current_timestamp() ON UPDATE current_timestamp(),
  PRIMARY KEY (`setting_key`)
) ENGINE=InnoDB DEFAULT CHARSET=utf8mb4 COLLATE=utf8mb4_general_ci;

INSERT INTO `settings` (`setting_key`, `setting_value`, `description`, `updated_at`) VALUES ('default_deadline_time', '16:00', 'Default deadline time for scheduled tasks', '2026-04-01 17:51:49');
INSERT INTO `settings` (`setting_key`, `setting_value`, `description`, `updated_at`) VALUES ('schedule_generation_days', '14', 'How many days ahead to generate assignments', '2026-04-01 17:48:42');
INSERT INTO `settings` (`setting_key`, `setting_value`, `description`, `updated_at`) VALUES ('scheduling_mode', 'deadline', 'deadline or timeslot', '2026-04-01 17:48:42');

DROP TABLE IF EXISTS `supplies`;
CREATE TABLE `supplies` (
  `id` int(11) NOT NULL AUTO_INCREMENT,
  `name` varchar(255) NOT NULL,
  `created_at` timestamp NOT NULL DEFAULT current_timestamp(),
  `quantity` int(11) NOT NULL DEFAULT 1,
  `supplier` varchar(100) DEFAULT NULL,
  `part_number` varchar(50) DEFAULT NULL,
  `rack` int(11) DEFAULT NULL,
  `shelf` int(11) DEFAULT NULL,
  `slot` int(11) DEFAULT NULL,
  `unit` varchar(50) DEFAULT NULL,
  `low_stock` int(11) DEFAULT NULL,
  `high_stock` int(11) DEFAULT NULL,
  `order_qty` int(11) DEFAULT NULL,
  `order_unit` varchar(50) DEFAULT NULL,
  PRIMARY KEY (`id`),
  UNIQUE KEY `unique_name` (`name`)
) ENGINE=InnoDB AUTO_INCREMENT=32 DEFAULT CHARSET=utf8mb4 COLLATE=utf8mb4_unicode_ci;

INSERT INTO `supplies` (`id`, `name`, `created_at`, `quantity`, `supplier`, `part_number`, `rack`, `shelf`, `slot`, `unit`, `low_stock`, `high_stock`, `order_qty`, `order_unit`) VALUES ('1', 'Plastic Bottles with Sprayers - 16 oz', '2026-04-03 12:51:26', '1', 'ULINE', 'S-11686', '1', '1', '1', 'Bottles', '2', '8', '1', 'Case');
INSERT INTO `supplies` (`id`, `name`, `created_at`, `quantity`, `supplier`, `part_number`, `rack`, `shelf`, `slot`, `unit`, `low_stock`, `high_stock`, `order_qty`, `order_unit`) VALUES ('2', 'Plastic Bottles with Sprayers - 24 oz', '2026-04-03 12:51:26', '1', 'ULINE', 'S-7272', '1', '1', '2', 'Bottles', '2', '8', '1', 'Case');
INSERT INTO `supplies` (`id`, `name`, `created_at`, `quantity`, `supplier`, `part_number`, `rack`, `shelf`, `slot`, `unit`, `low_stock`, `high_stock`, `order_qty`, `order_unit`) VALUES ('3', 'Plastic Bottles with Sprayers - 32 oz', '2026-04-03 12:51:26', '1', 'ULINE', 'S-7273', '1', '1', '3', 'Bottles', '2', '8', '1', 'Case');
INSERT INTO `supplies` (`id`, `name`, `created_at`, `quantity`, `supplier`, `part_number`, `rack`, `shelf`, `slot`, `unit`, `low_stock`, `high_stock`, `order_qty`, `order_unit`) VALUES ('4', 'Uline Aloe Hand Soap - 1 Gallon', '2026-04-03 12:51:26', '1', 'ULINE', 'S-17081', '2', '3', '1', 'Bottles', '2', '6', '1', 'Case');
INSERT INTO `supplies` (`id`, `name`, `created_at`, `quantity`, `supplier`, `part_number`, `rack`, `shelf`, `slot`, `unit`, `low_stock`, `high_stock`, `order_qty`, `order_unit`) VALUES ('5', 'CLR PRO Calcium, Lime and Rust Remover - 1 Gallon', '2026-04-03 12:51:26', '1', 'ULINE', 'S-18419', '2', '3', '2', 'Bottles', '2', '6', '1', 'Case');
INSERT INTO `supplies` (`id`, `name`, `created_at`, `quantity`, `supplier`, `part_number`, `rack`, `shelf`, `slot`, `unit`, `low_stock`, `high_stock`, `order_qty`, `order_unit`) VALUES ('6', 'Uline 2in1 Cleaner and Disinfectant - 1 Gallon', '2026-04-03 12:51:26', '1', 'ULINE', 'S-19374', '2', '4', '1', 'Bottles', '2', '6', '1', 'Case');
INSERT INTO `supplies` (`id`, `name`, `created_at`, `quantity`, `supplier`, `part_number`, `rack`, `shelf`, `slot`, `unit`, `low_stock`, `high_stock`, `order_qty`, `order_unit`) VALUES ('7', 'Uline Multi-Purpose Cleaner - 1 Gallon', '2026-04-03 12:51:26', '1', 'ULINE', 'S-20690', '2', '4', '2', 'Bottles', '2', '6', '1', 'Case');
INSERT INTO `supplies` (`id`, `name`, `created_at`, `quantity`, `supplier`, `part_number`, `rack`, `shelf`, `slot`, `unit`, `low_stock`, `high_stock`, `order_qty`, `order_unit`) VALUES ('8', 'Uline Neutral Floor Cleaner - 1 Gallon', '2026-04-03 12:51:26', '1', 'ULINE', 'S-26142', '2', '5', '1', 'Bottles', '2', '6', '1', 'Case');
INSERT INTO `supplies` (`id`, `name`, `created_at`, `quantity`, `supplier`, `part_number`, `rack`, `shelf`, `slot`, `unit`, `low_stock`, `high_stock`, `order_qty`, `order_unit`) VALUES ('9', 'Betco Carpet Cleaner - 1 Gallon', '2026-04-03 12:51:26', '1', 'ULINE', 'S-26147', '2', '5', '2', 'Bottles', '2', '6', '1', 'Case');
INSERT INTO `supplies` (`id`, `name`, `created_at`, `quantity`, `supplier`, `part_number`, `rack`, `shelf`, `slot`, `unit`, `low_stock`, `high_stock`, `order_qty`, `order_unit`) VALUES ('10', 'Uline Antibacterial Hand Soap - 7.5 oz Dispenser', '2026-04-03 12:51:26', '1', 'ULINE', 'S-20661', '3', '2', '1', 'Bottles', '2', '8', '1', 'Case');
INSERT INTO `supplies` (`id`, `name`, `created_at`, `quantity`, `supplier`, `part_number`, `rack`, `shelf`, `slot`, `unit`, `low_stock`, `high_stock`, `order_qty`, `order_unit`) VALUES ('11', 'Lysol Toilet Bowl Cleaner - 32 oz', '2026-04-03 12:51:26', '1', 'ULINE', 'S-7141', '3', '3', '5', 'Bottles', '4', '16', '1', 'Case');
INSERT INTO `supplies` (`id`, `name`, `created_at`, `quantity`, `supplier`, `part_number`, `rack`, `shelf`, `slot`, `unit`, `low_stock`, `high_stock`, `order_qty`, `order_unit`) VALUES ('12', 'Uline Black Latex Gloves - Small', '2026-04-03 12:51:26', '1', 'ULINE', 'S-19810S', '2', '2', '2', 'Boxes', '1', '3', '2', 'Box');
INSERT INTO `supplies` (`id`, `name`, `created_at`, `quantity`, `supplier`, `part_number`, `rack`, `shelf`, `slot`, `unit`, `low_stock`, `high_stock`, `order_qty`, `order_unit`) VALUES ('13', 'Uline Black Latex Gloves - Medium', '2026-04-03 12:51:26', '1', 'ULINE', 'S-19810M', '2', '2', '3', 'Boxes', '1', '3', '2', 'Box');
INSERT INTO `supplies` (`id`, `name`, `created_at`, `quantity`, `supplier`, `part_number`, `rack`, `shelf`, `slot`, `unit`, `low_stock`, `high_stock`, `order_qty`, `order_unit`) VALUES ('14', 'Uline Black Latex Gloves - Large', '2026-04-03 12:51:26', '1', 'ULINE', 'S-19810L', '2', '2', '4', 'Boxes', '1', '3', '2', 'Box');
INSERT INTO `supplies` (`id`, `name`, `created_at`, `quantity`, `supplier`, `part_number`, `rack`, `shelf`, `slot`, `unit`, `low_stock`, `high_stock`, `order_qty`, `order_unit`) VALUES ('15', 'Uline Black Latex Gloves - XL', '2026-04-03 12:51:26', '1', 'ULINE', 'S-19810X', '2', '2', '5', 'Boxes', '1', '3', '2', 'Box');
INSERT INTO `supplies` (`id`, `name`, `created_at`, `quantity`, `supplier`, `part_number`, `rack`, `shelf`, `slot`, `unit`, `low_stock`, `high_stock`, `order_qty`, `order_unit`) VALUES ('16', 'Kleenex Boutique Facial Tissue', '2026-04-03 12:51:26', '1', 'ULINE', 'S-6873', '4', '3', '1', 'Boxes', '6', '42', '1', 'Case');
INSERT INTO `supplies` (`id`, `name`, `created_at`, `quantity`, `supplier`, `part_number`, `rack`, `shelf`, `slot`, `unit`, `low_stock`, `high_stock`, `order_qty`, `order_unit`) VALUES ('17', 'Toilet Seat Covers', '2026-04-03 12:51:26', '1', 'ULINE', 'S-7276', '4', '3', '2', 'Boxes', '6', '18', '2', 'Case');
INSERT INTO `supplies` (`id`, `name`, `created_at`, `quantity`, `supplier`, `part_number`, `rack`, `shelf`, `slot`, `unit`, `low_stock`, `high_stock`, `order_qty`, `order_unit`) VALUES ('18', 'Uline Kraft Multi-Fold Towels', '2026-04-03 12:51:26', '1', 'ULINE', 'S-13735', '4', '1', '1', 'Bundles', '4', '16', '1', 'Case');
INSERT INTO `supplies` (`id`, `name`, `created_at`, `quantity`, `supplier`, `part_number`, `rack`, `shelf`, `slot`, `unit`, `low_stock`, `high_stock`, `order_qty`, `order_unit`) VALUES ('19', 'Bar Keepers Friend - 21 oz Powder', '2026-04-03 12:51:26', '1', 'ULINE', 'S-20095', '3', '3', '1', 'Cans', '2', '14', '1', 'Case');
INSERT INTO `supplies` (`id`, `name`, `created_at`, `quantity`, `supplier`, `part_number`, `rack`, `shelf`, `slot`, `unit`, `low_stock`, `high_stock`, `order_qty`, `order_unit`) VALUES ('20', 'Weiman Stainless Steel Cleaner and Polish - 17 oz', '2026-04-03 12:51:26', '1', 'ULINE', 'S-21521', '3', '3', '2', 'Cans', '2', '8', '1', 'Case');
INSERT INTO `supplies` (`id`, `name`, `created_at`, `quantity`, `supplier`, `part_number`, `rack`, `shelf`, `slot`, `unit`, `low_stock`, `high_stock`, `order_qty`, `order_unit`) VALUES ('21', 'Goof Off Spray - 12 oz', '2026-04-03 12:51:26', '1', 'ULINE', 'S-19127', '3', '3', '3', 'Cans', '2', '8', '1', 'Case');
INSERT INTO `supplies` (`id`, `name`, `created_at`, `quantity`, `supplier`, `part_number`, `rack`, `shelf`, `slot`, `unit`, `low_stock`, `high_stock`, `order_qty`, `order_unit`) VALUES ('22', 'Uline Foaming Glass Cleaner - 19 oz', '2026-04-03 12:51:26', '1', 'ULINE', 'S-22344', '3', '3', '4', 'Cans', '2', '14', '1', 'Case');
INSERT INTO `supplies` (`id`, `name`, `created_at`, `quantity`, `supplier`, `part_number`, `rack`, `shelf`, `slot`, `unit`, `low_stock`, `high_stock`, `order_qty`, `order_unit`) VALUES ('23', 'Uline EZ Pull Center Pull Paper Towels', '2026-04-03 12:51:26', '1', 'ULINE', 'S-15752', '1', '2', '1', 'Cases', '4', '12', '8', 'Case');
INSERT INTO `supplies` (`id`, `name`, `created_at`, `quantity`, `supplier`, `part_number`, `rack`, `shelf`, `slot`, `unit`, `low_stock`, `high_stock`, `order_qty`, `order_unit`) VALUES ('24', 'Uline Toilet Tissue', '2026-04-03 12:51:26', '1', 'ULINE', 'S-7131', '1', '3', '1', 'Cases', '1', '2', '1', 'Case');
INSERT INTO `supplies` (`id`, `name`, `created_at`, `quantity`, `supplier`, `part_number`, `rack`, `shelf`, `slot`, `unit`, `low_stock`, `high_stock`, `order_qty`, `order_unit`) VALUES ('25', 'Uline Economy Trash Liners - 12-16 Gallon Clear', '2026-04-03 12:51:26', '1', 'ULINE', 'S-11671C', '3', '4', '1', 'Cases', '2', '2', '1', 'Case');
INSERT INTO `supplies` (`id`, `name`, `created_at`, `quantity`, `supplier`, `part_number`, `rack`, `shelf`, `slot`, `unit`, `low_stock`, `high_stock`, `order_qty`, `order_unit`) VALUES ('26', 'Sanitary Napkin Receptacle Liners', '2026-04-03 12:51:26', '1', 'ULINE', 'S-15960', '3', '4', '2', 'Cases', '1', '2', '1', 'Case');
INSERT INTO `supplies` (`id`, `name`, `created_at`, `quantity`, `supplier`, `part_number`, `rack`, `shelf`, `slot`, `unit`, `low_stock`, `high_stock`, `order_qty`, `order_unit`) VALUES ('27', 'Uline Industrial Trash Liners - 40-45 Gallon Black', '2026-04-03 12:51:26', '1', 'ULINE', 'S-5109', '3', '5', '1', 'Cases', '1', '2', '1', 'Case');
INSERT INTO `supplies` (`id`, `name`, `created_at`, `quantity`, `supplier`, `part_number`, `rack`, `shelf`, `slot`, `unit`, `low_stock`, `high_stock`, `order_qty`, `order_unit`) VALUES ('28', 'Kirkland Signature Paper Towels', '2026-04-03 12:51:26', '1', 'Costco', '100234271', '4', '4', '1', 'Rolls', '12', '36', '2', 'Case');
INSERT INTO `supplies` (`id`, `name`, `created_at`, `quantity`, `supplier`, `part_number`, `rack`, `shelf`, `slot`, `unit`, `low_stock`, `high_stock`, `order_qty`, `order_unit`) VALUES ('29', 'Spill Kit', '2026-04-03 12:51:26', '1', NULL, NULL, '4', '1', '2', NULL, NULL, NULL, NULL, NULL);
INSERT INTO `supplies` (`id`, `name`, `created_at`, `quantity`, `supplier`, `part_number`, `rack`, `shelf`, `slot`, `unit`, `low_stock`, `high_stock`, `order_qty`, `order_unit`) VALUES ('30', 'Uline Disinfecting Wipes - Fresh Scent 75 ct', '2026-04-03 12:51:26', '1', 'ULINE', 'S-19459FRESH', '4', '2', '1', 'Cans', '2', '14', '2', 'Case');
INSERT INTO `supplies` (`id`, `name`, `created_at`, `quantity`, `supplier`, `part_number`, `rack`, `shelf`, `slot`, `unit`, `low_stock`, `high_stock`, `order_qty`, `order_unit`) VALUES ('31', 'Uline Deluxe Urinal Screen - Cotton Blossom', '2026-04-03 12:51:26', '1', 'Uline', 'S-18729COTTN', '3', '2', '2', 'Case', '1', '2', '1', 'Case');

DROP TABLE IF EXISTS `task_catalog`;
CREATE TABLE `task_catalog` (
  `id` int(11) NOT NULL AUTO_INCREMENT,
  `name` varchar(100) NOT NULL,
  `description` varchar(255) DEFAULT NULL,
  `category` enum('cleaning','maintenance','setup') NOT NULL DEFAULT 'cleaning',
  `created_at` timestamp NOT NULL DEFAULT current_timestamp(),
  PRIMARY KEY (`id`)
) ENGINE=InnoDB AUTO_INCREMENT=2 DEFAULT CHARSET=utf8mb4 COLLATE=utf8mb4_unicode_ci;

INSERT INTO `task_catalog` (`id`, `name`, `description`, `category`, `created_at`) VALUES ('1', 'Vacuum Carpet', '', 'cleaning', '2026-03-25 21:38:21');

DROP TABLE IF EXISTS `task_equipment`;
CREATE TABLE `task_equipment` (
  `task_id` int(11) NOT NULL,
  `equipment_id` int(11) NOT NULL,
  PRIMARY KEY (`task_id`,`equipment_id`),
  KEY `equipment_id` (`equipment_id`),
  CONSTRAINT `task_equipment_ibfk_1` FOREIGN KEY (`task_id`) REFERENCES `tasks` (`id`) ON DELETE CASCADE,
  CONSTRAINT `task_equipment_ibfk_2` FOREIGN KEY (`equipment_id`) REFERENCES `equipment` (`id`) ON DELETE CASCADE
) ENGINE=InnoDB DEFAULT CHARSET=utf8mb4 COLLATE=utf8mb4_unicode_ci;

DROP TABLE IF EXISTS `task_group_preferred_workers`;
CREATE TABLE `task_group_preferred_workers` (
  `task_group_id` int(11) NOT NULL,
  `user_id` int(11) NOT NULL,
  PRIMARY KEY (`task_group_id`,`user_id`),
  KEY `user_id` (`user_id`),
  CONSTRAINT `task_group_preferred_workers_ibfk_1` FOREIGN KEY (`task_group_id`) REFERENCES `task_groups` (`id`) ON DELETE CASCADE,
  CONSTRAINT `task_group_preferred_workers_ibfk_2` FOREIGN KEY (`user_id`) REFERENCES `users` (`id`) ON DELETE CASCADE
) ENGINE=InnoDB DEFAULT CHARSET=utf8mb4 COLLATE=utf8mb4_general_ci;

DROP TABLE IF EXISTS `task_group_tasks`;
CREATE TABLE `task_group_tasks` (
  `task_group_id` int(11) NOT NULL,
  `task_id` int(11) NOT NULL,
  `sort_order` int(11) NOT NULL DEFAULT 0,
  PRIMARY KEY (`task_group_id`,`task_id`),
  KEY `task_id` (`task_id`),
  CONSTRAINT `task_group_tasks_ibfk_1` FOREIGN KEY (`task_group_id`) REFERENCES `task_groups` (`id`) ON DELETE CASCADE,
  CONSTRAINT `task_group_tasks_ibfk_2` FOREIGN KEY (`task_id`) REFERENCES `tasks` (`id`) ON DELETE CASCADE
) ENGINE=InnoDB DEFAULT CHARSET=utf8mb4 COLLATE=utf8mb4_unicode_ci;

INSERT INTO `task_group_tasks` (`task_group_id`, `task_id`, `sort_order`) VALUES ('2', '34', '0');
INSERT INTO `task_group_tasks` (`task_group_id`, `task_id`, `sort_order`) VALUES ('2', '35', '1');
INSERT INTO `task_group_tasks` (`task_group_id`, `task_id`, `sort_order`) VALUES ('2', '36', '2');
INSERT INTO `task_group_tasks` (`task_group_id`, `task_id`, `sort_order`) VALUES ('3', '37', '0');
INSERT INTO `task_group_tasks` (`task_group_id`, `task_id`, `sort_order`) VALUES ('3', '38', '1');
INSERT INTO `task_group_tasks` (`task_group_id`, `task_id`, `sort_order`) VALUES ('3', '39', '2');
INSERT INTO `task_group_tasks` (`task_group_id`, `task_id`, `sort_order`) VALUES ('3', '40', '3');
INSERT INTO `task_group_tasks` (`task_group_id`, `task_id`, `sort_order`) VALUES ('3', '41', '4');
INSERT INTO `task_group_tasks` (`task_group_id`, `task_id`, `sort_order`) VALUES ('4', '42', '0');
INSERT INTO `task_group_tasks` (`task_group_id`, `task_id`, `sort_order`) VALUES ('4', '43', '1');
INSERT INTO `task_group_tasks` (`task_group_id`, `task_id`, `sort_order`) VALUES ('4', '44', '2');
INSERT INTO `task_group_tasks` (`task_group_id`, `task_id`, `sort_order`) VALUES ('5', '45', '0');
INSERT INTO `task_group_tasks` (`task_group_id`, `task_id`, `sort_order`) VALUES ('5', '46', '1');
INSERT INTO `task_group_tasks` (`task_group_id`, `task_id`, `sort_order`) VALUES ('6', '47', '0');
INSERT INTO `task_group_tasks` (`task_group_id`, `task_id`, `sort_order`) VALUES ('6', '48', '1');
INSERT INTO `task_group_tasks` (`task_group_id`, `task_id`, `sort_order`) VALUES ('6', '49', '2');
INSERT INTO `task_group_tasks` (`task_group_id`, `task_id`, `sort_order`) VALUES ('6', '50', '3');
INSERT INTO `task_group_tasks` (`task_group_id`, `task_id`, `sort_order`) VALUES ('6', '51', '4');
INSERT INTO `task_group_tasks` (`task_group_id`, `task_id`, `sort_order`) VALUES ('6', '52', '5');
INSERT INTO `task_group_tasks` (`task_group_id`, `task_id`, `sort_order`) VALUES ('6', '53', '6');
INSERT INTO `task_group_tasks` (`task_group_id`, `task_id`, `sort_order`) VALUES ('7', '54', '0');
INSERT INTO `task_group_tasks` (`task_group_id`, `task_id`, `sort_order`) VALUES ('7', '55', '1');
INSERT INTO `task_group_tasks` (`task_group_id`, `task_id`, `sort_order`) VALUES ('7', '56', '2');
INSERT INTO `task_group_tasks` (`task_group_id`, `task_id`, `sort_order`) VALUES ('7', '57', '3');
INSERT INTO `task_group_tasks` (`task_group_id`, `task_id`, `sort_order`) VALUES ('7', '58', '4');
INSERT INTO `task_group_tasks` (`task_group_id`, `task_id`, `sort_order`) VALUES ('7', '59', '5');
INSERT INTO `task_group_tasks` (`task_group_id`, `task_id`, `sort_order`) VALUES ('8', '60', '0');
INSERT INTO `task_group_tasks` (`task_group_id`, `task_id`, `sort_order`) VALUES ('8', '61', '1');
INSERT INTO `task_group_tasks` (`task_group_id`, `task_id`, `sort_order`) VALUES ('9', '62', '0');
INSERT INTO `task_group_tasks` (`task_group_id`, `task_id`, `sort_order`) VALUES ('9', '63', '1');
INSERT INTO `task_group_tasks` (`task_group_id`, `task_id`, `sort_order`) VALUES ('9', '64', '2');
INSERT INTO `task_group_tasks` (`task_group_id`, `task_id`, `sort_order`) VALUES ('9', '65', '3');
INSERT INTO `task_group_tasks` (`task_group_id`, `task_id`, `sort_order`) VALUES ('9', '66', '4');
INSERT INTO `task_group_tasks` (`task_group_id`, `task_id`, `sort_order`) VALUES ('10', '67', '0');
INSERT INTO `task_group_tasks` (`task_group_id`, `task_id`, `sort_order`) VALUES ('10', '68', '1');
INSERT INTO `task_group_tasks` (`task_group_id`, `task_id`, `sort_order`) VALUES ('10', '69', '2');
INSERT INTO `task_group_tasks` (`task_group_id`, `task_id`, `sort_order`) VALUES ('10', '70', '3');
INSERT INTO `task_group_tasks` (`task_group_id`, `task_id`, `sort_order`) VALUES ('10', '71', '4');
INSERT INTO `task_group_tasks` (`task_group_id`, `task_id`, `sort_order`) VALUES ('10', '72', '5');
INSERT INTO `task_group_tasks` (`task_group_id`, `task_id`, `sort_order`) VALUES ('10', '73', '6');
INSERT INTO `task_group_tasks` (`task_group_id`, `task_id`, `sort_order`) VALUES ('11', '74', '0');
INSERT INTO `task_group_tasks` (`task_group_id`, `task_id`, `sort_order`) VALUES ('11', '75', '1');
INSERT INTO `task_group_tasks` (`task_group_id`, `task_id`, `sort_order`) VALUES ('11', '76', '2');
INSERT INTO `task_group_tasks` (`task_group_id`, `task_id`, `sort_order`) VALUES ('11', '77', '3');
INSERT INTO `task_group_tasks` (`task_group_id`, `task_id`, `sort_order`) VALUES ('12', '78', '0');
INSERT INTO `task_group_tasks` (`task_group_id`, `task_id`, `sort_order`) VALUES ('12', '79', '1');
INSERT INTO `task_group_tasks` (`task_group_id`, `task_id`, `sort_order`) VALUES ('12', '80', '2');
INSERT INTO `task_group_tasks` (`task_group_id`, `task_id`, `sort_order`) VALUES ('12', '81', '3');
INSERT INTO `task_group_tasks` (`task_group_id`, `task_id`, `sort_order`) VALUES ('12', '82', '4');
INSERT INTO `task_group_tasks` (`task_group_id`, `task_id`, `sort_order`) VALUES ('12', '83', '5');
INSERT INTO `task_group_tasks` (`task_group_id`, `task_id`, `sort_order`) VALUES ('13', '84', '0');
INSERT INTO `task_group_tasks` (`task_group_id`, `task_id`, `sort_order`) VALUES ('13', '85', '1');
INSERT INTO `task_group_tasks` (`task_group_id`, `task_id`, `sort_order`) VALUES ('13', '86', '2');
INSERT INTO `task_group_tasks` (`task_group_id`, `task_id`, `sort_order`) VALUES ('14', '87', '0');
INSERT INTO `task_group_tasks` (`task_group_id`, `task_id`, `sort_order`) VALUES ('14', '88', '1');
INSERT INTO `task_group_tasks` (`task_group_id`, `task_id`, `sort_order`) VALUES ('14', '89', '2');
INSERT INTO `task_group_tasks` (`task_group_id`, `task_id`, `sort_order`) VALUES ('14', '90', '3');
INSERT INTO `task_group_tasks` (`task_group_id`, `task_id`, `sort_order`) VALUES ('15', '91', '0');
INSERT INTO `task_group_tasks` (`task_group_id`, `task_id`, `sort_order`) VALUES ('15', '92', '1');
INSERT INTO `task_group_tasks` (`task_group_id`, `task_id`, `sort_order`) VALUES ('15', '93', '2');
INSERT INTO `task_group_tasks` (`task_group_id`, `task_id`, `sort_order`) VALUES ('16', '94', '0');
INSERT INTO `task_group_tasks` (`task_group_id`, `task_id`, `sort_order`) VALUES ('16', '95', '1');
INSERT INTO `task_group_tasks` (`task_group_id`, `task_id`, `sort_order`) VALUES ('17', '96', '0');
INSERT INTO `task_group_tasks` (`task_group_id`, `task_id`, `sort_order`) VALUES ('17', '97', '1');
INSERT INTO `task_group_tasks` (`task_group_id`, `task_id`, `sort_order`) VALUES ('17', '98', '2');
INSERT INTO `task_group_tasks` (`task_group_id`, `task_id`, `sort_order`) VALUES ('17', '99', '3');
INSERT INTO `task_group_tasks` (`task_group_id`, `task_id`, `sort_order`) VALUES ('17', '100', '4');
INSERT INTO `task_group_tasks` (`task_group_id`, `task_id`, `sort_order`) VALUES ('18', '101', '0');
INSERT INTO `task_group_tasks` (`task_group_id`, `task_id`, `sort_order`) VALUES ('18', '102', '1');
INSERT INTO `task_group_tasks` (`task_group_id`, `task_id`, `sort_order`) VALUES ('18', '103', '2');
INSERT INTO `task_group_tasks` (`task_group_id`, `task_id`, `sort_order`) VALUES ('18', '104', '3');
INSERT INTO `task_group_tasks` (`task_group_id`, `task_id`, `sort_order`) VALUES ('18', '105', '4');
INSERT INTO `task_group_tasks` (`task_group_id`, `task_id`, `sort_order`) VALUES ('18', '106', '5');

DROP TABLE IF EXISTS `task_groups`;
CREATE TABLE `task_groups` (
  `id` int(11) NOT NULL AUTO_INCREMENT,
  `parent_id` int(11) DEFAULT NULL,
  `sort_order` int(11) NOT NULL DEFAULT 0,
  `name` varchar(255) NOT NULL,
  `description` text DEFAULT NULL,
  `task_type_id` int(11) NOT NULL,
  `estimated_minutes` int(11) NOT NULL DEFAULT 15,
  `created_at` timestamp NOT NULL DEFAULT current_timestamp(),
  `updated_at` timestamp NOT NULL DEFAULT current_timestamp() ON UPDATE current_timestamp(),
  PRIMARY KEY (`id`),
  KEY `task_type_id` (`task_type_id`),
  KEY `fk_tg_parent` (`parent_id`),
  CONSTRAINT `fk_tg_parent` FOREIGN KEY (`parent_id`) REFERENCES `task_groups` (`id`) ON DELETE CASCADE,
  CONSTRAINT `task_groups_ibfk_1` FOREIGN KEY (`task_type_id`) REFERENCES `task_types` (`id`)
) ENGINE=InnoDB AUTO_INCREMENT=19 DEFAULT CHARSET=utf8mb4 COLLATE=utf8mb4_unicode_ci;

INSERT INTO `task_groups` (`id`, `parent_id`, `sort_order`, `name`, `description`, `task_type_id`, `estimated_minutes`, `created_at`, `updated_at`) VALUES ('1', NULL, '0', 'Restroom Deep Clean', 'Complete restroom deep-cleaning checklist with PPE, disinfection, fixture cleaning, and inspection steps.', '1', '90', '2026-04-03 15:05:36', '2026-04-03 15:05:36');
INSERT INTO `task_groups` (`id`, `parent_id`, `sort_order`, `name`, `description`, `task_type_id`, `estimated_minutes`, `created_at`, `updated_at`) VALUES ('2', '1', '0', 'Before you begin', NULL, '1', '0', '2026-04-03 15:05:36', '2026-04-03 15:05:36');
INSERT INTO `task_groups` (`id`, `parent_id`, `sort_order`, `name`, `description`, `task_type_id`, `estimated_minutes`, `created_at`, `updated_at`) VALUES ('3', '1', '1', 'Entry & setup', NULL, '1', '0', '2026-04-03 15:05:36', '2026-04-03 15:05:36');
INSERT INTO `task_groups` (`id`, `parent_id`, `sort_order`, `name`, `description`, `task_type_id`, `estimated_minutes`, `created_at`, `updated_at`) VALUES ('4', '1', '2', 'Initial inspection', NULL, '1', '0', '2026-04-03 15:05:36', '2026-04-03 15:05:36');
INSERT INTO `task_groups` (`id`, `parent_id`, `sort_order`, `name`, `description`, `task_type_id`, `estimated_minutes`, `created_at`, `updated_at`) VALUES ('5', '1', '3', 'Apply disinfectant (dwell time)', NULL, '1', '0', '2026-04-03 15:05:36', '2026-04-03 15:05:36');
INSERT INTO `task_groups` (`id`, `parent_id`, `sort_order`, `name`, `description`, `task_type_id`, `estimated_minutes`, `created_at`, `updated_at`) VALUES ('6', '1', '4', 'Stock supplies', NULL, '1', '0', '2026-04-03 15:05:36', '2026-04-03 15:05:36');
INSERT INTO `task_groups` (`id`, `parent_id`, `sort_order`, `name`, `description`, `task_type_id`, `estimated_minutes`, `created_at`, `updated_at`) VALUES ('7', '1', '5', 'Dusting (3-step)', NULL, '1', '0', '2026-04-03 15:05:36', '2026-04-03 15:05:36');
INSERT INTO `task_groups` (`id`, `parent_id`, `sort_order`, `name`, `description`, `task_type_id`, `estimated_minutes`, `created_at`, `updated_at`) VALUES ('8', '1', '6', 'Sweeping', NULL, '1', '0', '2026-04-03 15:05:36', '2026-04-03 15:05:36');
INSERT INTO `task_groups` (`id`, `parent_id`, `sort_order`, `name`, `description`, `task_type_id`, `estimated_minutes`, `created_at`, `updated_at`) VALUES ('9', '1', '7', 'Apply toilet bowl cleaner (dwell time)', NULL, '1', '0', '2026-04-03 15:05:36', '2026-04-03 15:05:36');
INSERT INTO `task_groups` (`id`, `parent_id`, `sort_order`, `name`, `description`, `task_type_id`, `estimated_minutes`, `created_at`, `updated_at`) VALUES ('10', '1', '8', 'Sinks', NULL, '1', '0', '2026-04-03 15:05:36', '2026-04-03 15:05:36');
INSERT INTO `task_groups` (`id`, `parent_id`, `sort_order`, `name`, `description`, `task_type_id`, `estimated_minutes`, `created_at`, `updated_at`) VALUES ('11', '1', '9', 'Urinals (if applicable)', NULL, '1', '0', '2026-04-03 15:05:36', '2026-04-03 15:05:36');
INSERT INTO `task_groups` (`id`, `parent_id`, `sort_order`, `name`, `description`, `task_type_id`, `estimated_minutes`, `created_at`, `updated_at`) VALUES ('12', '1', '10', 'Toilets', NULL, '1', '0', '2026-04-03 15:05:36', '2026-04-03 15:05:36');
INSERT INTO `task_groups` (`id`, `parent_id`, `sort_order`, `name`, `description`, `task_type_id`, `estimated_minutes`, `created_at`, `updated_at`) VALUES ('13', '1', '11', 'Remove janitor gloves', NULL, '1', '0', '2026-04-03 15:05:36', '2026-04-03 15:05:36');
INSERT INTO `task_groups` (`id`, `parent_id`, `sort_order`, `name`, `description`, `task_type_id`, `estimated_minutes`, `created_at`, `updated_at`) VALUES ('14', '1', '12', 'Mirrors', NULL, '1', '0', '2026-04-03 15:05:36', '2026-04-03 15:05:36');
INSERT INTO `task_groups` (`id`, `parent_id`, `sort_order`, `name`, `description`, `task_type_id`, `estimated_minutes`, `created_at`, `updated_at`) VALUES ('15', '1', '13', 'Trash', NULL, '1', '0', '2026-04-03 15:05:36', '2026-04-03 15:05:36');
INSERT INTO `task_groups` (`id`, `parent_id`, `sort_order`, `name`, `description`, `task_type_id`, `estimated_minutes`, `created_at`, `updated_at`) VALUES ('16', '1', '14', 'Mid-clean inspection', NULL, '1', '0', '2026-04-03 15:05:36', '2026-04-03 15:05:36');
INSERT INTO `task_groups` (`id`, `parent_id`, `sort_order`, `name`, `description`, `task_type_id`, `estimated_minutes`, `created_at`, `updated_at`) VALUES ('17', '1', '15', 'Mopping', NULL, '1', '0', '2026-04-03 15:05:36', '2026-04-03 15:05:36');
INSERT INTO `task_groups` (`id`, `parent_id`, `sort_order`, `name`, `description`, `task_type_id`, `estimated_minutes`, `created_at`, `updated_at`) VALUES ('18', '1', '16', 'Exit & post-clean', NULL, '1', '0', '2026-04-03 15:05:36', '2026-04-03 15:05:36');

DROP TABLE IF EXISTS `task_materials`;
CREATE TABLE `task_materials` (
  `task_id` int(11) NOT NULL,
  `material_id` int(11) NOT NULL,
  PRIMARY KEY (`task_id`,`material_id`),
  KEY `material_id` (`material_id`),
  CONSTRAINT `task_materials_ibfk_1` FOREIGN KEY (`task_id`) REFERENCES `tasks` (`id`) ON DELETE CASCADE,
  CONSTRAINT `task_materials_ibfk_2` FOREIGN KEY (`material_id`) REFERENCES `materials` (`id`) ON DELETE CASCADE
) ENGINE=InnoDB DEFAULT CHARSET=utf8mb4 COLLATE=utf8mb4_unicode_ci;

DROP TABLE IF EXISTS `task_preferred_workers`;
CREATE TABLE `task_preferred_workers` (
  `task_id` int(11) NOT NULL,
  `user_id` int(11) NOT NULL,
  PRIMARY KEY (`task_id`,`user_id`),
  KEY `user_id` (`user_id`),
  CONSTRAINT `task_preferred_workers_ibfk_1` FOREIGN KEY (`task_id`) REFERENCES `tasks` (`id`) ON DELETE CASCADE,
  CONSTRAINT `task_preferred_workers_ibfk_2` FOREIGN KEY (`user_id`) REFERENCES `users` (`id`) ON DELETE CASCADE
) ENGINE=InnoDB DEFAULT CHARSET=utf8mb4 COLLATE=utf8mb4_general_ci;

DROP TABLE IF EXISTS `task_rooms`;
CREATE TABLE `task_rooms` (
  `task_id` int(11) NOT NULL,
  `room_id` int(11) NOT NULL,
  PRIMARY KEY (`task_id`,`room_id`),
  KEY `room_id` (`room_id`),
  CONSTRAINT `task_rooms_ibfk_1` FOREIGN KEY (`task_id`) REFERENCES `tasks` (`id`) ON DELETE CASCADE,
  CONSTRAINT `task_rooms_ibfk_2` FOREIGN KEY (`room_id`) REFERENCES `rooms` (`id`) ON DELETE CASCADE
) ENGINE=InnoDB DEFAULT CHARSET=utf8mb4 COLLATE=utf8mb4_general_ci;

INSERT INTO `task_rooms` (`task_id`, `room_id`) VALUES ('1', '65');
INSERT INTO `task_rooms` (`task_id`, `room_id`) VALUES ('2', '66');
INSERT INTO `task_rooms` (`task_id`, `room_id`) VALUES ('2', '89');
INSERT INTO `task_rooms` (`task_id`, `room_id`) VALUES ('2', '90');
INSERT INTO `task_rooms` (`task_id`, `room_id`) VALUES ('2', '91');
INSERT INTO `task_rooms` (`task_id`, `room_id`) VALUES ('2', '215');
INSERT INTO `task_rooms` (`task_id`, `room_id`) VALUES ('2', '216');
INSERT INTO `task_rooms` (`task_id`, `room_id`) VALUES ('3', '74');
INSERT INTO `task_rooms` (`task_id`, `room_id`) VALUES ('3', '128');
INSERT INTO `task_rooms` (`task_id`, `room_id`) VALUES ('3', '135');
INSERT INTO `task_rooms` (`task_id`, `room_id`) VALUES ('4', '65');
INSERT INTO `task_rooms` (`task_id`, `room_id`) VALUES ('4', '89');
INSERT INTO `task_rooms` (`task_id`, `room_id`) VALUES ('4', '90');
INSERT INTO `task_rooms` (`task_id`, `room_id`) VALUES ('4', '91');
INSERT INTO `task_rooms` (`task_id`, `room_id`) VALUES ('4', '215');
INSERT INTO `task_rooms` (`task_id`, `room_id`) VALUES ('4', '216');
INSERT INTO `task_rooms` (`task_id`, `room_id`) VALUES ('5', '67');
INSERT INTO `task_rooms` (`task_id`, `room_id`) VALUES ('5', '74');
INSERT INTO `task_rooms` (`task_id`, `room_id`) VALUES ('5', '128');
INSERT INTO `task_rooms` (`task_id`, `room_id`) VALUES ('6', '59');
INSERT INTO `task_rooms` (`task_id`, `room_id`) VALUES ('6', '60');
INSERT INTO `task_rooms` (`task_id`, `room_id`) VALUES ('6', '71');
INSERT INTO `task_rooms` (`task_id`, `room_id`) VALUES ('6', '72');
INSERT INTO `task_rooms` (`task_id`, `room_id`) VALUES ('6', '128');
INSERT INTO `task_rooms` (`task_id`, `room_id`) VALUES ('6', '135');
INSERT INTO `task_rooms` (`task_id`, `room_id`) VALUES ('6', '180');
INSERT INTO `task_rooms` (`task_id`, `room_id`) VALUES ('6', '181');
INSERT INTO `task_rooms` (`task_id`, `room_id`) VALUES ('6', '191');
INSERT INTO `task_rooms` (`task_id`, `room_id`) VALUES ('6', '192');
INSERT INTO `task_rooms` (`task_id`, `room_id`) VALUES ('7', '57');
INSERT INTO `task_rooms` (`task_id`, `room_id`) VALUES ('7', '61');
INSERT INTO `task_rooms` (`task_id`, `room_id`) VALUES ('7', '62');
INSERT INTO `task_rooms` (`task_id`, `room_id`) VALUES ('7', '65');
INSERT INTO `task_rooms` (`task_id`, `room_id`) VALUES ('7', '93');
INSERT INTO `task_rooms` (`task_id`, `room_id`) VALUES ('7', '119');
INSERT INTO `task_rooms` (`task_id`, `room_id`) VALUES ('7', '122');
INSERT INTO `task_rooms` (`task_id`, `room_id`) VALUES ('7', '170');
INSERT INTO `task_rooms` (`task_id`, `room_id`) VALUES ('7', '176');
INSERT INTO `task_rooms` (`task_id`, `room_id`) VALUES ('7', '177');
INSERT INTO `task_rooms` (`task_id`, `room_id`) VALUES ('7', '182');
INSERT INTO `task_rooms` (`task_id`, `room_id`) VALUES ('8', '56');
INSERT INTO `task_rooms` (`task_id`, `room_id`) VALUES ('8', '58');
INSERT INTO `task_rooms` (`task_id`, `room_id`) VALUES ('8', '67');
INSERT INTO `task_rooms` (`task_id`, `room_id`) VALUES ('8', '68');
INSERT INTO `task_rooms` (`task_id`, `room_id`) VALUES ('8', '73');
INSERT INTO `task_rooms` (`task_id`, `room_id`) VALUES ('8', '74');
INSERT INTO `task_rooms` (`task_id`, `room_id`) VALUES ('8', '79');
INSERT INTO `task_rooms` (`task_id`, `room_id`) VALUES ('8', '80');
INSERT INTO `task_rooms` (`task_id`, `room_id`) VALUES ('8', '81');
INSERT INTO `task_rooms` (`task_id`, `room_id`) VALUES ('8', '82');
INSERT INTO `task_rooms` (`task_id`, `room_id`) VALUES ('8', '83');
INSERT INTO `task_rooms` (`task_id`, `room_id`) VALUES ('8', '84');
INSERT INTO `task_rooms` (`task_id`, `room_id`) VALUES ('8', '88');
INSERT INTO `task_rooms` (`task_id`, `room_id`) VALUES ('8', '103');
INSERT INTO `task_rooms` (`task_id`, `room_id`) VALUES ('8', '118');
INSERT INTO `task_rooms` (`task_id`, `room_id`) VALUES ('8', '123');
INSERT INTO `task_rooms` (`task_id`, `room_id`) VALUES ('8', '125');
INSERT INTO `task_rooms` (`task_id`, `room_id`) VALUES ('8', '131');
INSERT INTO `task_rooms` (`task_id`, `room_id`) VALUES ('8', '132');
INSERT INTO `task_rooms` (`task_id`, `room_id`) VALUES ('8', '136');
INSERT INTO `task_rooms` (`task_id`, `room_id`) VALUES ('8', '179');
INSERT INTO `task_rooms` (`task_id`, `room_id`) VALUES ('8', '185');
INSERT INTO `task_rooms` (`task_id`, `room_id`) VALUES ('8', '193');
INSERT INTO `task_rooms` (`task_id`, `room_id`) VALUES ('8', '194');
INSERT INTO `task_rooms` (`task_id`, `room_id`) VALUES ('8', '202');
INSERT INTO `task_rooms` (`task_id`, `room_id`) VALUES ('8', '203');
INSERT INTO `task_rooms` (`task_id`, `room_id`) VALUES ('8', '204');
INSERT INTO `task_rooms` (`task_id`, `room_id`) VALUES ('8', '205');
INSERT INTO `task_rooms` (`task_id`, `room_id`) VALUES ('8', '211');
INSERT INTO `task_rooms` (`task_id`, `room_id`) VALUES ('9', '59');
INSERT INTO `task_rooms` (`task_id`, `room_id`) VALUES ('9', '60');
INSERT INTO `task_rooms` (`task_id`, `room_id`) VALUES ('9', '61');
INSERT INTO `task_rooms` (`task_id`, `room_id`) VALUES ('9', '62');
INSERT INTO `task_rooms` (`task_id`, `room_id`) VALUES ('9', '65');
INSERT INTO `task_rooms` (`task_id`, `room_id`) VALUES ('9', '71');
INSERT INTO `task_rooms` (`task_id`, `room_id`) VALUES ('9', '72');
INSERT INTO `task_rooms` (`task_id`, `room_id`) VALUES ('9', '73');
INSERT INTO `task_rooms` (`task_id`, `room_id`) VALUES ('9', '80');
INSERT INTO `task_rooms` (`task_id`, `room_id`) VALUES ('9', '122');
INSERT INTO `task_rooms` (`task_id`, `room_id`) VALUES ('9', '126');
INSERT INTO `task_rooms` (`task_id`, `room_id`) VALUES ('9', '127');
INSERT INTO `task_rooms` (`task_id`, `room_id`) VALUES ('9', '128');
INSERT INTO `task_rooms` (`task_id`, `room_id`) VALUES ('9', '133');
INSERT INTO `task_rooms` (`task_id`, `room_id`) VALUES ('9', '134');
INSERT INTO `task_rooms` (`task_id`, `room_id`) VALUES ('9', '135');
INSERT INTO `task_rooms` (`task_id`, `room_id`) VALUES ('9', '180');
INSERT INTO `task_rooms` (`task_id`, `room_id`) VALUES ('9', '181');
INSERT INTO `task_rooms` (`task_id`, `room_id`) VALUES ('9', '182');
INSERT INTO `task_rooms` (`task_id`, `room_id`) VALUES ('9', '191');
INSERT INTO `task_rooms` (`task_id`, `room_id`) VALUES ('9', '192');
INSERT INTO `task_rooms` (`task_id`, `room_id`) VALUES ('10', '66');
INSERT INTO `task_rooms` (`task_id`, `room_id`) VALUES ('11', '126');
INSERT INTO `task_rooms` (`task_id`, `room_id`) VALUES ('11', '127');
INSERT INTO `task_rooms` (`task_id`, `room_id`) VALUES ('11', '133');
INSERT INTO `task_rooms` (`task_id`, `room_id`) VALUES ('11', '134');
INSERT INTO `task_rooms` (`task_id`, `room_id`) VALUES ('12', '59');
INSERT INTO `task_rooms` (`task_id`, `room_id`) VALUES ('12', '60');
INSERT INTO `task_rooms` (`task_id`, `room_id`) VALUES ('12', '61');
INSERT INTO `task_rooms` (`task_id`, `room_id`) VALUES ('12', '71');
INSERT INTO `task_rooms` (`task_id`, `room_id`) VALUES ('12', '72');
INSERT INTO `task_rooms` (`task_id`, `room_id`) VALUES ('12', '73');
INSERT INTO `task_rooms` (`task_id`, `room_id`) VALUES ('12', '80');
INSERT INTO `task_rooms` (`task_id`, `room_id`) VALUES ('12', '122');
INSERT INTO `task_rooms` (`task_id`, `room_id`) VALUES ('12', '128');
INSERT INTO `task_rooms` (`task_id`, `room_id`) VALUES ('12', '135');
INSERT INTO `task_rooms` (`task_id`, `room_id`) VALUES ('13', '59');
INSERT INTO `task_rooms` (`task_id`, `room_id`) VALUES ('13', '60');
INSERT INTO `task_rooms` (`task_id`, `room_id`) VALUES ('13', '71');
INSERT INTO `task_rooms` (`task_id`, `room_id`) VALUES ('13', '72');
INSERT INTO `task_rooms` (`task_id`, `room_id`) VALUES ('13', '73');
INSERT INTO `task_rooms` (`task_id`, `room_id`) VALUES ('13', '80');
INSERT INTO `task_rooms` (`task_id`, `room_id`) VALUES ('13', '128');
INSERT INTO `task_rooms` (`task_id`, `room_id`) VALUES ('13', '135');
INSERT INTO `task_rooms` (`task_id`, `room_id`) VALUES ('13', '180');
INSERT INTO `task_rooms` (`task_id`, `room_id`) VALUES ('13', '181');
INSERT INTO `task_rooms` (`task_id`, `room_id`) VALUES ('13', '191');
INSERT INTO `task_rooms` (`task_id`, `room_id`) VALUES ('13', '192');
INSERT INTO `task_rooms` (`task_id`, `room_id`) VALUES ('14', '59');
INSERT INTO `task_rooms` (`task_id`, `room_id`) VALUES ('14', '72');
INSERT INTO `task_rooms` (`task_id`, `room_id`) VALUES ('14', '128');
INSERT INTO `task_rooms` (`task_id`, `room_id`) VALUES ('14', '180');
INSERT INTO `task_rooms` (`task_id`, `room_id`) VALUES ('14', '192');
INSERT INTO `task_rooms` (`task_id`, `room_id`) VALUES ('15', '110');
INSERT INTO `task_rooms` (`task_id`, `room_id`) VALUES ('16', '66');
INSERT INTO `task_rooms` (`task_id`, `room_id`) VALUES ('16', '119');
INSERT INTO `task_rooms` (`task_id`, `room_id`) VALUES ('16', '215');
INSERT INTO `task_rooms` (`task_id`, `room_id`) VALUES ('16', '216');
INSERT INTO `task_rooms` (`task_id`, `room_id`) VALUES ('17', '59');
INSERT INTO `task_rooms` (`task_id`, `room_id`) VALUES ('17', '60');
INSERT INTO `task_rooms` (`task_id`, `room_id`) VALUES ('17', '71');
INSERT INTO `task_rooms` (`task_id`, `room_id`) VALUES ('17', '72');
INSERT INTO `task_rooms` (`task_id`, `room_id`) VALUES ('17', '73');
INSERT INTO `task_rooms` (`task_id`, `room_id`) VALUES ('17', '80');
INSERT INTO `task_rooms` (`task_id`, `room_id`) VALUES ('17', '128');
INSERT INTO `task_rooms` (`task_id`, `room_id`) VALUES ('17', '135');
INSERT INTO `task_rooms` (`task_id`, `room_id`) VALUES ('17', '180');
INSERT INTO `task_rooms` (`task_id`, `room_id`) VALUES ('17', '181');
INSERT INTO `task_rooms` (`task_id`, `room_id`) VALUES ('17', '191');
INSERT INTO `task_rooms` (`task_id`, `room_id`) VALUES ('17', '192');
INSERT INTO `task_rooms` (`task_id`, `room_id`) VALUES ('18', '59');
INSERT INTO `task_rooms` (`task_id`, `room_id`) VALUES ('18', '60');
INSERT INTO `task_rooms` (`task_id`, `room_id`) VALUES ('18', '71');
INSERT INTO `task_rooms` (`task_id`, `room_id`) VALUES ('18', '72');
INSERT INTO `task_rooms` (`task_id`, `room_id`) VALUES ('18', '73');
INSERT INTO `task_rooms` (`task_id`, `room_id`) VALUES ('18', '80');
INSERT INTO `task_rooms` (`task_id`, `room_id`) VALUES ('18', '128');
INSERT INTO `task_rooms` (`task_id`, `room_id`) VALUES ('18', '135');
INSERT INTO `task_rooms` (`task_id`, `room_id`) VALUES ('18', '180');
INSERT INTO `task_rooms` (`task_id`, `room_id`) VALUES ('18', '181');
INSERT INTO `task_rooms` (`task_id`, `room_id`) VALUES ('18', '191');
INSERT INTO `task_rooms` (`task_id`, `room_id`) VALUES ('18', '192');
INSERT INTO `task_rooms` (`task_id`, `room_id`) VALUES ('19', '61');
INSERT INTO `task_rooms` (`task_id`, `room_id`) VALUES ('19', '122');
INSERT INTO `task_rooms` (`task_id`, `room_id`) VALUES ('19', '182');
INSERT INTO `task_rooms` (`task_id`, `room_id`) VALUES ('20', '66');
INSERT INTO `task_rooms` (`task_id`, `room_id`) VALUES ('21', '59');
INSERT INTO `task_rooms` (`task_id`, `room_id`) VALUES ('21', '60');
INSERT INTO `task_rooms` (`task_id`, `room_id`) VALUES ('21', '61');
INSERT INTO `task_rooms` (`task_id`, `room_id`) VALUES ('21', '62');
INSERT INTO `task_rooms` (`task_id`, `room_id`) VALUES ('21', '65');
INSERT INTO `task_rooms` (`task_id`, `room_id`) VALUES ('21', '71');
INSERT INTO `task_rooms` (`task_id`, `room_id`) VALUES ('21', '72');
INSERT INTO `task_rooms` (`task_id`, `room_id`) VALUES ('21', '73');
INSERT INTO `task_rooms` (`task_id`, `room_id`) VALUES ('21', '80');
INSERT INTO `task_rooms` (`task_id`, `room_id`) VALUES ('21', '122');
INSERT INTO `task_rooms` (`task_id`, `room_id`) VALUES ('21', '126');
INSERT INTO `task_rooms` (`task_id`, `room_id`) VALUES ('21', '127');
INSERT INTO `task_rooms` (`task_id`, `room_id`) VALUES ('21', '128');
INSERT INTO `task_rooms` (`task_id`, `room_id`) VALUES ('21', '133');
INSERT INTO `task_rooms` (`task_id`, `room_id`) VALUES ('21', '134');
INSERT INTO `task_rooms` (`task_id`, `room_id`) VALUES ('21', '135');
INSERT INTO `task_rooms` (`task_id`, `room_id`) VALUES ('21', '180');
INSERT INTO `task_rooms` (`task_id`, `room_id`) VALUES ('21', '181');
INSERT INTO `task_rooms` (`task_id`, `room_id`) VALUES ('21', '182');
INSERT INTO `task_rooms` (`task_id`, `room_id`) VALUES ('21', '191');
INSERT INTO `task_rooms` (`task_id`, `room_id`) VALUES ('21', '192');
INSERT INTO `task_rooms` (`task_id`, `room_id`) VALUES ('22', '110');
INSERT INTO `task_rooms` (`task_id`, `room_id`) VALUES ('23', '56');
INSERT INTO `task_rooms` (`task_id`, `room_id`) VALUES ('23', '57');
INSERT INTO `task_rooms` (`task_id`, `room_id`) VALUES ('23', '58');
INSERT INTO `task_rooms` (`task_id`, `room_id`) VALUES ('23', '66');
INSERT INTO `task_rooms` (`task_id`, `room_id`) VALUES ('23', '67');
INSERT INTO `task_rooms` (`task_id`, `room_id`) VALUES ('23', '68');
INSERT INTO `task_rooms` (`task_id`, `room_id`) VALUES ('23', '74');
INSERT INTO `task_rooms` (`task_id`, `room_id`) VALUES ('23', '77');
INSERT INTO `task_rooms` (`task_id`, `room_id`) VALUES ('23', '79');
INSERT INTO `task_rooms` (`task_id`, `room_id`) VALUES ('23', '81');
INSERT INTO `task_rooms` (`task_id`, `room_id`) VALUES ('23', '82');
INSERT INTO `task_rooms` (`task_id`, `room_id`) VALUES ('23', '83');
INSERT INTO `task_rooms` (`task_id`, `room_id`) VALUES ('23', '84');
INSERT INTO `task_rooms` (`task_id`, `room_id`) VALUES ('23', '85');
INSERT INTO `task_rooms` (`task_id`, `room_id`) VALUES ('23', '88');
INSERT INTO `task_rooms` (`task_id`, `room_id`) VALUES ('23', '89');
INSERT INTO `task_rooms` (`task_id`, `room_id`) VALUES ('23', '90');
INSERT INTO `task_rooms` (`task_id`, `room_id`) VALUES ('23', '91');
INSERT INTO `task_rooms` (`task_id`, `room_id`) VALUES ('23', '93');
INSERT INTO `task_rooms` (`task_id`, `room_id`) VALUES ('23', '103');
INSERT INTO `task_rooms` (`task_id`, `room_id`) VALUES ('23', '118');
INSERT INTO `task_rooms` (`task_id`, `room_id`) VALUES ('23', '119');
INSERT INTO `task_rooms` (`task_id`, `room_id`) VALUES ('23', '123');
INSERT INTO `task_rooms` (`task_id`, `room_id`) VALUES ('23', '125');
INSERT INTO `task_rooms` (`task_id`, `room_id`) VALUES ('23', '131');
INSERT INTO `task_rooms` (`task_id`, `room_id`) VALUES ('23', '132');
INSERT INTO `task_rooms` (`task_id`, `room_id`) VALUES ('23', '136');
INSERT INTO `task_rooms` (`task_id`, `room_id`) VALUES ('23', '168');
INSERT INTO `task_rooms` (`task_id`, `room_id`) VALUES ('23', '170');
INSERT INTO `task_rooms` (`task_id`, `room_id`) VALUES ('23', '176');
INSERT INTO `task_rooms` (`task_id`, `room_id`) VALUES ('23', '177');
INSERT INTO `task_rooms` (`task_id`, `room_id`) VALUES ('23', '179');
INSERT INTO `task_rooms` (`task_id`, `room_id`) VALUES ('23', '185');
INSERT INTO `task_rooms` (`task_id`, `room_id`) VALUES ('23', '189');
INSERT INTO `task_rooms` (`task_id`, `room_id`) VALUES ('23', '193');
INSERT INTO `task_rooms` (`task_id`, `room_id`) VALUES ('23', '194');
INSERT INTO `task_rooms` (`task_id`, `room_id`) VALUES ('23', '202');
INSERT INTO `task_rooms` (`task_id`, `room_id`) VALUES ('23', '203');
INSERT INTO `task_rooms` (`task_id`, `room_id`) VALUES ('23', '204');
INSERT INTO `task_rooms` (`task_id`, `room_id`) VALUES ('23', '205');
INSERT INTO `task_rooms` (`task_id`, `room_id`) VALUES ('23', '210');
INSERT INTO `task_rooms` (`task_id`, `room_id`) VALUES ('23', '211');
INSERT INTO `task_rooms` (`task_id`, `room_id`) VALUES ('23', '215');
INSERT INTO `task_rooms` (`task_id`, `room_id`) VALUES ('23', '216');
INSERT INTO `task_rooms` (`task_id`, `room_id`) VALUES ('23', '217');
INSERT INTO `task_rooms` (`task_id`, `room_id`) VALUES ('24', '110');
INSERT INTO `task_rooms` (`task_id`, `room_id`) VALUES ('25', '65');
INSERT INTO `task_rooms` (`task_id`, `room_id`) VALUES ('26', '65');
INSERT INTO `task_rooms` (`task_id`, `room_id`) VALUES ('26', '66');
INSERT INTO `task_rooms` (`task_id`, `room_id`) VALUES ('26', '88');
INSERT INTO `task_rooms` (`task_id`, `room_id`) VALUES ('26', '187');
INSERT INTO `task_rooms` (`task_id`, `room_id`) VALUES ('26', '198');
INSERT INTO `task_rooms` (`task_id`, `room_id`) VALUES ('27', '61');
INSERT INTO `task_rooms` (`task_id`, `room_id`) VALUES ('27', '182');
INSERT INTO `task_rooms` (`task_id`, `room_id`) VALUES ('28', '57');
INSERT INTO `task_rooms` (`task_id`, `room_id`) VALUES ('28', '59');
INSERT INTO `task_rooms` (`task_id`, `room_id`) VALUES ('28', '60');
INSERT INTO `task_rooms` (`task_id`, `room_id`) VALUES ('28', '67');
INSERT INTO `task_rooms` (`task_id`, `room_id`) VALUES ('28', '71');
INSERT INTO `task_rooms` (`task_id`, `room_id`) VALUES ('28', '72');
INSERT INTO `task_rooms` (`task_id`, `room_id`) VALUES ('28', '73');
INSERT INTO `task_rooms` (`task_id`, `room_id`) VALUES ('28', '79');
INSERT INTO `task_rooms` (`task_id`, `room_id`) VALUES ('28', '80');
INSERT INTO `task_rooms` (`task_id`, `room_id`) VALUES ('28', '83');
INSERT INTO `task_rooms` (`task_id`, `room_id`) VALUES ('28', '84');
INSERT INTO `task_rooms` (`task_id`, `room_id`) VALUES ('28', '122');
INSERT INTO `task_rooms` (`task_id`, `room_id`) VALUES ('28', '128');
INSERT INTO `task_rooms` (`task_id`, `room_id`) VALUES ('28', '135');
INSERT INTO `task_rooms` (`task_id`, `room_id`) VALUES ('28', '182');
INSERT INTO `task_rooms` (`task_id`, `room_id`) VALUES ('28', '185');
INSERT INTO `task_rooms` (`task_id`, `room_id`) VALUES ('28', '193');
INSERT INTO `task_rooms` (`task_id`, `room_id`) VALUES ('28', '194');
INSERT INTO `task_rooms` (`task_id`, `room_id`) VALUES ('28', '204');
INSERT INTO `task_rooms` (`task_id`, `room_id`) VALUES ('29', '59');
INSERT INTO `task_rooms` (`task_id`, `room_id`) VALUES ('29', '60');
INSERT INTO `task_rooms` (`task_id`, `room_id`) VALUES ('29', '71');
INSERT INTO `task_rooms` (`task_id`, `room_id`) VALUES ('29', '72');
INSERT INTO `task_rooms` (`task_id`, `room_id`) VALUES ('29', '73');
INSERT INTO `task_rooms` (`task_id`, `room_id`) VALUES ('29', '80');
INSERT INTO `task_rooms` (`task_id`, `room_id`) VALUES ('29', '122');
INSERT INTO `task_rooms` (`task_id`, `room_id`) VALUES ('29', '128');
INSERT INTO `task_rooms` (`task_id`, `room_id`) VALUES ('29', '135');
INSERT INTO `task_rooms` (`task_id`, `room_id`) VALUES ('29', '180');
INSERT INTO `task_rooms` (`task_id`, `room_id`) VALUES ('29', '181');
INSERT INTO `task_rooms` (`task_id`, `room_id`) VALUES ('29', '182');
INSERT INTO `task_rooms` (`task_id`, `room_id`) VALUES ('29', '191');
INSERT INTO `task_rooms` (`task_id`, `room_id`) VALUES ('29', '192');
INSERT INTO `task_rooms` (`task_id`, `room_id`) VALUES ('29', '193');
INSERT INTO `task_rooms` (`task_id`, `room_id`) VALUES ('29', '194');
INSERT INTO `task_rooms` (`task_id`, `room_id`) VALUES ('30', '65');
INSERT INTO `task_rooms` (`task_id`, `room_id`) VALUES ('30', '66');
INSERT INTO `task_rooms` (`task_id`, `room_id`) VALUES ('30', '67');
INSERT INTO `task_rooms` (`task_id`, `room_id`) VALUES ('30', '88');
INSERT INTO `task_rooms` (`task_id`, `room_id`) VALUES ('30', '110');
INSERT INTO `task_rooms` (`task_id`, `room_id`) VALUES ('31', '56');
INSERT INTO `task_rooms` (`task_id`, `room_id`) VALUES ('31', '57');
INSERT INTO `task_rooms` (`task_id`, `room_id`) VALUES ('31', '81');
INSERT INTO `task_rooms` (`task_id`, `room_id`) VALUES ('31', '82');
INSERT INTO `task_rooms` (`task_id`, `room_id`) VALUES ('31', '88');
INSERT INTO `task_rooms` (`task_id`, `room_id`) VALUES ('31', '93');
INSERT INTO `task_rooms` (`task_id`, `room_id`) VALUES ('31', '119');
INSERT INTO `task_rooms` (`task_id`, `room_id`) VALUES ('31', '122');
INSERT INTO `task_rooms` (`task_id`, `room_id`) VALUES ('31', '123');
INSERT INTO `task_rooms` (`task_id`, `room_id`) VALUES ('31', '125');
INSERT INTO `task_rooms` (`task_id`, `room_id`) VALUES ('31', '131');
INSERT INTO `task_rooms` (`task_id`, `room_id`) VALUES ('31', '132');
INSERT INTO `task_rooms` (`task_id`, `room_id`) VALUES ('31', '179');
INSERT INTO `task_rooms` (`task_id`, `room_id`) VALUES ('31', '185');
INSERT INTO `task_rooms` (`task_id`, `room_id`) VALUES ('31', '193');
INSERT INTO `task_rooms` (`task_id`, `room_id`) VALUES ('31', '194');
INSERT INTO `task_rooms` (`task_id`, `room_id`) VALUES ('31', '202');
INSERT INTO `task_rooms` (`task_id`, `room_id`) VALUES ('31', '203');
INSERT INTO `task_rooms` (`task_id`, `room_id`) VALUES ('31', '204');
INSERT INTO `task_rooms` (`task_id`, `room_id`) VALUES ('31', '205');
INSERT INTO `task_rooms` (`task_id`, `room_id`) VALUES ('31', '211');
INSERT INTO `task_rooms` (`task_id`, `room_id`) VALUES ('32', '59');
INSERT INTO `task_rooms` (`task_id`, `room_id`) VALUES ('32', '60');
INSERT INTO `task_rooms` (`task_id`, `room_id`) VALUES ('32', '71');
INSERT INTO `task_rooms` (`task_id`, `room_id`) VALUES ('32', '72');
INSERT INTO `task_rooms` (`task_id`, `room_id`) VALUES ('32', '73');
INSERT INTO `task_rooms` (`task_id`, `room_id`) VALUES ('32', '80');
INSERT INTO `task_rooms` (`task_id`, `room_id`) VALUES ('32', '128');
INSERT INTO `task_rooms` (`task_id`, `room_id`) VALUES ('32', '135');
INSERT INTO `task_rooms` (`task_id`, `room_id`) VALUES ('32', '180');
INSERT INTO `task_rooms` (`task_id`, `room_id`) VALUES ('32', '181');
INSERT INTO `task_rooms` (`task_id`, `room_id`) VALUES ('32', '191');
INSERT INTO `task_rooms` (`task_id`, `room_id`) VALUES ('32', '192');
INSERT INTO `task_rooms` (`task_id`, `room_id`) VALUES ('33', '59');
INSERT INTO `task_rooms` (`task_id`, `room_id`) VALUES ('33', '72');
INSERT INTO `task_rooms` (`task_id`, `room_id`) VALUES ('33', '128');
INSERT INTO `task_rooms` (`task_id`, `room_id`) VALUES ('33', '180');
INSERT INTO `task_rooms` (`task_id`, `room_id`) VALUES ('33', '192');

DROP TABLE IF EXISTS `task_supplies`;
CREATE TABLE `task_supplies` (
  `task_id` int(11) NOT NULL,
  `supply_id` int(11) NOT NULL,
  PRIMARY KEY (`task_id`,`supply_id`),
  KEY `supply_id` (`supply_id`),
  CONSTRAINT `task_supplies_ibfk_1` FOREIGN KEY (`task_id`) REFERENCES `tasks` (`id`) ON DELETE CASCADE,
  CONSTRAINT `task_supplies_ibfk_2` FOREIGN KEY (`supply_id`) REFERENCES `supplies` (`id`) ON DELETE CASCADE
) ENGINE=InnoDB DEFAULT CHARSET=utf8mb4 COLLATE=utf8mb4_unicode_ci;

INSERT INTO `task_supplies` (`task_id`, `supply_id`) VALUES ('1', '6');
INSERT INTO `task_supplies` (`task_id`, `supply_id`) VALUES ('1', '27');
INSERT INTO `task_supplies` (`task_id`, `supply_id`) VALUES ('1', '28');
INSERT INTO `task_supplies` (`task_id`, `supply_id`) VALUES ('2', '9');
INSERT INTO `task_supplies` (`task_id`, `supply_id`) VALUES ('3', '6');
INSERT INTO `task_supplies` (`task_id`, `supply_id`) VALUES ('3', '28');
INSERT INTO `task_supplies` (`task_id`, `supply_id`) VALUES ('4', '6');
INSERT INTO `task_supplies` (`task_id`, `supply_id`) VALUES ('4', '28');
INSERT INTO `task_supplies` (`task_id`, `supply_id`) VALUES ('6', '25');
INSERT INTO `task_supplies` (`task_id`, `supply_id`) VALUES ('6', '26');
INSERT INTO `task_supplies` (`task_id`, `supply_id`) VALUES ('7', '27');
INSERT INTO `task_supplies` (`task_id`, `supply_id`) VALUES ('8', '25');
INSERT INTO `task_supplies` (`task_id`, `supply_id`) VALUES ('9', '8');
INSERT INTO `task_supplies` (`task_id`, `supply_id`) VALUES ('10', '27');
INSERT INTO `task_supplies` (`task_id`, `supply_id`) VALUES ('11', '6');
INSERT INTO `task_supplies` (`task_id`, `supply_id`) VALUES ('12', '19');
INSERT INTO `task_supplies` (`task_id`, `supply_id`) VALUES ('13', '6');
INSERT INTO `task_supplies` (`task_id`, `supply_id`) VALUES ('13', '11');
INSERT INTO `task_supplies` (`task_id`, `supply_id`) VALUES ('13', '28');
INSERT INTO `task_supplies` (`task_id`, `supply_id`) VALUES ('14', '6');
INSERT INTO `task_supplies` (`task_id`, `supply_id`) VALUES ('14', '11');
INSERT INTO `task_supplies` (`task_id`, `supply_id`) VALUES ('14', '28');
INSERT INTO `task_supplies` (`task_id`, `supply_id`) VALUES ('15', '22');
INSERT INTO `task_supplies` (`task_id`, `supply_id`) VALUES ('15', '28');
INSERT INTO `task_supplies` (`task_id`, `supply_id`) VALUES ('16', '22');
INSERT INTO `task_supplies` (`task_id`, `supply_id`) VALUES ('16', '28');
INSERT INTO `task_supplies` (`task_id`, `supply_id`) VALUES ('17', '22');
INSERT INTO `task_supplies` (`task_id`, `supply_id`) VALUES ('17', '28');
INSERT INTO `task_supplies` (`task_id`, `supply_id`) VALUES ('18', '4');
INSERT INTO `task_supplies` (`task_id`, `supply_id`) VALUES ('18', '24');
INSERT INTO `task_supplies` (`task_id`, `supply_id`) VALUES ('28', '6');
INSERT INTO `task_supplies` (`task_id`, `supply_id`) VALUES ('28', '28');
INSERT INTO `task_supplies` (`task_id`, `supply_id`) VALUES ('29', '6');
INSERT INTO `task_supplies` (`task_id`, `supply_id`) VALUES ('29', '28');
INSERT INTO `task_supplies` (`task_id`, `supply_id`) VALUES ('30', '6');
INSERT INTO `task_supplies` (`task_id`, `supply_id`) VALUES ('30', '28');
INSERT INTO `task_supplies` (`task_id`, `supply_id`) VALUES ('31', '6');
INSERT INTO `task_supplies` (`task_id`, `supply_id`) VALUES ('31', '28');
INSERT INTO `task_supplies` (`task_id`, `supply_id`) VALUES ('32', '6');
INSERT INTO `task_supplies` (`task_id`, `supply_id`) VALUES ('32', '28');
INSERT INTO `task_supplies` (`task_id`, `supply_id`) VALUES ('33', '6');
INSERT INTO `task_supplies` (`task_id`, `supply_id`) VALUES ('33', '28');
INSERT INTO `task_supplies` (`task_id`, `supply_id`) VALUES ('45', '6');
INSERT INTO `task_supplies` (`task_id`, `supply_id`) VALUES ('46', '6');
INSERT INTO `task_supplies` (`task_id`, `supply_id`) VALUES ('47', '23');
INSERT INTO `task_supplies` (`task_id`, `supply_id`) VALUES ('47', '28');
INSERT INTO `task_supplies` (`task_id`, `supply_id`) VALUES ('48', '4');
INSERT INTO `task_supplies` (`task_id`, `supply_id`) VALUES ('48', '10');
INSERT INTO `task_supplies` (`task_id`, `supply_id`) VALUES ('50', '17');
INSERT INTO `task_supplies` (`task_id`, `supply_id`) VALUES ('52', '25');
INSERT INTO `task_supplies` (`task_id`, `supply_id`) VALUES ('52', '27');
INSERT INTO `task_supplies` (`task_id`, `supply_id`) VALUES ('55', '6');
INSERT INTO `task_supplies` (`task_id`, `supply_id`) VALUES ('63', '6');
INSERT INTO `task_supplies` (`task_id`, `supply_id`) VALUES ('63', '23');
INSERT INTO `task_supplies` (`task_id`, `supply_id`) VALUES ('63', '28');
INSERT INTO `task_supplies` (`task_id`, `supply_id`) VALUES ('64', '11');
INSERT INTO `task_supplies` (`task_id`, `supply_id`) VALUES ('65', '11');
INSERT INTO `task_supplies` (`task_id`, `supply_id`) VALUES ('66', '11');
INSERT INTO `task_supplies` (`task_id`, `supply_id`) VALUES ('68', '19');
INSERT INTO `task_supplies` (`task_id`, `supply_id`) VALUES ('70', '23');
INSERT INTO `task_supplies` (`task_id`, `supply_id`) VALUES ('70', '28');
INSERT INTO `task_supplies` (`task_id`, `supply_id`) VALUES ('71', '6');
INSERT INTO `task_supplies` (`task_id`, `supply_id`) VALUES ('76', '6');
INSERT INTO `task_supplies` (`task_id`, `supply_id`) VALUES ('84', '6');
INSERT INTO `task_supplies` (`task_id`, `supply_id`) VALUES ('87', '22');
INSERT INTO `task_supplies` (`task_id`, `supply_id`) VALUES ('88', '23');
INSERT INTO `task_supplies` (`task_id`, `supply_id`) VALUES ('88', '28');
INSERT INTO `task_supplies` (`task_id`, `supply_id`) VALUES ('91', '25');
INSERT INTO `task_supplies` (`task_id`, `supply_id`) VALUES ('91', '27');
INSERT INTO `task_supplies` (`task_id`, `supply_id`) VALUES ('104', '4');
INSERT INTO `task_supplies` (`task_id`, `supply_id`) VALUES ('104', '10');

DROP TABLE IF EXISTS `task_tools`;
CREATE TABLE `task_tools` (
  `task_id` int(11) NOT NULL,
  `tool_id` int(11) NOT NULL,
  PRIMARY KEY (`task_id`,`tool_id`),
  KEY `tool_id` (`tool_id`),
  CONSTRAINT `task_tools_ibfk_1` FOREIGN KEY (`task_id`) REFERENCES `tasks` (`id`) ON DELETE CASCADE,
  CONSTRAINT `task_tools_ibfk_2` FOREIGN KEY (`tool_id`) REFERENCES `tools` (`id`) ON DELETE CASCADE
) ENGINE=InnoDB DEFAULT CHARSET=utf8mb4 COLLATE=utf8mb4_unicode_ci;

INSERT INTO `task_tools` (`task_id`, `tool_id`) VALUES ('9', '6');
INSERT INTO `task_tools` (`task_id`, `tool_id`) VALUES ('11', '7');
INSERT INTO `task_tools` (`task_id`, `tool_id`) VALUES ('12', '8');
INSERT INTO `task_tools` (`task_id`, `tool_id`) VALUES ('13', '9');
INSERT INTO `task_tools` (`task_id`, `tool_id`) VALUES ('14', '9');
INSERT INTO `task_tools` (`task_id`, `tool_id`) VALUES ('18', '4');
INSERT INTO `task_tools` (`task_id`, `tool_id`) VALUES ('21', '2');
INSERT INTO `task_tools` (`task_id`, `tool_id`) VALUES ('22', '2');
INSERT INTO `task_tools` (`task_id`, `tool_id`) VALUES ('23', '1');
INSERT INTO `task_tools` (`task_id`, `tool_id`) VALUES ('24', '3');
INSERT INTO `task_tools` (`task_id`, `tool_id`) VALUES ('25', '3');
INSERT INTO `task_tools` (`task_id`, `tool_id`) VALUES ('26', '5');
INSERT INTO `task_tools` (`task_id`, `tool_id`) VALUES ('60', '2');
INSERT INTO `task_tools` (`task_id`, `tool_id`) VALUES ('74', '9');
INSERT INTO `task_tools` (`task_id`, `tool_id`) VALUES ('78', '9');
INSERT INTO `task_tools` (`task_id`, `tool_id`) VALUES ('96', '6');
INSERT INTO `task_tools` (`task_id`, `tool_id`) VALUES ('100', '6');

DROP TABLE IF EXISTS `task_types`;
CREATE TABLE `task_types` (
  `id` int(11) NOT NULL AUTO_INCREMENT,
  `name` varchar(100) NOT NULL,
  `priority_order` int(11) NOT NULL DEFAULT 0,
  `created_at` timestamp NOT NULL DEFAULT current_timestamp(),
  PRIMARY KEY (`id`),
  UNIQUE KEY `unique_name` (`name`)
) ENGINE=InnoDB AUTO_INCREMENT=2 DEFAULT CHARSET=utf8mb4 COLLATE=utf8mb4_unicode_ci;

INSERT INTO `task_types` (`id`, `name`, `priority_order`, `created_at`) VALUES ('1', 'Cleaning', '1', '2026-04-03 12:51:26');

DROP TABLE IF EXISTS `tasks`;
CREATE TABLE `tasks` (
  `id` int(11) NOT NULL AUTO_INCREMENT,
  `name` varchar(255) NOT NULL,
  `description` text DEFAULT NULL,
  `task_type_id` int(11) NOT NULL,
  `estimated_minutes` int(11) NOT NULL DEFAULT 5,
  `reusable` tinyint(1) NOT NULL DEFAULT 1,
  `created_at` timestamp NOT NULL DEFAULT current_timestamp(),
  `updated_at` timestamp NOT NULL DEFAULT current_timestamp() ON UPDATE current_timestamp(),
  PRIMARY KEY (`id`),
  KEY `task_type_id` (`task_type_id`),
  CONSTRAINT `tasks_ibfk_1` FOREIGN KEY (`task_type_id`) REFERENCES `task_types` (`id`)
) ENGINE=InnoDB AUTO_INCREMENT=107 DEFAULT CHARSET=utf8mb4 COLLATE=utf8mb4_unicode_ci;

INSERT INTO `tasks` (`id`, `name`, `description`, `task_type_id`, `estimated_minutes`, `reusable`, `created_at`, `updated_at`) VALUES ('1', 'Breakdown Sunday', 'Wipe down Tables with 2in1 and put away. Empty Coffee Trash. Roll up Rugs and store above Tables. Put Communion Elements in Refrigerator.', '1', '5', '1', '2026-04-03 12:51:26', '2026-04-03 12:51:26');
INSERT INTO `tasks` (`id`, `name`, `description`, `task_type_id`, `estimated_minutes`, `reusable`, `created_at`, `updated_at`) VALUES ('2', 'Clean Carpets', 'Use Carpet Machine to clean Coffee Stains.', '1', '5', '1', '2026-04-03 12:51:26', '2026-04-03 12:51:26');
INSERT INTO `tasks` (`id`, `name`, `description`, `task_type_id`, `estimated_minutes`, `reusable`, `created_at`, `updated_at`) VALUES ('3', 'Disinfect Changing Table', 'Spray 2in1 on a Paper Towel and wipe down surfaces.', '1', '5', '1', '2026-04-03 12:51:26', '2026-04-03 12:51:26');
INSERT INTO `tasks` (`id`, `name`, `description`, `task_type_id`, `estimated_minutes`, `reusable`, `created_at`, `updated_at`) VALUES ('4', 'Disinfect Water Fountain', 'Spray 2in1 on fountain and wipe off with Paper Towels.', '1', '5', '1', '2026-04-03 12:51:26', '2026-04-03 12:51:26');
INSERT INTO `tasks` (`id`, `name`, `description`, `task_type_id`, `estimated_minutes`, `reusable`, `created_at`, `updated_at`) VALUES ('5', 'Empty Diaper Genie', 'Empty from below.', '1', '5', '1', '2026-04-03 12:51:26', '2026-04-03 12:51:26');
INSERT INTO `tasks` (`id`, `name`, `description`, `task_type_id`, `estimated_minutes`, `reusable`, `created_at`, `updated_at`) VALUES ('6', 'Empty Trash Bathroom', 'Empty trash Including stall bags.', '1', '5', '1', '2026-04-03 12:51:26', '2026-04-03 12:51:26');
INSERT INTO `tasks` (`id`, `name`, `description`, `task_type_id`, `estimated_minutes`, `reusable`, `created_at`, `updated_at`) VALUES ('7', 'Empty Trash Large', 'Empty trash being careful of leaking bags.', '1', '5', '1', '2026-04-03 12:51:26', '2026-04-03 12:51:26');
INSERT INTO `tasks` (`id`, `name`, `description`, `task_type_id`, `estimated_minutes`, `reusable`, `created_at`, `updated_at`) VALUES ('8', 'Empty Trash Small', 'Empty trash being careful of leaking bags.', '1', '5', '1', '2026-04-03 12:51:26', '2026-04-03 12:51:26');
INSERT INTO `tasks` (`id`, `name`, `description`, `task_type_id`, `estimated_minutes`, `reusable`, `created_at`, `updated_at`) VALUES ('9', 'Mop', 'Mix 6oz floor cleaner and 3gal hot water in mop bucket.', '1', '5', '1', '2026-04-03 12:51:26', '2026-04-03 12:51:26');
INSERT INTO `tasks` (`id`, `name`, `description`, `task_type_id`, `estimated_minutes`, `reusable`, `created_at`, `updated_at`) VALUES ('10', 'Pickup Trash', 'Pickup communion cups and other trash on floor and seats, and in seat backs.', '1', '5', '1', '2026-04-03 12:51:26', '2026-04-03 12:51:26');
INSERT INTO `tasks` (`id`, `name`, `description`, `task_type_id`, `estimated_minutes`, `reusable`, `created_at`, `updated_at`) VALUES ('11', 'Scrub Showers', 'If used, spray shower with 2in1, scrub with shower brush, rinse with water.', '1', '5', '1', '2026-04-03 12:51:26', '2026-04-03 12:51:26');
INSERT INTO `tasks` (`id`, `name`, `description`, `task_type_id`, `estimated_minutes`, `reusable`, `created_at`, `updated_at`) VALUES ('12', 'Scrub Sinks', 'Use Barkeepers Friend in bowl, Scrub with sink brush. Finish with 2in1 and Paper Towels.', '1', '5', '1', '2026-04-03 12:51:26', '2026-04-03 12:51:26');
INSERT INTO `tasks` (`id`, `name`, `description`, `task_type_id`, `estimated_minutes`, `reusable`, `created_at`, `updated_at`) VALUES ('13', 'Scrub Toilets', 'Scrub Toilet Bowls with Toilet Bowl Cleaner and Toilet Brush. Spray entire Toilet with 2in1 and wipe with Paper Towels.', '1', '5', '1', '2026-04-03 12:51:26', '2026-04-03 12:51:26');
INSERT INTO `tasks` (`id`, `name`, `description`, `task_type_id`, `estimated_minutes`, `reusable`, `created_at`, `updated_at`) VALUES ('14', 'Scrub Urinals', 'Scrub toilet bowls and urinals with brush and disinfect under seats.', '1', '5', '1', '2026-04-03 12:51:26', '2026-04-03 12:51:26');
INSERT INTO `tasks` (`id`, `name`, `description`, `task_type_id`, `estimated_minutes`, `reusable`, `created_at`, `updated_at`) VALUES ('15', 'Spot Clean Door Glass', 'Clean handprints off glass doors.', '1', '5', '1', '2026-04-03 12:51:26', '2026-04-03 12:51:26');
INSERT INTO `tasks` (`id`, `name`, `description`, `task_type_id`, `estimated_minutes`, `reusable`, `created_at`, `updated_at`) VALUES ('16', 'Spot Clean Glass', 'Clean visibly dirty spots.', '1', '5', '1', '2026-04-03 12:51:26', '2026-04-03 12:51:26');
INSERT INTO `tasks` (`id`, `name`, `description`, `task_type_id`, `estimated_minutes`, `reusable`, `created_at`, `updated_at`) VALUES ('17', 'Spot Clean Mirrors', 'Clean visibly dirty spots.', '1', '5', '1', '2026-04-03 12:51:26', '2026-04-03 12:51:26');
INSERT INTO `tasks` (`id`, `name`, `description`, `task_type_id`, `estimated_minutes`, `reusable`, `created_at`, `updated_at`) VALUES ('18', 'Stock Bathroom Supplies', 'Refill Paper Towels, hand soap, Toilet Paper.', '1', '5', '1', '2026-04-03 12:51:26', '2026-04-03 12:51:26');
INSERT INTO `tasks` (`id`, `name`, `description`, `task_type_id`, `estimated_minutes`, `reusable`, `created_at`, `updated_at`) VALUES ('19', 'Stock Kitchen Supplies', 'Refill Paper Towels and hand soap.', '1', '5', '1', '2026-04-03 12:51:26', '2026-04-03 12:51:26');
INSERT INTO `tasks` (`id`, `name`, `description`, `task_type_id`, `estimated_minutes`, `reusable`, `created_at`, `updated_at`) VALUES ('20', 'Straighten Chairs', 'Arrange chairs in straight rows on floor marks.', '1', '5', '1', '2026-04-03 12:51:26', '2026-04-03 12:51:26');
INSERT INTO `tasks` (`id`, `name`, `description`, `task_type_id`, `estimated_minutes`, `reusable`, `created_at`, `updated_at`) VALUES ('21', 'Sweep', 'Sweep Floors with broom.', '1', '5', '1', '2026-04-03 12:51:26', '2026-04-03 12:51:26');
INSERT INTO `tasks` (`id`, `name`, `description`, `task_type_id`, `estimated_minutes`, `reusable`, `created_at`, `updated_at`) VALUES ('22', 'Sweep Stairs', 'Sweep Stairs with broom.', '1', '5', '1', '2026-04-03 12:51:26', '2026-04-03 12:51:26');
INSERT INTO `tasks` (`id`, `name`, `description`, `task_type_id`, `estimated_minutes`, `reusable`, `created_at`, `updated_at`) VALUES ('23', 'Vacuum Light Traffic', 'Use Backpack Vacuum.', '1', '5', '1', '2026-04-03 12:51:26', '2026-04-03 12:51:26');
INSERT INTO `tasks` (`id`, `name`, `description`, `task_type_id`, `estimated_minutes`, `reusable`, `created_at`, `updated_at`) VALUES ('24', 'Vacuum High Traffic', 'Use corded Vacuum.', '1', '5', '1', '2026-04-03 12:51:26', '2026-04-03 12:51:26');
INSERT INTO `tasks` (`id`, `name`, `description`, `task_type_id`, `estimated_minutes`, `reusable`, `created_at`, `updated_at`) VALUES ('25', 'Vacuum Rugs', 'Use corded Vacuum.', '1', '5', '1', '2026-04-03 12:51:26', '2026-04-03 12:51:26');
INSERT INTO `tasks` (`id`, `name`, `description`, `task_type_id`, `estimated_minutes`, `reusable`, `created_at`, `updated_at`) VALUES ('26', 'Vacuum Stairs', 'Use handheld Vacuum from janitorial closet.', '1', '5', '1', '2026-04-03 12:51:26', '2026-04-03 12:51:26');
INSERT INTO `tasks` (`id`, `name`, `description`, `task_type_id`, `estimated_minutes`, `reusable`, `created_at`, `updated_at`) VALUES ('27', 'Wash Towels', 'Collect Towels from kitchens and janitorial closets in both buildings. Wash in Laundry Room.', '1', '5', '1', '2026-04-03 12:51:26', '2026-04-03 12:51:26');
INSERT INTO `tasks` (`id`, `name`, `description`, `task_type_id`, `estimated_minutes`, `reusable`, `created_at`, `updated_at`) VALUES ('28', 'Wipe down Counters', 'Spray with 2in1, wipe with Paper Towel.', '1', '5', '1', '2026-04-03 12:51:26', '2026-04-03 12:51:26');
INSERT INTO `tasks` (`id`, `name`, `description`, `task_type_id`, `estimated_minutes`, `reusable`, `created_at`, `updated_at`) VALUES ('29', 'Wipe down Sink', 'Spray with 2in1, wipe with Paper Towel.', '1', '5', '1', '2026-04-03 12:51:26', '2026-04-03 12:51:26');
INSERT INTO `tasks` (`id`, `name`, `description`, `task_type_id`, `estimated_minutes`, `reusable`, `created_at`, `updated_at`) VALUES ('30', 'Wipe down Stair Rails', 'Spray 2in1 on a Paper Towel and wipe down surfaces.', '1', '5', '1', '2026-04-03 12:51:26', '2026-04-03 12:51:26');
INSERT INTO `tasks` (`id`, `name`, `description`, `task_type_id`, `estimated_minutes`, `reusable`, `created_at`, `updated_at`) VALUES ('31', 'Wipe down Tables', 'Spray with 2in1, wipe with Paper Towel.', '1', '5', '1', '2026-04-03 12:51:26', '2026-04-03 12:51:26');
INSERT INTO `tasks` (`id`, `name`, `description`, `task_type_id`, `estimated_minutes`, `reusable`, `created_at`, `updated_at`) VALUES ('32', 'Wipe down Toilets', 'Spray Seat, Rim, and Handle with 2in1, wipe with Paper Towel.', '1', '5', '1', '2026-04-03 12:51:26', '2026-04-03 12:51:26');
INSERT INTO `tasks` (`id`, `name`, `description`, `task_type_id`, `estimated_minutes`, `reusable`, `created_at`, `updated_at`) VALUES ('33', 'Wipe down Urinals', 'Spray Rim and Handle with 2in1, wipe with Paper Towel.', '1', '5', '1', '2026-04-03 12:51:26', '2026-04-03 12:51:26');
INSERT INTO `tasks` (`id`, `name`, `description`, `task_type_id`, `estimated_minutes`, `reusable`, `created_at`, `updated_at`) VALUES ('34', 'Stock cart with all required materials', NULL, '1', '1', '1', '2026-04-03 15:05:36', '2026-04-03 15:05:36');
INSERT INTO `tasks` (`id`, `name`, `description`, `task_type_id`, `estimated_minutes`, `reusable`, `created_at`, `updated_at`) VALUES ('35', 'Put on disposable gloves', '[PPE]', '1', '1', '1', '2026-04-03 15:05:36', '2026-04-03 15:05:36');
INSERT INTO `tasks` (`id`, `name`, `description`, `task_type_id`, `estimated_minutes`, `reusable`, `created_at`, `updated_at`) VALUES ('36', 'Put on safety glasses', '[PPE]', '1', '1', '1', '2026-04-03 15:05:36', '2026-04-03 15:05:36');
INSERT INTO `tasks` (`id`, `name`, `description`, `task_type_id`, `estimated_minutes`, `reusable`, `created_at`, `updated_at`) VALUES ('37', 'Open door slightly and announce yourself', NULL, '1', '1', '1', '2026-04-03 15:05:36', '2026-04-03 15:05:36');
INSERT INTO `tasks` (`id`, `name`, `description`, `task_type_id`, `estimated_minutes`, `reusable`, `created_at`, `updated_at`) VALUES ('38', 'If occupied, close door and place \'Restroom Closed\' sign; wait for person to exit', NULL, '1', '1', '1', '2026-04-03 15:05:36', '2026-04-03 15:05:36');
INSERT INTO `tasks` (`id`, `name`, `description`, `task_type_id`, `estimated_minutes`, `reusable`, `created_at`, `updated_at`) VALUES ('39', 'If empty, prop door open with door stopper', NULL, '1', '1', '1', '2026-04-03 15:05:36', '2026-04-03 15:05:36');
INSERT INTO `tasks` (`id`, `name`, `description`, `task_type_id`, `estimated_minutes`, `reusable`, `created_at`, `updated_at`) VALUES ('40', 'Bring cart inside if able', NULL, '1', '1', '1', '2026-04-03 15:05:36', '2026-04-03 15:05:36');
INSERT INTO `tasks` (`id`, `name`, `description`, `task_type_id`, `estimated_minutes`, `reusable`, `created_at`, `updated_at`) VALUES ('41', 'Place \'Restroom Closed\' sign in doorway', NULL, '1', '1', '1', '2026-04-03 15:05:36', '2026-04-03 15:05:36');
INSERT INTO `tasks` (`id`, `name`, `description`, `task_type_id`, `estimated_minutes`, `reusable`, `created_at`, `updated_at`) VALUES ('42', 'Start at door and observe entire room', NULL, '1', '1', '1', '2026-04-03 15:05:36', '2026-04-03 15:05:36');
INSERT INTO `tasks` (`id`, `name`, `description`, `task_type_id`, `estimated_minutes`, `reusable`, `created_at`, `updated_at`) VALUES ('43', 'Check for broken items, spills, or bio-hazards', NULL, '1', '1', '1', '2026-04-03 15:05:36', '2026-04-03 15:05:36');
INSERT INTO `tasks` (`id`, `name`, `description`, `task_type_id`, `estimated_minutes`, `reusable`, `created_at`, `updated_at`) VALUES ('44', 'Address or report any issues before regular cleaning', NULL, '1', '1', '1', '2026-04-03 15:05:36', '2026-04-03 15:05:36');
INSERT INTO `tasks` (`id`, `name`, `description`, `task_type_id`, `estimated_minutes`, `reusable`, `created_at`, `updated_at`) VALUES ('45', 'Lightly spray disinfectant directly on sinks, urinals, and toilets and surrounding areas', NULL, '1', '1', '1', '2026-04-03 15:05:36', '2026-04-03 15:05:36');
INSERT INTO `tasks` (`id`, `name`, `description`, `task_type_id`, `estimated_minutes`, `reusable`, `created_at`, `updated_at`) VALUES ('46', 'Allow disinfectant to sit for full recommended dwell time while you complete the next steps', NULL, '1', '1', '1', '2026-04-03 15:05:36', '2026-04-03 15:05:36');
INSERT INTO `tasks` (`id`, `name`, `description`, `task_type_id`, `estimated_minutes`, `reusable`, `created_at`, `updated_at`) VALUES ('47', 'Check and refill paper towels', NULL, '1', '1', '1', '2026-04-03 15:05:36', '2026-04-03 15:05:36');
INSERT INTO `tasks` (`id`, `name`, `description`, `task_type_id`, `estimated_minutes`, `reusable`, `created_at`, `updated_at`) VALUES ('48', 'Check and refill soap dispensers', NULL, '1', '1', '1', '2026-04-03 15:05:36', '2026-04-03 15:05:36');
INSERT INTO `tasks` (`id`, `name`, `description`, `task_type_id`, `estimated_minutes`, `reusable`, `created_at`, `updated_at`) VALUES ('49', 'Check and refill toilet paper', NULL, '1', '1', '1', '2026-04-03 15:05:36', '2026-04-03 15:05:36');
INSERT INTO `tasks` (`id`, `name`, `description`, `task_type_id`, `estimated_minutes`, `reusable`, `created_at`, `updated_at`) VALUES ('50', 'Check and refill seat covers', NULL, '1', '1', '1', '2026-04-03 15:05:36', '2026-04-03 15:05:36');
INSERT INTO `tasks` (`id`, `name`, `description`, `task_type_id`, `estimated_minutes`, `reusable`, `created_at`, `updated_at`) VALUES ('51', 'Test battery-operated dispensers; replace batteries if needed', NULL, '1', '1', '1', '2026-04-03 15:05:36', '2026-04-03 15:05:36');
INSERT INTO `tasks` (`id`, `name`, `description`, `task_type_id`, `estimated_minutes`, `reusable`, `created_at`, `updated_at`) VALUES ('52', 'Check sanitary boxes — replace liner bags if needed; use a tool to retrieve any items, never reach inside', NULL, '1', '1', '1', '2026-04-03 15:05:36', '2026-04-03 15:05:36');
INSERT INTO `tasks` (`id`, `name`, `description`, `task_type_id`, `estimated_minutes`, `reusable`, `created_at`, `updated_at`) VALUES ('53', 'Check and restock sanitary product dispensers (if applicable)', NULL, '1', '1', '1', '2026-04-03 15:05:36', '2026-04-03 15:05:36');
INSERT INTO `tasks` (`id`, `name`, `description`, `task_type_id`, `estimated_minutes`, `reusable`, `created_at`, `updated_at`) VALUES ('54', 'Step 1 — Use high duster to clean all vent covers', NULL, '1', '1', '1', '2026-04-03 15:05:36', '2026-04-03 15:05:36');
INSERT INTO `tasks` (`id`, `name`, `description`, `task_type_id`, `estimated_minutes`, `reusable`, `created_at`, `updated_at`) VALUES ('55', 'Step 2 — Get a new microfiber cloth; lightly spray with disinfectant; dust all horizontal ledges below 70 inches', NULL, '1', '1', '1', '2026-04-03 15:05:36', '2026-04-03 15:05:36');
INSERT INTO `tasks` (`id`, `name`, `description`, `task_type_id`, `estimated_minutes`, `reusable`, `created_at`, `updated_at`) VALUES ('56', 'Step 2 cont. — Spot clean trash cans, door handles, push/kick plates, and under hand-drying stations', NULL, '1', '1', '1', '2026-04-03 15:05:36', '2026-04-03 15:05:36');
INSERT INTO `tasks` (`id`, `name`, `description`, `task_type_id`, `estimated_minutes`, `reusable`, `created_at`, `updated_at`) VALUES ('57', 'Step 2 cont. — Clean fingerprints and smudges off walls and partitions; place cloth in laundry bag when done', NULL, '1', '1', '1', '2026-04-03 15:05:36', '2026-04-03 15:05:36');
INSERT INTO `tasks` (`id`, `name`, `description`, `task_type_id`, `estimated_minutes`, `reusable`, `created_at`, `updated_at`) VALUES ('58', 'Step 3 — Use extension duster on baseboards throughout room (skip under urinals and toilets)', NULL, '1', '1', '1', '2026-04-03 15:05:36', '2026-04-03 15:05:36');
INSERT INTO `tasks` (`id`, `name`, `description`, `task_type_id`, `estimated_minutes`, `reusable`, `created_at`, `updated_at`) VALUES ('59', 'Step 3 cont. — Dust exposed pipes and pipe covers under sink (if applicable)', NULL, '1', '1', '1', '2026-04-03 15:05:36', '2026-04-03 15:05:36');
INSERT INTO `tasks` (`id`, `name`, `description`, `task_type_id`, `estimated_minutes`, `reusable`, `created_at`, `updated_at`) VALUES ('60', 'Sweep behind door first, then edges, corners, behind toilets, and under trash containers — move debris to center', NULL, '1', '1', '1', '2026-04-03 15:05:36', '2026-04-03 15:05:36');
INSERT INTO `tasks` (`id`, `name`, `description`, `task_type_id`, `estimated_minutes`, `reusable`, `created_at`, `updated_at`) VALUES ('61', 'Pick up debris with dust pan and dispose in cart trash (never the restroom trash can)', NULL, '1', '1', '1', '2026-04-03 15:05:36', '2026-04-03 15:05:36');
INSERT INTO `tasks` (`id`, `name`, `description`, `task_type_id`, `estimated_minutes`, `reusable`, `created_at`, `updated_at`) VALUES ('62', 'Put on yellow janitor gloves over disposable gloves', '[PPE]', '1', '1', '1', '2026-04-03 15:05:36', '2026-04-03 15:05:36');
INSERT INTO `tasks` (`id`, `name`, `description`, `task_type_id`, `estimated_minutes`, `reusable`, `created_at`, `updated_at`) VALUES ('63', 'Remove urinal screens; spray both sides with disinfectant over the urinal; place screens on a paper towel on the floor', NULL, '1', '1', '1', '2026-04-03 15:05:36', '2026-04-03 15:05:36');
INSERT INTO `tasks` (`id`, `name`, `description`, `task_type_id`, `estimated_minutes`, `reusable`, `created_at`, `updated_at`) VALUES ('64', 'Flush urinals twice, then apply toilet bowl cleaner inside each urinal bowl', NULL, '1', '1', '1', '2026-04-03 15:05:36', '2026-04-03 15:05:36');
INSERT INTO `tasks` (`id`, `name`, `description`, `task_type_id`, `estimated_minutes`, `reusable`, `created_at`, `updated_at`) VALUES ('65', 'Flush toilets twice, then apply toilet bowl cleaner inside each toilet bowl', NULL, '1', '1', '1', '2026-04-03 15:05:36', '2026-04-03 15:05:36');
INSERT INTO `tasks` (`id`, `name`, `description`, `task_type_id`, `estimated_minutes`, `reusable`, `created_at`, `updated_at`) VALUES ('66', 'Allow bowl cleaner to sit for full recommended dwell time while you clean the sinks', NULL, '1', '1', '1', '2026-04-03 15:05:36', '2026-04-03 15:05:36');
INSERT INTO `tasks` (`id`, `name`, `description`, `task_type_id`, `estimated_minutes`, `reusable`, `created_at`, `updated_at`) VALUES ('67', 'Wet sponge and sink bowl with cold water', NULL, '1', '1', '1', '2026-04-03 15:05:36', '2026-04-03 15:05:36');
INSERT INTO `tasks` (`id`, `name`, `description`, `task_type_id`, `estimated_minutes`, `reusable`, `created_at`, `updated_at`) VALUES ('68', 'Apply a small amount of Bar Keepers Friend to white scratch pad; scour inside of bowl', NULL, '1', '1', '1', '2026-04-03 15:05:36', '2026-04-03 15:05:36');
INSERT INTO `tasks` (`id`, `name`, `description`, `task_type_id`, `estimated_minutes`, `reusable`, `created_at`, `updated_at`) VALUES ('69', 'Rinse area and sponge; return sponge to container', NULL, '1', '1', '1', '2026-04-03 15:05:36', '2026-04-03 15:05:36');
INSERT INTO `tasks` (`id`, `name`, `description`, `task_type_id`, `estimated_minutes`, `reusable`, `created_at`, `updated_at`) VALUES ('70', 'Wipe out residue with paper towel', NULL, '1', '1', '1', '2026-04-03 15:05:36', '2026-04-03 15:05:36');
INSERT INTO `tasks` (`id`, `name`, `description`, `task_type_id`, `estimated_minutes`, `reusable`, `created_at`, `updated_at`) VALUES ('71', 'Get a new microfiber cloth; spray with disinfectant; polish faucet handles and spout', NULL, '1', '1', '1', '2026-04-03 15:05:36', '2026-04-03 15:05:36');
INSERT INTO `tasks` (`id`, `name`, `description`, `task_type_id`, `estimated_minutes`, `reusable`, `created_at`, `updated_at`) VALUES ('72', 'Wipe counters, back splash, and inside of sink — leave completely dry and shiny; handles uniform', NULL, '1', '1', '1', '2026-04-03 15:05:36', '2026-04-03 15:05:36');
INSERT INTO `tasks` (`id`, `name`, `description`, `task_type_id`, `estimated_minutes`, `reusable`, `created_at`, `updated_at`) VALUES ('73', 'Place cloth in laundry bag', NULL, '1', '1', '1', '2026-04-03 15:05:36', '2026-04-03 15:05:36');
INSERT INTO `tasks` (`id`, `name`, `description`, `task_type_id`, `estimated_minutes`, `reusable`, `created_at`, `updated_at`) VALUES ('74', 'Scrub inside bowl with toilet brush — under rim, back and forth, down drain', NULL, '1', '1', '1', '2026-04-03 15:05:36', '2026-04-03 15:05:36');
INSERT INTO `tasks` (`id`, `name`, `description`, `task_type_id`, `estimated_minutes`, `reusable`, `created_at`, `updated_at`) VALUES ('75', 'Flush and rinse until bowl is clean; replace screens once dry', NULL, '1', '1', '1', '2026-04-03 15:05:36', '2026-04-03 15:05:36');
INSERT INTO `tasks` (`id`, `name`, `description`, `task_type_id`, `estimated_minutes`, `reusable`, `created_at`, `updated_at`) VALUES ('76', 'Get a new microfiber cloth; spray with disinfectant over cart trash receptacle', NULL, '1', '1', '1', '2026-04-03 15:05:36', '2026-04-03 15:05:36');
INSERT INTO `tasks` (`id`, `name`, `description`, `task_type_id`, `estimated_minutes`, `reusable`, `created_at`, `updated_at`) VALUES ('77', 'Wipe flush handles and pipes, then outside of urinal, including back wall', NULL, '1', '1', '1', '2026-04-03 15:05:36', '2026-04-03 15:05:36');
INSERT INTO `tasks` (`id`, `name`, `description`, `task_type_id`, `estimated_minutes`, `reusable`, `created_at`, `updated_at`) VALUES ('78', 'Scrub inside bowl with toilet brush — under rim, all around bowl, down drain hole', NULL, '1', '1', '1', '2026-04-03 15:05:36', '2026-04-03 15:05:36');
INSERT INTO `tasks` (`id`, `name`, `description`, `task_type_id`, `estimated_minutes`, `reusable`, `created_at`, `updated_at`) VALUES ('79', 'Flush to rinse until bowl is clean', NULL, '1', '1', '1', '2026-04-03 15:05:36', '2026-04-03 15:05:36');
INSERT INTO `tasks` (`id`, `name`, `description`, `task_type_id`, `estimated_minutes`, `reusable`, `created_at`, `updated_at`) VALUES ('80', 'Using the same microfiber cloth from urinals, wipe handrails, flush handle and pipes, back wall', NULL, '1', '1', '1', '2026-04-03 15:05:36', '2026-04-03 15:05:36');
INSERT INTO `tasks` (`id`, `name`, `description`, `task_type_id`, `estimated_minutes`, `reusable`, `created_at`, `updated_at`) VALUES ('81', 'Wipe outside of toilet', NULL, '1', '1', '1', '2026-04-03 15:05:36', '2026-04-03 15:05:36');
INSERT INTO `tasks` (`id`, `name`, `description`, `task_type_id`, `estimated_minutes`, `reusable`, `created_at`, `updated_at`) VALUES ('82', 'Leave toilet seat in upright position for inspection', NULL, '1', '1', '1', '2026-04-03 15:05:36', '2026-04-03 15:05:36');
INSERT INTO `tasks` (`id`, `name`, `description`, `task_type_id`, `estimated_minutes`, `reusable`, `created_at`, `updated_at`) VALUES ('83', 'Place cloth in laundry bag', NULL, '1', '1', '1', '2026-04-03 15:05:36', '2026-04-03 15:05:36');
INSERT INTO `tasks` (`id`, `name`, `description`, `task_type_id`, `estimated_minutes`, `reusable`, `created_at`, `updated_at`) VALUES ('84', 'Spray both yellow gloves completely with disinfectant over trash receptacle; rub hands together including between fingers', NULL, '1', '1', '1', '2026-04-03 15:05:36', '2026-04-03 15:05:36');
INSERT INTO `tasks` (`id`, `name`, `description`, `task_type_id`, `estimated_minutes`, `reusable`, `created_at`, `updated_at`) VALUES ('85', 'Remove yellow gloves (careful to keep disposable gloves on); roll cuff of one over the other and store on cart', NULL, '1', '1', '1', '2026-04-03 15:05:36', '2026-04-03 15:05:36');
INSERT INTO `tasks` (`id`, `name`, `description`, `task_type_id`, `estimated_minutes`, `reusable`, `created_at`, `updated_at`) VALUES ('86', 'Inspect gloves for tears or holes — replace if damaged', '[PPE]', '1', '1', '1', '2026-04-03 15:05:36', '2026-04-03 15:05:36');
INSERT INTO `tasks` (`id`, `name`, `description`, `task_type_id`, `estimated_minutes`, `reusable`, `created_at`, `updated_at`) VALUES ('87', 'Lightly spray glass cleaner directly on the mirror', NULL, '1', '1', '1', '2026-04-03 15:05:36', '2026-04-03 15:05:36');
INSERT INTO `tasks` (`id`, `name`, `description`, `task_type_id`, `estimated_minutes`, `reusable`, `created_at`, `updated_at`) VALUES ('88', 'Wipe around the edge of the mirror with a paper towel starting at the top and going all the way around', NULL, '1', '1', '1', '2026-04-03 15:05:36', '2026-04-03 15:05:36');
INSERT INTO `tasks` (`id`, `name`, `description`, `task_type_id`, `estimated_minutes`, `reusable`, `created_at`, `updated_at`) VALUES ('89', 'Wipe side-to-side overlapping strokes to the bottom', NULL, '1', '1', '1', '2026-04-03 15:05:36', '2026-04-03 15:05:36');
INSERT INTO `tasks` (`id`, `name`, `description`, `task_type_id`, `estimated_minutes`, `reusable`, `created_at`, `updated_at`) VALUES ('90', 'Check mirror from multiple angles — no spots or smudges', NULL, '1', '1', '1', '2026-04-03 15:05:36', '2026-04-03 15:05:36');
INSERT INTO `tasks` (`id`, `name`, `description`, `task_type_id`, `estimated_minutes`, `reusable`, `created_at`, `updated_at`) VALUES ('91', 'Tie trash liner, lift out, place in cart receptacle', NULL, '1', '1', '1', '2026-04-03 15:05:36', '2026-04-03 15:05:36');
INSERT INTO `tasks` (`id`, `name`, `description`, `task_type_id`, `estimated_minutes`, `reusable`, `created_at`, `updated_at`) VALUES ('92', 'Install fresh liner — snug around rim, bottom resting flat', NULL, '1', '1', '1', '2026-04-03 15:05:36', '2026-04-03 15:05:36');
INSERT INTO `tasks` (`id`, `name`, `description`, `task_type_id`, `estimated_minutes`, `reusable`, `created_at`, `updated_at`) VALUES ('93', 'Return trash can to exact original location', NULL, '1', '1', '1', '2026-04-03 15:05:36', '2026-04-03 15:05:36');
INSERT INTO `tasks` (`id`, `name`, `description`, `task_type_id`, `estimated_minutes`, `reusable`, `created_at`, `updated_at`) VALUES ('94', 'Walk room in a circle from entry door — check mirrors, sinks, floors, stall doors', NULL, '1', '1', '1', '2026-04-03 15:05:36', '2026-04-03 15:05:36');
INSERT INTO `tasks` (`id`, `name`, `description`, `task_type_id`, `estimated_minutes`, `reusable`, `created_at`, `updated_at`) VALUES ('95', 'Inspect with eyes AND nose — area must smell clean as well as look clean', NULL, '1', '1', '1', '2026-04-03 15:05:36', '2026-04-03 15:05:36');
INSERT INTO `tasks` (`id`, `name`, `description`, `task_type_id`, `estimated_minutes`, `reusable`, `created_at`, `updated_at`) VALUES ('96', 'Use approved mop system with green mop head (restrooms only)', NULL, '1', '1', '1', '2026-04-03 15:05:36', '2026-04-03 15:05:36');
INSERT INTO `tasks` (`id`, `name`, `description`, `task_type_id`, `estimated_minutes`, `reusable`, `created_at`, `updated_at`) VALUES ('97', 'Begin at entry door — mop behind door first, then edges', NULL, '1', '1', '1', '2026-04-03 15:05:36', '2026-04-03 15:05:36');
INSERT INTO `tasks` (`id`, `name`, `description`, `task_type_id`, `estimated_minutes`, `reusable`, `created_at`, `updated_at`) VALUES ('98', 'Mop entire floor in figure-eight pattern from back of room toward entry door, walking backwards', NULL, '1', '1', '1', '2026-04-03 15:05:36', '2026-04-03 15:05:36');
INSERT INTO `tasks` (`id`, `name`, `description`, `task_type_id`, `estimated_minutes`, `reusable`, `created_at`, `updated_at`) VALUES ('99', 'Keep mop in front at all times — do not walk on wet areas', NULL, '1', '1', '1', '2026-04-03 15:05:36', '2026-04-03 15:05:36');
INSERT INTO `tasks` (`id`, `name`, `description`, `task_type_id`, `estimated_minutes`, `reusable`, `created_at`, `updated_at`) VALUES ('100', 'Remove mop head and place in laundry bag', NULL, '1', '1', '1', '2026-04-03 15:05:36', '2026-04-03 15:05:36');
INSERT INTO `tasks` (`id`, `name`, `description`, `task_type_id`, `estimated_minutes`, `reusable`, `created_at`, `updated_at`) VALUES ('101', 'Place caution wet floor sign in center of doorway after exiting', NULL, '1', '1', '1', '2026-04-03 15:05:36', '2026-04-03 15:05:36');
INSERT INTO `tasks` (`id`, `name`, `description`, `task_type_id`, `estimated_minutes`, `reusable`, `created_at`, `updated_at`) VALUES ('102', 'Remove disposable gloves (turn inside out as you remove; toss in cart trash)', NULL, '1', '1', '1', '2026-04-03 15:05:36', '2026-04-03 15:05:36');
INSERT INTO `tasks` (`id`, `name`, `description`, `task_type_id`, `estimated_minutes`, `reusable`, `created_at`, `updated_at`) VALUES ('103', 'Remove safety glasses', NULL, '1', '1', '1', '2026-04-03 15:05:36', '2026-04-03 15:05:36');
INSERT INTO `tasks` (`id`, `name`, `description`, `task_type_id`, `estimated_minutes`, `reusable`, `created_at`, `updated_at`) VALUES ('104', 'Wash hands thoroughly with soap and warm water for 20+ seconds (not in the restroom just cleaned)', NULL, '1', '1', '1', '2026-04-03 15:05:36', '2026-04-03 15:05:36');
INSERT INTO `tasks` (`id`, `name`, `description`, `task_type_id`, `estimated_minutes`, `reusable`, `created_at`, `updated_at`) VALUES ('105', 'Move to next task; return when floor is fully dry', NULL, '1', '1', '1', '2026-04-03 15:05:36', '2026-04-03 15:05:36');
INSERT INTO `tasks` (`id`, `name`, `description`, `task_type_id`, `estimated_minutes`, `reusable`, `created_at`, `updated_at`) VALUES ('106', 'Remove wet floor sign and reopen restroom when floors are dry', NULL, '1', '1', '1', '2026-04-03 15:05:36', '2026-04-03 15:05:36');

DROP TABLE IF EXISTS `tools`;
CREATE TABLE `tools` (
  `id` int(11) NOT NULL AUTO_INCREMENT,
  `name` varchar(255) NOT NULL,
  `created_at` timestamp NOT NULL DEFAULT current_timestamp(),
  `quantity` int(11) NOT NULL DEFAULT 1,
  PRIMARY KEY (`id`),
  UNIQUE KEY `unique_name` (`name`)
) ENGINE=InnoDB AUTO_INCREMENT=10 DEFAULT CHARSET=utf8mb4 COLLATE=utf8mb4_unicode_ci;

INSERT INTO `tools` (`id`, `name`, `created_at`, `quantity`) VALUES ('1', 'Backpack Vacuum', '2026-04-03 12:51:26', '1');
INSERT INTO `tools` (`id`, `name`, `created_at`, `quantity`) VALUES ('2', 'Broom', '2026-04-03 12:51:26', '1');
INSERT INTO `tools` (`id`, `name`, `created_at`, `quantity`) VALUES ('3', 'Corded Vacuum', '2026-04-03 12:51:26', '1');
INSERT INTO `tools` (`id`, `name`, `created_at`, `quantity`) VALUES ('4', 'Hand Towel Refill', '2026-04-03 12:51:26', '1');
INSERT INTO `tools` (`id`, `name`, `created_at`, `quantity`) VALUES ('5', 'Handheld Vacuum', '2026-04-03 12:51:26', '1');
INSERT INTO `tools` (`id`, `name`, `created_at`, `quantity`) VALUES ('6', 'Mop', '2026-04-03 12:51:26', '1');
INSERT INTO `tools` (`id`, `name`, `created_at`, `quantity`) VALUES ('7', 'Shower Brush', '2026-04-03 12:51:26', '1');
INSERT INTO `tools` (`id`, `name`, `created_at`, `quantity`) VALUES ('8', 'Sink Brush', '2026-04-03 12:51:26', '1');
INSERT INTO `tools` (`id`, `name`, `created_at`, `quantity`) VALUES ('9', 'Toilet Brush', '2026-04-03 12:51:26', '1');

DROP TABLE IF EXISTS `users`;
CREATE TABLE `users` (
  `id` int(11) NOT NULL AUTO_INCREMENT,
  `name` varchar(100) NOT NULL,
  `title` varchar(100) DEFAULT NULL,
  `email` varchar(150) NOT NULL,
  `password` varchar(255) NOT NULL,
  `role` enum('admin','scheduler','custodial','staff') NOT NULL DEFAULT 'staff',
  `is_active` tinyint(1) NOT NULL DEFAULT 1,
  `created_at` timestamp NOT NULL DEFAULT current_timestamp(),
  `updated_at` timestamp NOT NULL DEFAULT current_timestamp() ON UPDATE current_timestamp(),
  PRIMARY KEY (`id`),
  UNIQUE KEY `email` (`email`)
) ENGINE=InnoDB AUTO_INCREMENT=31 DEFAULT CHARSET=utf8mb4 COLLATE=utf8mb4_unicode_ci;

INSERT INTO `users` (`id`, `name`, `title`, `email`, `password`, `role`, `is_active`, `created_at`, `updated_at`) VALUES ('16', 'Kevin Gunn', 'Facilities Manager', 'k.gunn@northsummit.com', '$2y$10$B6XIhJx.GNAmS2GXdNXlCu4mWt8my7/lKNU46sFWwi3X5ZQPCS5hO', 'admin', '1', '2026-03-25 21:03:26', '2026-03-25 21:03:26');
INSERT INTO `users` (`id`, `name`, `title`, `email`, `password`, `role`, `is_active`, `created_at`, `updated_at`) VALUES ('17', 'Enas Blanchard', 'Office Manager', 'e.blanchard@northsummit.com', '$2y$10$B6XIhJx.GNAmS2GXdNXlCu4mWt8my7/lKNU46sFWwi3X5ZQPCS5hO', 'scheduler', '1', '2026-03-25 21:03:26', '2026-03-25 21:53:55');
INSERT INTO `users` (`id`, `name`, `title`, `email`, `password`, `role`, `is_active`, `created_at`, `updated_at`) VALUES ('18', 'Ryan Rough', 'Custodian', 'r.rough@northsummit.com', '$2y$10$B6XIhJx.GNAmS2GXdNXlCu4mWt8my7/lKNU46sFWwi3X5ZQPCS5hO', 'custodial', '1', '2026-03-25 21:03:26', '2026-03-25 21:03:26');
INSERT INTO `users` (`id`, `name`, `title`, `email`, `password`, `role`, `is_active`, `created_at`, `updated_at`) VALUES ('19', 'Josh Wallis', 'Custodian', 'j.wallis@northsummit.com', '$2y$10$B6XIhJx.GNAmS2GXdNXlCu4mWt8my7/lKNU46sFWwi3X5ZQPCS5hO', 'custodial', '1', '2026-03-25 21:03:26', '2026-03-25 21:03:26');
INSERT INTO `users` (`id`, `name`, `title`, `email`, `password`, `role`, `is_active`, `created_at`, `updated_at`) VALUES ('20', 'Kyle Bostock', 'Lead Pastor', 'k.bostock@northsummit.com', '$2y$10$B6XIhJx.GNAmS2GXdNXlCu4mWt8my7/lKNU46sFWwi3X5ZQPCS5hO', 'staff', '1', '2026-03-25 21:03:26', '2026-03-25 21:03:26');
INSERT INTO `users` (`id`, `name`, `title`, `email`, `password`, `role`, `is_active`, `created_at`, `updated_at`) VALUES ('21', 'Eris Pappas', 'Executive Pastor', 'e.pappas@northsummit.com', '$2y$10$B6XIhJx.GNAmS2GXdNXlCu4mWt8my7/lKNU46sFWwi3X5ZQPCS5hO', 'staff', '1', '2026-03-25 21:03:26', '2026-03-25 21:03:26');
INSERT INTO `users` (`id`, `name`, `title`, `email`, `password`, `role`, `is_active`, `created_at`, `updated_at`) VALUES ('22', 'Mark Hammer', 'Executive Pastor', 'm.hammer@northsummit.com', '$2y$10$B6XIhJx.GNAmS2GXdNXlCu4mWt8my7/lKNU46sFWwi3X5ZQPCS5hO', 'staff', '1', '2026-03-25 21:03:26', '2026-03-25 21:03:26');
INSERT INTO `users` (`id`, `name`, `title`, `email`, `password`, `role`, `is_active`, `created_at`, `updated_at`) VALUES ('23', 'Chad Morrison', 'Associate Pastor — Youth', 'c.morrison@northsummit.com', '$2y$10$B6XIhJx.GNAmS2GXdNXlCu4mWt8my7/lKNU46sFWwi3X5ZQPCS5hO', 'staff', '1', '2026-03-25 21:03:26', '2026-03-25 21:03:26');
INSERT INTO `users` (`id`, `name`, `title`, `email`, `password`, `role`, `is_active`, `created_at`, `updated_at`) VALUES ('24', 'Nate Lacy', 'Associate Pastor — Family', 'n.lacy@northsummit.com', '$2y$10$B6XIhJx.GNAmS2GXdNXlCu4mWt8my7/lKNU46sFWwi3X5ZQPCS5hO', 'staff', '1', '2026-03-25 21:03:26', '2026-03-25 21:03:26');
INSERT INTO `users` (`id`, `name`, `title`, `email`, `password`, `role`, `is_active`, `created_at`, `updated_at`) VALUES ('25', 'Eric Thompson', 'Associate Pastor — Connection', 'e.thompson@northsummit.com', '$2y$10$B6XIhJx.GNAmS2GXdNXlCu4mWt8my7/lKNU46sFWwi3X5ZQPCS5hO', 'staff', '1', '2026-03-25 21:03:26', '2026-03-25 21:03:26');
INSERT INTO `users` (`id`, `name`, `title`, `email`, `password`, `role`, `is_active`, `created_at`, `updated_at`) VALUES ('26', 'Will Shupp', 'Associate Pastor', 'w.shupp@northsummit.com', '$2y$10$B6XIhJx.GNAmS2GXdNXlCu4mWt8my7/lKNU46sFWwi3X5ZQPCS5hO', 'staff', '1', '2026-03-25 21:03:26', '2026-03-25 21:03:26');
INSERT INTO `users` (`id`, `name`, `title`, `email`, `password`, `role`, `is_active`, `created_at`, `updated_at`) VALUES ('27', 'Holly Curto', 'Receptionist', 'h.curto@northsummit.com', '$2y$10$B6XIhJx.GNAmS2GXdNXlCu4mWt8my7/lKNU46sFWwi3X5ZQPCS5hO', 'staff', '1', '2026-03-25 21:03:26', '2026-03-25 21:03:26');
INSERT INTO `users` (`id`, `name`, `title`, `email`, `password`, `role`, `is_active`, `created_at`, `updated_at`) VALUES ('28', 'Kathy Hellman', 'Bookkeeper', 'k.hellman@northsummit.com', '$2y$10$B6XIhJx.GNAmS2GXdNXlCu4mWt8my7/lKNU46sFWwi3X5ZQPCS5hO', 'staff', '1', '2026-03-25 21:03:26', '2026-03-25 21:03:26');
INSERT INTO `users` (`id`, `name`, `title`, `email`, `password`, `role`, `is_active`, `created_at`, `updated_at`) VALUES ('29', 'Kristine Oliver', 'Worship Director', 'k.oliver@northsummit.com', '$2y$10$B6XIhJx.GNAmS2GXdNXlCu4mWt8my7/lKNU46sFWwi3X5ZQPCS5hO', 'staff', '1', '2026-03-25 21:03:26', '2026-03-25 21:03:26');
INSERT INTO `users` (`id`, `name`, `title`, `email`, `password`, `role`, `is_active`, `created_at`, `updated_at`) VALUES ('30', 'Josh Wallis', 'Janitor', 'joshwallis2@gmail.com', '$2y$10$UwayChlTul8hJmlXKU.dq.vTYxmph9699wxYtB0zYnYkB0MelsxXK', 'staff', '1', '2026-04-01 19:07:23', '2026-04-01 19:07:23');

SET FOREIGN_KEY_CHECKS = 1;
